2025.07.28 15:15:39 INFO  Started: Metals version 1.6.0 in folders '/home/bs01463/Desktop/java/play-3' for client Visual Studio Code 1.102.2.[0m
2025.07.28 15:15:48 INFO  running '/usr/bin/sbt -Dbloop.export-jar-classifiers=sources bloopInstall'[0m
2025.07.28 15:15:49 WARN  no build target for: /home/bs01463/Desktop/java/play-3/project/metals.sbt[0m
2025.07.28 15:15:48 WARN  no build target for: /home/bs01463/Desktop/java/play-3/project/project/metals.sbt[0m
2025.07.28 15:15:49 INFO  no build target found for /home/bs01463/Desktop/java/play-3/project/project/metals.sbt. Using presentation compiler with project's scala-library version: 3.3.6[0m
2025.07.28 15:15:50 INFO  [info] welcome to sbt 1.9.8 (Ubuntu Java 17.0.15)[0m
2025.07.28 15:15:53 INFO  [info] loading settings for project play-3-build-build-build from metals.sbt ...[0m
2025.07.28 15:15:53 INFO  [info] loading project definition from /home/bs01463/Desktop/java/play-3/project/project/project[0m
2025.07.28 15:16:02 INFO  [info] loading settings for project play-3-build-build from metals.sbt ...[0m
2025.07.28 15:16:02 INFO  [info] loading project definition from /home/bs01463/Desktop/java/play-3/project/project[0m
2025.07.28 15:16:06 WARN  no build target for: /home/bs01463/Desktop/java/play-3/app/controllers/CategoryController.java[0m
2025.07.28 15:16:06 INFO  no build target found for /home/bs01463/Desktop/java/play-3/app/controllers/CategoryController.java. Using fallback presentation compiler.[0m
2025.07.28 15:16:24 INFO  no build target found for /home/bs01463/Desktop/java/play-3/app/controllers/CategoryController.java. Using fallback presentation compiler.[0m
2025.07.28 15:16:24 INFO  no build target found for /home/bs01463/Desktop/java/play-3/app/controllers/CategoryController.java. Using fallback presentation compiler.[0m
Jul 28, 2025 3:16:24 PM org.eclipse.lsp4j.jsonrpc.RemoteEndpoint handleCancellation
WARNING: Unmatched cancel notification for request id 1
Jul 28, 2025 3:16:24 PM org.eclipse.lsp4j.jsonrpc.RemoteEndpoint handleCancellation
WARNING: Unmatched cancel notification for request id 6
2025.07.28 15:16:24 INFO  no build target found for /home/bs01463/Desktop/java/play-3/app/controllers/CategoryController.java. Using fallback presentation compiler.[0m
Jul 28, 2025 3:16:24 PM org.eclipse.lsp4j.jsonrpc.RemoteEndpoint handleCancellation
WARNING: Unmatched cancel notification for request id 3
2025.07.28 15:16:24 INFO  no build target found for /home/bs01463/Desktop/java/play-3/app/controllers/CategoryController.java. Using fallback presentation compiler.[0m
2025.07.28 15:16:24 INFO  no build target found for /home/bs01463/Desktop/java/play-3/app/controllers/CategoryController.java. Using fallback presentation compiler.[0m
2025.07.28 15:16:25 INFO  no build target found for /home/bs01463/Desktop/java/play-3/project/metals.sbt. Using presentation compiler with project's scala-library version: 3.3.6[0m
2025.07.28 15:16:27 INFO  [success] Generated .bloop/play-3-build-build.json[0m
2025.07.28 15:16:27 INFO  [success] Total time: 24 s, completed Jul 28, 2025, 3:16:27 PM[0m
2025.07.28 15:16:28 INFO  [info] loading settings for project play-3-build from metals.sbt,plugins.sbt ...[0m
2025.07.28 15:16:28 INFO  [info] loading project definition from /home/bs01463/Desktop/java/play-3/project[0m
2025.07.28 15:16:39 INFO  [success] Generated .bloop/play-3-build.json[0m
2025.07.28 15:16:39 INFO  [success] Total time: 11 s, completed Jul 28, 2025, 3:16:39 PM[0m
2025.07.28 15:16:42 INFO  [info] loading settings for project root from build.sbt ...[0m
2025.07.28 15:16:42 INFO  [info]   __              __[0m
2025.07.28 15:16:42 INFO  [info]   \ \     ____   / /____ _ __  __[0m
2025.07.28 15:16:42 INFO  [info]    \ \   / __ \ / // __ `// / / /[0m
2025.07.28 15:16:42 INFO  [info]    / /  / /_/ // // /_/ // /_/ /[0m
2025.07.28 15:16:42 INFO  [info]   /_/  / .___//_/ \__,_/ \__, /[0m
2025.07.28 15:16:42 INFO  [info]       /_/               /____/[0m
2025.07.28 15:16:42 INFO  [info] [0m
2025.07.28 15:16:42 INFO  [info] Version 3.0.2 running Java 17.0.15[0m
2025.07.28 15:16:42 INFO  [info] [0m
2025.07.28 15:16:42 INFO  [info] Play is run entirely by the community. Please consider contributing and/or donating:[0m
2025.07.28 15:16:42 INFO  [info] https://www.playframework.com/sponsors[0m
2025.07.28 15:16:42 INFO  [info] [0m
2025.07.28 15:16:50 INFO  [success] Generated .bloop/root.json[0m
2025.07.28 15:16:50 INFO  [success] Generated .bloop/root-test.json[0m
2025.07.28 15:16:50 INFO  [success] Total time: 8 s, completed Jul 28, 2025, 3:16:50 PM[0m
2025.07.28 15:16:51 INFO  time: ran 'sbt bloopInstall' in 1m2s[0m
2025.07.28 15:16:51 INFO  Attempting to connect to the build server...[0m
2025.07.28 15:16:51 INFO  No running Bloop server found, starting one.[0m
2025.07.28 15:17:31 INFO  Starting compilation server[0m
2025.07.28 15:17:33 INFO  tracing is disabled for protocol BSP, to enable tracing of incoming and outgoing JSON messages create an empty file at /home/bs01463/Desktop/java/play-3/.metals/bsp.trace.json or /home/bs01463/.cache/metals/bsp.trace.json[0m
2025.07.28 15:17:51 INFO  Attempting to connect to the build server...[0m
2025.07.28 15:17:51 INFO  Found a Bloop server running[0m
2025.07.28 15:17:51 INFO  Attempting to connect to the build server...[0m
2025.07.28 15:17:51 INFO  Found a Bloop server running[0m
2025.07.28 15:17:51 INFO  tracing is disabled for protocol BSP, to enable tracing of incoming and outgoing JSON messages create an empty file at /home/bs01463/Desktop/java/play-3/project/project/.metals/bsp.trace.json or /home/bs01463/.cache/metals/bsp.trace.json[0m
2025.07.28 15:17:51 INFO  tracing is disabled for protocol BSP, to enable tracing of incoming and outgoing JSON messages create an empty file at /home/bs01463/Desktop/java/play-3/project/.metals/bsp.trace.json or /home/bs01463/.cache/metals/bsp.trace.json[0m
2025.07.28 15:18:06 INFO  time: Connected to build server in 1m15s[0m
2025.07.28 15:18:06 INFO  Connected to Build server: Bloop v2.0.10[0m
2025.07.28 15:18:06 INFO  time: Imported build in 0.22s[0m
2025.07.28 15:18:27 WARN  Could not find java sources in /usr/lib/jvm/src.zip, /usr/lib/jvm/lib/src.zip, /usr/lib/jvm/java-17-openjdk-amd64/src.zip, /usr/lib/jvm/java-17-openjdk-amd64/lib/src.zip. Java symbols will not be available.[0m
2025.07.28 15:18:39 INFO  time: indexed workspace in 33s[0m
2025.07.28 15:18:40 INFO  compiling root (11 scala sources and 7 java sources)[0m
2025.07.28 15:18:46 INFO  compiling root-test (2 java sources)[0m
2025.07.28 15:18:46 INFO  time: compiled root in 6.35s[0m
2025.07.28 15:18:46 WARN  javac exited with exit code 1[0m
2025.07.28 15:18:46 INFO  time: compiled root-test in 0.95s[0m
2025.07.28 15:18:47 INFO  compiling root (1 scala source)[0m
2025.07.28 15:18:47 INFO  time: compiled root in 0.43s[0m
2025.07.28 15:19:05 INFO  compiling root (2 scala sources)[0m
2025.07.28 15:19:05 INFO  time: compiled root in 0.51s[0m
2025.07.28 15:19:25 INFO  compiling root (3 scala sources)[0m
2025.07.28 15:19:25 INFO  time: compiled root in 0.41s[0m
2025.07.28 15:22:23 INFO  compiling root (3 scala sources)[0m
2025.07.28 15:22:23 INFO  time: compiled root in 0.46s[0m
2025.07.28 15:29:58 INFO  compiling root (3 scala sources)[0m
2025.07.28 15:29:58 INFO  time: compiled root in 0.46s[0m
2025.07.28 15:30:23 WARN  Could not find 'ProductRepository' using presentation compiler nor semanticdb. Trying to guess the definition using available information from local class context. [0m
2025.07.28 15:30:23 INFO  Created report: Optional[file:///home/bs01463/Desktop/java/play-3/app/controllers/ProductController.scala][0m
2025.07.28 15:30:23 INFO  empty definition using pc, found symbol in pc:  (full report at: "/home/bs01463/Desktop/java/play-3/.metals/.reports/metals-full/2025-07-28/r_empty-definition_(root)_15-30-23-160.md")[0m
2025.07.28 15:30:25 WARN  Could not find 'ProductRepository' using presentation compiler nor semanticdb. Trying to guess the definition using available information from local class context. [0m
2025.07.28 15:30:25 INFO  empty definition using pc, found symbol in pc:  (full report at: "/home/bs01463/Desktop/java/play-3/.metals/.reports/metals-full/2025-07-28/r_empty-definition_(root)_15-30-23-160.md")[0m
2025.07.28 15:30:57 INFO  compiling root (3 scala sources)[0m
2025.07.28 15:30:57 INFO  time: compiled root in 0.38s[0m
2025.07.28 15:31:09 INFO  compiling root (3 scala sources)[0m
2025.07.28 15:31:09 INFO  time: compiled root in 0.17s[0m
2025.07.28 15:31:14 INFO  compiling root (3 scala sources)[0m
2025.07.28 15:31:14 INFO  time: compiled root in 0.16s[0m
2025.07.28 15:31:14 INFO  Created report: Optional[file:///home/bs01463/Desktop/java/play-3/app/controllers/ProductController.scala][0m
2025.07.28 15:31:14 INFO  empty definition using pc, found symbol in pc:  (full report at: "/home/bs01463/Desktop/java/play-3/.metals/.reports/metals-full/2025-07-28/r_empty-definition_(root)_15-31-14-915.md")[0m
2025.07.28 15:31:25 INFO  compiling root (3 scala sources)[0m
2025.07.28 15:31:25 INFO  time: compiled root in 0.29s[0m
2025.07.28 15:31:32 INFO  compiling root (3 scala sources)[0m
2025.07.28 15:31:32 INFO  time: compiled root in 0.17s[0m
2025.07.28 15:31:46 INFO  compiling root (3 scala sources)[0m
2025.07.28 15:31:46 INFO  time: compiled root in 0.15s[0m
2025.07.28 15:33:53 INFO  Created report: Optional[file:///home/bs01463/Desktop/java/play-3/app/controllers/ProductController.scala][0m
2025.07.28 15:33:53 INFO  empty definition using pc, found symbol in pc:  (full report at: "/home/bs01463/Desktop/java/play-3/.metals/.reports/metals-full/2025-07-28/r_empty-definition_(root)_15-33-53-422.md")[0m
Exception in thread "pool-7-thread-1" java.lang.InterruptedException
	at scala.meta.internal.metals.FutureCancelToken.checkCanceled(FutureCancelToken.scala:29)
	at scala.meta.internal.pc.CompilerAccess.$anonfun$onCompilerJobQueue$1(CompilerAccess.scala:207)
	at scala.meta.internal.pc.CompilerJobQueue$Job.run(CompilerJobQueue.scala:152)
	at java.base/java.util.concurrent.ThreadPoolExecutor.runWorker(ThreadPoolExecutor.java:1136)
	at java.base/java.util.concurrent.ThreadPoolExecutor$Worker.run(ThreadPoolExecutor.java:635)
	at java.base/java.lang.Thread.run(Thread.java:840)
Jul 28, 2025 3:33:55 PM org.eclipse.lsp4j.jsonrpc.RemoteEndpoint handleCancellation
WARNING: Unmatched cancel notification for request id 502
2025.07.28 15:36:05 INFO  compiling root (7 scala sources and 7 java sources)[0m
2025.07.28 15:36:05 INFO  time: compiled root in 0.24s[0m
2025.07.28 15:36:05 INFO  compiling root (7 scala sources and 1 java source)[0m
2025.07.28 15:36:05 INFO  time: compiled root in 0.1s[0m
2025.07.28 15:36:05 INFO  compiling root (8 scala sources and 1 java source)[0m
2025.07.28 15:36:05 INFO  time: compiled root in 95ms[0m
2025.07.28 15:37:51 INFO  compiling root (8 scala sources and 1 java source)[0m
Jul 28, 2025 3:37:51 PM org.eclipse.lsp4j.jsonrpc.RemoteEndpoint handleCancellation
WARNING: Unmatched cancel notification for request id 611
2025.07.28 15:37:52 INFO  time: compiled root in 1.32s[0m
2025.07.28 15:37:55 INFO  compiling root (8 scala sources and 1 java source)[0m
2025.07.28 15:37:56 INFO  time: compiled root in 1.03s[0m
2025.07.28 15:38:20 INFO  compiling root (8 scala sources and 1 java source)[0m
2025.07.28 15:38:20 INFO  time: compiled root in 0.98s[0m
2025.07.28 15:38:47 INFO  compiling root (8 scala sources and 1 java source)[0m
2025.07.28 15:38:47 INFO  time: compiled root in 0.9s[0m
2025.07.28 15:39:11 INFO  compiling root (8 scala sources and 1 java source)[0m
2025.07.28 15:39:11 INFO  time: compiled root in 0.91s[0m
2025.07.28 15:39:37 INFO  compiling root (3 scala sources and 6 java sources)[0m
2025.07.28 15:39:37 INFO  time: compiled root in 0.24s[0m
2025.07.28 15:39:37 INFO  compiling root (7 scala sources and 7 java sources)[0m
2025.07.28 15:39:37 INFO  time: compiled root in 0.39s[0m
2025.07.28 15:39:37 INFO  compiling root (8 scala sources and 1 java source)[0m
2025.07.28 15:39:38 INFO  time: compiled root in 0.37s[0m
2025.07.28 15:40:17 INFO  compiling root (8 scala sources and 1 java source)[0m
2025.07.28 15:40:17 INFO  time: compiled root in 0.9s[0m
2025.07.28 15:40:34 INFO  compiling root (3 scala sources and 6 java sources)[0m
2025.07.28 15:40:34 INFO  time: compiled root in 0.2s[0m
2025.07.28 15:40:34 INFO  compiling root (7 scala sources and 7 java sources)[0m
2025.07.28 15:40:34 INFO  time: compiled root in 0.42s[0m
2025.07.28 15:40:34 INFO  compiling root (8 scala sources and 1 java source)[0m
2025.07.28 15:40:35 INFO  time: compiled root in 0.39s[0m
2025.07.28 15:41:44 INFO  compiling root (8 scala sources and 1 java source)[0m
2025.07.28 15:41:44 INFO  time: compiled root in 0.9s[0m
2025.07.28 15:43:08 INFO  compiling root (8 scala sources and 1 java source)[0m
2025.07.28 15:43:08 INFO  time: compiled root in 0.85s[0m
2025.07.28 15:43:25 INFO  compiling root (8 scala sources and 1 java source)[0m
2025.07.28 15:43:25 INFO  time: compiled root in 0.77s[0m
2025.07.28 15:49:18 INFO  time: code lens generation in 4.9s[0m
2025.07.28 15:49:18 INFO  time: code lens generation in 2.83s[0m
2025.07.28 15:51:22 INFO  Created report: Optional[file:///home/bs01463/Desktop/java/play-3/build.sbt][0m
2025.07.28 15:51:22 INFO  empty definition using pc, found symbol in pc:  (full report at: "/home/bs01463/Desktop/java/play-3/.metals/.reports/metals-full/2025-07-28/r_empty-definition_(play-3-build)_15-51-22-570.md")[0m
2025.07.28 15:51:22 INFO  empty definition using pc, found symbol in pc:  (full report at: "/home/bs01463/Desktop/java/play-3/.metals/.reports/metals-full/2025-07-28/r_empty-definition_(play-3-build)_15-51-22-570.md")[0m
2025.07.28 15:51:22 INFO  empty definition using pc, found symbol in pc:  (full report at: "/home/bs01463/Desktop/java/play-3/.metals/.reports/metals-full/2025-07-28/r_empty-definition_(play-3-build)_15-51-22-570.md")[0m
2025.07.28 15:54:06 INFO  compiling root (8 scala sources and 1 java source)[0m
2025.07.28 15:54:07 INFO  time: compiled root in 1.14s[0m
2025.07.28 15:54:33 INFO  compiling root (8 scala sources and 1 java source)[0m
2025.07.28 15:54:33 INFO  time: compiled root in 0.89s[0m
2025.07.28 15:54:45 INFO  Created report: Optional[file:///home/bs01463/Desktop/java/play-3/app/controllers/ProductController.scala][0m
2025.07.28 15:54:45 INFO  empty definition using pc, found symbol in pc:  (full report at: "/home/bs01463/Desktop/java/play-3/.metals/.reports/metals-full/2025-07-28/r_empty-definition_(root)_15-54-45-501.md")[0m
2025.07.28 15:54:47 INFO  compiling root (8 scala sources and 1 java source)[0m
2025.07.28 15:54:48 INFO  time: compiled root in 1.08s[0m
2025.07.28 15:56:26 INFO  compiling root (3 scala sources and 6 java sources)[0m
2025.07.28 15:56:26 WARN  Invalid text document uri received from build server: file:///home/bs01463/Desktop/java/play-3/target/scala-2.13/routes/main/router/Routes.scala[0m
2025.07.28 15:56:26 INFO  time: compiled root in 0.31s[0m
2025.07.28 15:56:26 INFO  compiling root (3 scala sources and 6 java sources)[0m
2025.07.28 15:56:26 INFO  time: compiled root in 0.22s[0m
2025.07.28 16:00:44 INFO  compiling root (3 scala sources and 6 java sources)[0m
2025.07.28 16:00:44 INFO  time: compiled root in 0.28s[0m
2025.07.28 16:01:48 INFO  compiling root (7 scala sources and 7 java sources)[0m
2025.07.28 16:01:48 INFO  time: compiled root in 0.44s[0m
2025.07.28 16:01:48 INFO  compiling root (8 scala sources and 1 java source)[0m
2025.07.28 16:01:48 INFO  time: compiled root in 0.34s[0m
2025.07.28 16:07:30 INFO  empty definition using pc, found symbol in pc:  (full report at: "/home/bs01463/Desktop/java/play-3/.metals/.reports/metals-full/2025-07-28/r_empty-definition_(play-3-build)_15-51-22-570.md")[0m
2025.07.28 16:08:35 INFO  time: code lens generation in 4.28s[0m
2025.07.28 16:08:35 INFO  time: code lens generation in 5.17s[0m
2025.07.28 16:14:00 INFO  Created report: Optional[file:///home/bs01463/Desktop/java/play-3/project/plugins.sbt][0m
2025.07.28 16:14:00 INFO  empty definition using pc, found symbol in pc:  (full report at: "/home/bs01463/Desktop/java/play-3/.metals/.reports/metals-full/2025-07-28/r_empty-definition_(play-3-build-build)_16-14-00-729.md")[0m
2025.07.28 16:14:07 INFO  empty definition using pc, found symbol in pc:  (full report at: "/home/bs01463/Desktop/java/play-3/.metals/.reports/metals-full/2025-07-28/r_empty-definition_(play-3-build-build)_16-14-00-729.md")[0m
2025.07.28 16:14:07 INFO  empty definition using pc, found symbol in pc:  (full report at: "/home/bs01463/Desktop/java/play-3/.metals/.reports/metals-full/2025-07-28/r_empty-definition_(play-3-build-build)_16-14-00-729.md")[0m
2025.07.28 16:14:07 INFO  empty definition using pc, found symbol in pc:  (full report at: "/home/bs01463/Desktop/java/play-3/.metals/.reports/metals-full/2025-07-28/r_empty-definition_(play-3-build-build)_16-14-00-729.md")[0m
2025.07.28 16:14:07 INFO  empty definition using pc, found symbol in pc:  (full report at: "/home/bs01463/Desktop/java/play-3/.metals/.reports/metals-full/2025-07-28/r_empty-definition_(play-3-build-build)_16-14-00-729.md")[0m
2025.07.28 16:14:41 INFO  empty definition using pc, found symbol in pc:  (full report at: "/home/bs01463/Desktop/java/play-3/.metals/.reports/metals-full/2025-07-28/r_empty-definition_(play-3-build-build)_16-14-00-729.md")[0m
2025.07.28 16:14:41 INFO  empty definition using pc, found symbol in pc:  (full report at: "/home/bs01463/Desktop/java/play-3/.metals/.reports/metals-full/2025-07-28/r_empty-definition_(play-3-build-build)_16-14-00-729.md")[0m
2025.07.28 16:14:41 INFO  empty definition using pc, found symbol in pc:  (full report at: "/home/bs01463/Desktop/java/play-3/.metals/.reports/metals-full/2025-07-28/r_empty-definition_(play-3-build-build)_16-14-00-729.md")[0m
2025.07.28 16:24:01 INFO  compiling root (3 scala sources and 6 java sources)[0m
2025.07.28 16:24:01 INFO  time: compiled root in 0.38s[0m
2025.07.28 16:24:01 INFO  compiling root (10 scala sources and 7 java sources)[0m
2025.07.28 16:24:01 INFO  time: compiled root in 0.47s[0m
2025.07.28 16:24:01 INFO  compiling root (8 scala sources and 1 java source)[0m
2025.07.28 16:24:02 INFO  time: compiled root in 0.33s[0m
2025.07.28 16:29:12 INFO  compiling root (8 scala sources and 1 java source)[0m
2025.07.28 16:29:12 INFO  time: compiled root in 0.32s[0m
2025.07.28 16:31:44 INFO  compiling root (8 scala sources and 1 java source)[0m
2025.07.28 16:31:44 INFO  time: compiled root in 0.12s[0m
2025.07.28 16:32:13 INFO  compiling root (8 scala sources and 1 java source)[0m
2025.07.28 16:32:13 INFO  time: compiled root in 84ms[0m
2025.07.28 16:33:06 INFO  Created report: Optional[file:///home/bs01463/Desktop/java/play-3/app/controllers/ProductController.scala][0m
2025.07.28 16:33:06 INFO  empty definition using pc, found symbol in pc:  (full report at: "/home/bs01463/Desktop/java/play-3/.metals/.reports/metals-full/2025-07-28/r_empty-definition_(root)_16-33-06-955.md")[0m
2025.07.28 16:34:38 INFO  compiling root (8 scala sources and 1 java source)[0m
2025.07.28 16:34:38 INFO  time: compiled root in 0.13s[0m
2025.07.28 16:34:54 INFO  compiling root (8 scala sources and 1 java source)[0m
2025.07.28 16:34:54 INFO  time: compiled root in 93ms[0m
2025.07.28 16:36:32 INFO  compiling root (8 scala sources and 1 java source)[0m
2025.07.28 16:36:32 INFO  time: compiled root in 0.12s[0m
2025.07.28 16:36:37 INFO  compiling root (8 scala sources and 1 java source)[0m
2025.07.28 16:36:37 INFO  time: compiled root in 84ms[0m
2025.07.28 16:49:36 INFO  Created report: Optional.empty[0m
2025.07.28 16:49:36 INFO  No project associated with Uri(file:<WORKSPACE>/project/?id=play-3-build) (full report at: "/home/bs01463/Desktop/java/play-3/.metals/.reports/bloop/2025-07-28/r_No project associate..._16-49-36-581.md")[0m
2025.07.28 16:49:36 INFO  No project associated with Uri(file:<WORKSPACE>/project/?id=play-3-build) (full report at: "/home/bs01463/Desktop/java/play-3/.metals/.reports/bloop/2025-07-28/r_No project associate..._16-49-36-581.md")[0m
2025.07.28 16:49:36 INFO  No project associated with Uri(file:<WORKSPACE>/project/?id=play-3-build) (full report at: "/home/bs01463/Desktop/java/play-3/.metals/.reports/bloop/2025-07-28/r_No project associate..._16-49-36-581.md")[0m
2025.07.28 16:50:40 INFO  No project associated with Uri(file:<WORKSPACE>/project/?id=play-3-build) (full report at: "/home/bs01463/Desktop/java/play-3/.metals/.reports/bloop/2025-07-28/r_No project associate..._16-49-36-581.md")[0m
2025.07.28 16:50:40 INFO  No project associated with Uri(file:<WORKSPACE>/project/?id=play-3-build) (full report at: "/home/bs01463/Desktop/java/play-3/.metals/.reports/bloop/2025-07-28/r_No project associate..._16-49-36-581.md")[0m
2025.07.28 16:50:40 INFO  No project associated with Uri(file:<WORKSPACE>/project/?id=play-3-build) (full report at: "/home/bs01463/Desktop/java/play-3/.metals/.reports/bloop/2025-07-28/r_No project associate..._16-49-36-581.md")[0m
2025.07.28 16:50:59 INFO  compiling root (3 scala sources and 6 java sources)[0m
2025.07.28 16:50:59 INFO  time: compiled root in 0.15s[0m
2025.07.28 16:50:59 INFO  compiling root (3 scala sources and 6 java sources)[0m
2025.07.28 16:50:59 INFO  time: compiled root in 0.1s[0m
2025.07.28 16:51:01 INFO  compiling root (7 scala sources and 7 java sources)[0m
2025.07.28 16:51:01 INFO  time: compiled root in 0.15s[0m
2025.07.28 16:51:01 INFO  compiling root (9 scala sources)[0m
2025.07.28 16:51:01 INFO  time: compiled root in 99ms[0m
2025.07.28 16:51:01 INFO  compiling root (6 scala sources)[0m
2025.07.28 16:51:01 INFO  time: compiled root in 78ms[0m
2025.07.28 16:54:16 INFO  compiling root (6 scala sources)[0m
2025.07.28 16:54:16 INFO  time: compiled root in 0.35s[0m
2025.07.28 16:56:04 INFO  empty definition using pc, found symbol in pc:  (full report at: "/home/bs01463/Desktop/java/play-3/.metals/.reports/metals-full/2025-07-28/r_empty-definition_(play-3-build)_15-51-22-570.md")[0m
2025.07.28 16:58:36 INFO  compiling root (6 scala sources)[0m
2025.07.28 16:58:36 INFO  time: compiled root in 0.39s[0m
2025.07.28 17:01:21 INFO  compiling root (6 scala sources)[0m
2025.07.28 17:01:21 INFO  time: compiled root in 0.25s[0m
2025.07.28 17:02:09 INFO  compiling root (6 scala sources)[0m
2025.07.28 17:02:09 INFO  time: compiled root in 0.29s[0m
2025.07.28 17:02:53 INFO  compiling root (6 scala sources)[0m
2025.07.28 17:02:53 INFO  time: compiled root in 0.4s[0m
2025.07.28 17:03:59 INFO  compiling root (3 scala sources and 6 java sources)[0m
2025.07.28 17:03:59 INFO  time: compiled root in 0.46s[0m
2025.07.28 17:03:59 INFO  compiling root (3 scala sources and 6 java sources)[0m
2025.07.28 17:03:59 INFO  time: compiled root in 0.44s[0m
2025.07.28 17:04:01 INFO  compiling root (7 scala sources and 7 java sources)[0m
2025.07.28 17:04:01 INFO  time: compiled root in 0.43s[0m
2025.07.28 17:04:01 INFO  compiling root (6 scala sources)[0m
2025.07.28 17:04:01 INFO  time: compiled root in 0.43s[0m
2025.07.28 17:07:45 INFO  compiling root (6 scala sources)[0m
2025.07.28 17:07:45 INFO  time: compiled root in 0.29s[0m
2025.07.28 17:07:54 INFO  compiling root (3 scala sources and 6 java sources)[0m
2025.07.28 17:07:54 INFO  time: compiled root in 0.29s[0m
2025.07.28 17:07:54 INFO  compiling root (3 scala sources and 6 java sources)[0m
2025.07.28 17:07:54 INFO  time: compiled root in 0.29s[0m
2025.07.28 17:07:56 INFO  compiling root (7 scala sources and 7 java sources)[0m
2025.07.28 17:07:56 INFO  time: compiled root in 0.36s[0m
2025.07.28 17:07:56 INFO  compiling root (6 scala sources)[0m
2025.07.28 17:07:56 INFO  time: compiled root in 0.3s[0m
2025.07.28 17:08:20 INFO  Created report: Optional.empty[0m
2025.07.28 17:08:20 INFO  scala.meta.internal.mtags.IndexingExceptions$InvalidSymbolException: . (full report at: "/home/bs01463/Desktop/java/play-3/.metals/.reports/metals/2025-07-28/r_invalid-symbol_17-08-20-217.md")[0m
2025.07.28 17:08:20 ERROR searching for `.` failed
java.lang.RuntimeException: invalid symbol format
.
^
	at scala.sys.package$.error(package.scala:27)
	at scala.meta.internal.semanticdb.Scala$DescriptorParser.fail(Scala.scala:162)
	at scala.meta.internal.semanticdb.Scala$DescriptorParser.readChar(Scala.scala:174)
	at scala.meta.internal.semanticdb.Scala$DescriptorParser.parseValue(Scala.scala:190)
	at scala.meta.internal.semanticdb.Scala$DescriptorParser.parseDescriptor(Scala.scala:209)
	at scala.meta.internal.semanticdb.Scala$DescriptorParser.entryPoint(Scala.scala:230)
	at scala.meta.internal.semanticdb.Scala$DescriptorParser$.apply(Scala.scala:238)
	at scala.meta.internal.semanticdb.Scala$ScalaSymbolOps$.owner$extension(Scala.scala:78)
	at scala.meta.internal.mtags.Symbol.toplevel(Symbol.scala:50)
	at scala.meta.internal.mtags.SymbolIndexBucket.query0(SymbolIndexBucket.scala:212)
	at scala.meta.internal.mtags.SymbolIndexBucket.query(SymbolIndexBucket.scala:189)
	at scala.meta.internal.mtags.OnDemandSymbolIndex.$anonfun$findSymbolDefinition$1(OnDemandSymbolIndex.scala:142)
	at scala.collection.immutable.List.flatMap(List.scala:294)
	at scala.meta.internal.mtags.OnDemandSymbolIndex.findSymbolDefinition(OnDemandSymbolIndex.scala:142)
	at scala.meta.internal.mtags.OnDemandSymbolIndex.definition(OnDemandSymbolIndex.scala:48)
	at scala.meta.internal.metals.FallbackDefinitionProvider.findInIndex$1(FallbackDefinitionProvider.scala:131)
	at scala.meta.internal.metals.FallbackDefinitionProvider.$anonfun$search$15(FallbackDefinitionProvider.scala:140)
	at scala.collection.immutable.List.flatMap(List.scala:294)
	at scala.meta.internal.metals.FallbackDefinitionProvider.$anonfun$search$3(FallbackDefinitionProvider.scala:140)
	at scala.Option.map(Option.scala:242)
	at scala.meta.internal.metals.FallbackDefinitionProvider.$anonfun$search$2(FallbackDefinitionProvider.scala:47)
	at scala.Option.flatMap(Option.scala:283)
	at scala.meta.internal.metals.FallbackDefinitionProvider.$anonfun$search$1(FallbackDefinitionProvider.scala:44)
	at scala.Option.flatMap(Option.scala:283)
	at scala.meta.internal.metals.FallbackDefinitionProvider.search(FallbackDefinitionProvider.scala:43)
	at scala.meta.internal.metals.DefinitionProvider.fromFallback$1(DefinitionProvider.scala:126)
	at scala.meta.internal.metals.DefinitionProvider.$anonfun$definition$13(DefinitionProvider.scala:143)
	at scala.meta.internal.metals.DefinitionProvider.$anonfun$definition$15(DefinitionProvider.scala:150)
	at scala.concurrent.impl.Promise$Transformation.run(Promise.scala:470)
	at java.util.concurrent.ThreadPoolExecutor.runWorker(ThreadPoolExecutor.java:1136)
	at java.util.concurrent.ThreadPoolExecutor$Worker.run(ThreadPoolExecutor.java:635)
	at java.lang.Thread.run(Thread.java:840)
[0m
2025.07.28 17:08:20 WARN  Could not find 'toArray' using presentation compiler nor semanticdb. Trying to guess the definition using available information from local class context. [0m
2025.07.28 17:08:20 INFO  Created report: Optional[file:///home/bs01463/Desktop/java/play-3/app/models/Product.scala][0m
2025.07.28 17:08:20 INFO  empty definition using pc, found symbol in pc:  (full report at: "/home/bs01463/Desktop/java/play-3/.metals/.reports/metals-full/2025-07-28/r_empty-definition_(root)_17-08-20-221.md")[0m
2025.07.28 17:08:25 INFO  compiling root (6 scala sources)[0m
2025.07.28 17:08:25 INFO  time: compiled root in 0.23s[0m
2025.07.28 17:08:34 INFO  compiling root (3 scala sources and 6 java sources)[0m
2025.07.28 17:08:34 INFO  time: compiled root in 0.28s[0m
2025.07.28 17:08:34 INFO  compiling root (3 scala sources and 6 java sources)[0m
2025.07.28 17:08:34 INFO  time: compiled root in 0.26s[0m
2025.07.28 17:08:36 INFO  compiling root (7 scala sources and 7 java sources)[0m
2025.07.28 17:08:36 INFO  time: compiled root in 0.36s[0m
2025.07.28 17:08:36 INFO  compiling root (6 scala sources)[0m
2025.07.28 17:08:36 INFO  time: compiled root in 0.33s[0m
Jul 28, 2025 5:10:14 PM org.eclipse.lsp4j.jsonrpc.RemoteEndpoint handleCancellation
WARNING: Unmatched cancel notification for request id 2531
2025.07.28 17:10:43 INFO  compiling root (6 scala sources)[0m
2025.07.28 17:10:43 INFO  time: compiled root in 0.28s[0m
2025.07.28 17:11:02 INFO  compiling root (6 scala sources)[0m
2025.07.28 17:11:02 INFO  time: compiled root in 0.22s[0m
Jul 28, 2025 5:11:13 PM org.eclipse.lsp4j.jsonrpc.RemoteEndpoint handleCancellation
WARNING: Unmatched cancel notification for request id 2757
2025.07.28 17:11:36 INFO  compiling root (6 scala sources)[0m
2025.07.28 17:11:36 INFO  time: compiled root in 0.3s[0m
2025.07.28 17:15:35 INFO  compiling root (6 scala sources)[0m
2025.07.28 17:15:35 INFO  Created report: Optional[file:///home/bs01463/Desktop/java/play-3/app/models/Product.scala][0m
2025.07.28 17:15:35 INFO  empty definition using pc, found symbol in pc:  (full report at: "/home/bs01463/Desktop/java/play-3/.metals/.reports/metals-full/2025-07-28/r_empty-definition_(root)_17-15-35-620.md")[0m
2025.07.28 17:15:35 INFO  Created report: Optional[file:///home/bs01463/Desktop/java/play-3/app/models/Product.scala][0m
2025.07.28 17:15:35 INFO  empty definition using pc, found symbol in pc:  (full report at: "/home/bs01463/Desktop/java/play-3/.metals/.reports/metals-full/2025-07-28/r_empty-definition_(root)_17-15-35-636.md")[0m
2025.07.28 17:15:35 INFO  time: compiled root in 0.26s[0m
2025.07.28 17:15:38 INFO  compiling root (6 scala sources)[0m
2025.07.28 17:15:38 INFO  time: compiled root in 0.23s[0m
2025.07.28 17:15:50 INFO  compiling root (3 scala sources and 6 java sources)[0m
2025.07.28 17:15:50 INFO  time: compiled root in 0.24s[0m
2025.07.28 17:15:50 INFO  compiling root (3 scala sources and 6 java sources)[0m
2025.07.28 17:15:50 INFO  time: compiled root in 0.23s[0m
2025.07.28 17:15:52 INFO  compiling root (7 scala sources and 7 java sources)[0m
2025.07.28 17:15:52 INFO  time: compiled root in 0.37s[0m
2025.07.28 17:15:52 INFO  compiling root (6 scala sources)[0m
2025.07.28 17:15:52 INFO  time: compiled root in 0.32s[0m
2025.07.28 17:16:22 INFO  compiling root (6 scala sources)[0m
2025.07.28 17:16:22 INFO  time: compiled root in 77ms[0m
2025.07.28 17:16:27 INFO  compiling root (6 scala sources)[0m
2025.07.28 17:16:27 INFO  time: compiled root in 0.25s[0m
2025.07.28 17:16:47 INFO  compiling root (6 scala sources)[0m
2025.07.28 17:16:47 INFO  time: compiled root in 0.19s[0m
2025.07.28 17:16:57 INFO  compiling root (6 scala sources)[0m
2025.07.28 17:16:57 INFO  time: compiled root in 0.2s[0m
2025.07.28 17:18:41 INFO  compiling root (6 scala sources)[0m
2025.07.28 17:18:41 INFO  time: compiled root in 0.23s[0m
2025.07.28 17:19:12 INFO  compiling root (6 scala sources)[0m
2025.07.28 17:19:12 INFO  time: compiled root in 0.2s[0m
2025.07.28 17:19:34 INFO  compiling root (6 scala sources)[0m
2025.07.28 17:19:34 INFO  time: compiled root in 0.2s[0m
2025.07.28 17:21:01 INFO  compiling root (6 scala sources)[0m
2025.07.28 17:21:01 INFO  time: compiled root in 0.25s[0m
2025.07.28 17:21:01 INFO  Created report: Optional[file:///home/bs01463/Desktop/java/play-3/app/controllers/ProductController.scala][0m
2025.07.28 17:21:01 INFO  empty definition using pc, found symbol in pc:  (full report at: "/home/bs01463/Desktop/java/play-3/.metals/.reports/metals-full/2025-07-28/r_empty-definition_(root)_17-21-01-407.md")[0m
2025.07.28 17:21:25 INFO  compiling root (6 scala sources)[0m
2025.07.28 17:21:26 INFO  compiling root-test (2 java sources)[0m
2025.07.28 17:21:26 INFO  time: compiled root in 1.27s[0m
2025.07.28 17:21:26 WARN  javac exited with exit code 1[0m
2025.07.28 17:21:26 INFO  time: compiled root-test in 0.85s[0m
2025.07.28 17:22:02 INFO  compiling root (3 scala sources and 6 java sources)[0m
2025.07.28 17:22:02 WARN  Invalid text document uri received from build server: file:///home/bs01463/Desktop/java/play-3/target/scala-2.13/twirl/main/views/html/category/list.template.scala[0m
2025.07.28 17:22:02 INFO  time: compiled root in 0.26s[0m
2025.07.28 17:22:02 INFO  compiling root (3 scala sources and 6 java sources)[0m
2025.07.28 17:22:02 INFO  time: compiled root in 0.25s[0m
2025.07.28 17:22:03 INFO  compiling root (7 scala sources and 7 java sources)[0m
2025.07.28 17:22:03 INFO  time: compiled root in 0.4s[0m
2025.07.28 17:22:03 INFO  compiling root-test (2 java sources)[0m
2025.07.28 17:22:03 INFO  time: compiled root in 23ms[0m
2025.07.28 17:22:05 WARN  javac exited with exit code 1[0m
2025.07.28 17:22:05 INFO  time: compiled root-test in 1.23s[0m
2025.07.28 17:22:57 INFO  compiling root (1 scala source)[0m
2025.07.28 17:22:57 INFO  time: compiled root in 0.74s[0m
2025.07.28 17:22:57 INFO  compiling root (1 scala source)[0m
2025.07.28 17:22:57 INFO  time: compiled root in 66ms[0m
2025.07.28 17:23:36 INFO  compiling root (1 scala source)[0m
2025.07.28 17:23:36 INFO  compiling root-test (2 java sources)[0m
2025.07.28 17:23:36 INFO  time: compiled root in 0.9s[0m
2025.07.28 17:23:38 WARN  javac exited with exit code 1[0m
2025.07.28 17:23:38 INFO  time: compiled root-test in 0.93s[0m
2025.07.28 17:24:49 INFO  compiling root (1 scala source)[0m
2025.07.28 17:24:49 INFO  compiling root-test (2 java sources)[0m
2025.07.28 17:24:49 INFO  time: compiled root in 0.53s[0m
2025.07.28 17:24:50 WARN  javac exited with exit code 1[0m
2025.07.28 17:24:50 INFO  time: compiled root-test in 0.88s[0m
2025.07.28 17:27:37 INFO  compiling root (1 scala source)[0m
2025.07.28 17:27:37 INFO  time: compiled root in 0.13s[0m
2025.07.28 17:28:06 INFO  compiling root (1 scala source)[0m
2025.07.28 17:28:06 INFO  time: compiled root in 89ms[0m
2025.07.28 17:28:24 INFO  compiling root (1 scala source)[0m
2025.07.28 17:28:24 INFO  time: compiled root in 0.1s[0m
2025.07.28 17:29:09 INFO  compiling root (1 scala source)[0m
2025.07.28 17:29:09 INFO  time: compiled root in 0.16s[0m
2025.07.28 17:29:23 INFO  compiling root (1 scala source)[0m
2025.07.28 17:29:23 INFO  time: compiled root in 88ms[0m
2025.07.28 17:29:31 INFO  time: compiled root in 4ms[0m
2025.07.28 17:29:31 INFO  compiling root-test (2 java sources)[0m
2025.07.28 17:29:32 WARN  javac exited with exit code 1[0m
2025.07.28 17:29:32 INFO  time: compiled root-test in 1.05s[0m
2025.07.28 17:31:54 INFO  compiling root (1 scala source)[0m
2025.07.28 17:31:54 INFO  time: compiled root in 0.49s[0m
2025.07.28 17:32:17 INFO  compiling root (2 scala sources)[0m
2025.07.28 17:32:17 INFO  time: compiled root in 0.31s[0m
2025.07.28 17:32:49 INFO  compiling root (2 scala sources)[0m
2025.07.28 17:32:49 INFO  time: compiled root in 0.31s[0m
2025.07.28 17:33:06 INFO  Created report: Optional[file:///home/bs01463/Desktop/java/play-3/app/models/Product.scala][0m
2025.07.28 17:33:06 INFO  empty definition using pc, found symbol in pc:  (full report at: "/home/bs01463/Desktop/java/play-3/.metals/.reports/metals-full/2025-07-28/r_empty-definition_(root)_17-33-06-386.md")[0m
2025.07.28 17:33:08 INFO  compiling root (2 scala sources)[0m
2025.07.28 17:33:08 INFO  time: compiled root in 0.31s[0m
2025.07.28 17:34:44 INFO  compiling root (3 scala sources and 6 java sources)[0m
2025.07.28 17:34:44 INFO  time: compiled root in 0.48s[0m
2025.07.28 17:34:44 INFO  compiling root (3 scala sources and 6 java sources)[0m
2025.07.28 17:34:44 INFO  time: compiled root in 0.34s[0m
2025.07.28 17:34:46 INFO  compiling root (7 scala sources and 7 java sources)[0m
2025.07.28 17:34:46 INFO  time: compiled root in 0.39s[0m
2025.07.28 17:34:46 INFO  compiling root (2 scala sources)[0m
2025.07.28 17:34:46 INFO  time: compiled root in 0.19s[0m
Jul 28, 2025 5:35:11 PM org.eclipse.lsp4j.jsonrpc.RemoteEndpoint handleCancellation
WARNING: Unmatched cancel notification for request id 4414
2025.07.28 17:36:16 INFO  compiling root (2 scala sources)[0m
2025.07.28 17:36:16 INFO  time: compiled root in 0.42s[0m
2025.07.28 17:36:39 INFO  compiling root (2 scala sources)[0m
2025.07.28 17:36:39 INFO  time: compiled root in 0.3s[0m
2025.07.28 17:36:44 INFO  Created report: Optional[file:///home/bs01463/Desktop/java/play-3/app/controllers/ProductController.scala][0m
2025.07.28 17:36:44 INFO  empty definition using pc, found symbol in pc:  (full report at: "/home/bs01463/Desktop/java/play-3/.metals/.reports/metals-full/2025-07-28/r_empty-definition_(root)_17-36-44-114.md")[0m
2025.07.28 17:36:45 INFO  empty definition using pc, found symbol in pc:  (full report at: "/home/bs01463/Desktop/java/play-3/.metals/.reports/metals-full/2025-07-28/r_empty-definition_(root)_17-36-44-114.md")[0m
2025.07.28 17:36:46 INFO  empty definition using pc, found symbol in pc:  (full report at: "/home/bs01463/Desktop/java/play-3/.metals/.reports/metals-full/2025-07-28/r_empty-definition_(root)_17-36-44-114.md")[0m
2025.07.28 17:37:58 WARN  Could not find 'ProductRepository' using presentation compiler nor semanticdb. Trying to guess the definition using available information from local class context. [0m
2025.07.28 17:37:58 INFO  empty definition using pc, found symbol in pc:  (full report at: "/home/bs01463/Desktop/java/play-3/.metals/.reports/metals-full/2025-07-28/r_empty-definition_(root)_17-36-44-114.md")[0m
2025.07.28 17:37:58 INFO  empty definition using pc, found symbol in pc:  (full report at: "/home/bs01463/Desktop/java/play-3/.metals/.reports/metals-full/2025-07-28/r_empty-definition_(root)_17-36-44-114.md")[0m
2025.07.28 17:38:07 INFO  compiling root (2 scala sources)[0m
2025.07.28 17:38:07 INFO  time: compiled root in 0.26s[0m
2025.07.28 17:38:38 INFO  Created report: Optional[file:///home/bs01463/Desktop/java/play-3/app/controllers/ProductController.scala][0m
2025.07.28 17:38:38 INFO  empty definition using pc, found symbol in pc: java/lang/Object# (full report at: "/home/bs01463/Desktop/java/play-3/.metals/.reports/metals-full/2025-07-28/r_empty-definition_(root)_17-38-38-154.md")[0m
2025.07.28 17:38:43 WARN  Could not find 'ProductRepository' using presentation compiler nor semanticdb. Trying to guess the definition using available information from local class context. [0m
2025.07.28 17:38:43 INFO  empty definition using pc, found symbol in pc:  (full report at: "/home/bs01463/Desktop/java/play-3/.metals/.reports/metals-full/2025-07-28/r_empty-definition_(root)_17-36-44-114.md")[0m
2025.07.28 17:38:43 WARN  Could not find 'ProductRepository' using presentation compiler nor semanticdb. Trying to guess the definition using available information from local class context. [0m
2025.07.28 17:38:43 INFO  empty definition using pc, found symbol in pc:  (full report at: "/home/bs01463/Desktop/java/play-3/.metals/.reports/metals-full/2025-07-28/r_empty-definition_(root)_17-36-44-114.md")[0m
Exception in thread "pool-7-thread-2" java.lang.InterruptedException
	at scala.meta.internal.metals.FutureCancelToken.checkCanceled(FutureCancelToken.scala:29)
	at scala.meta.internal.pc.CompilerAccess.$anonfun$onCompilerJobQueue$1(CompilerAccess.scala:207)
	at scala.meta.internal.pc.CompilerJobQueue$Job.run(CompilerJobQueue.scala:152)
	at java.base/java.util.concurrent.ThreadPoolExecutor.runWorker(ThreadPoolExecutor.java:1136)
	at java.base/java.util.concurrent.ThreadPoolExecutor$Worker.run(ThreadPoolExecutor.java:635)
	at java.base/java.lang.Thread.run(Thread.java:840)
2025.07.28 17:38:48 INFO  empty definition using pc, found symbol in pc:  (full report at: "/home/bs01463/Desktop/java/play-3/.metals/.reports/metals-full/2025-07-28/r_empty-definition_(root)_17-36-44-114.md")[0m
2025.07.28 17:38:50 INFO  empty definition using pc, found symbol in pc:  (full report at: "/home/bs01463/Desktop/java/play-3/.metals/.reports/metals-full/2025-07-28/r_empty-definition_(root)_17-36-44-114.md")[0m
2025.07.28 17:38:59 INFO  compiling root (2 scala sources)[0m
2025.07.28 17:38:59 INFO  time: compiled root in 0.23s[0m
2025.07.28 17:39:22 INFO  compiling root (3 scala sources and 6 java sources)[0m
2025.07.28 17:39:22 INFO  time: compiled root in 0.19s[0m
2025.07.28 17:39:22 INFO  compiling root (3 scala sources and 6 java sources)[0m
2025.07.28 17:39:22 INFO  time: compiled root in 0.14s[0m
2025.07.28 17:39:24 INFO  compiling root (7 scala sources and 7 java sources)[0m
2025.07.28 17:39:24 INFO  time: compiled root in 0.12s[0m
2025.07.28 17:39:24 INFO  compiling root (10 scala sources and 7 java sources)[0m
2025.07.28 17:39:24 INFO  time: compiled root in 0.12s[0m
Jul 28, 2025 5:39:24 PM scala.meta.internal.pc.CompilerAccess retryWithCleanCompiler
INFO: compiler crashed due to an error in the Scala compiler, retrying with new compiler instance.
2025.07.28 17:39:24 INFO  compiling root (2 scala sources)[0m
2025.07.28 17:39:24 INFO  time: compiled root in 94ms[0m
2025.07.28 17:40:17 INFO  compiling root (2 scala sources)[0m
2025.07.28 17:40:17 INFO  time: compiled root in 0.25s[0m
2025.07.28 17:40:31 INFO  compiling root (2 scala sources)[0m
2025.07.28 17:40:31 INFO  time: compiled root in 0.17s[0m
2025.07.28 17:40:42 INFO  compiling root (2 scala sources)[0m
2025.07.28 17:40:42 INFO  time: compiled root in 0.17s[0m
2025.07.28 17:42:09 INFO  compiling root (2 scala sources)[0m
2025.07.28 17:42:09 INFO  time: compiled root in 0.24s[0m
2025.07.28 17:43:03 INFO  compiling root (2 scala sources)[0m
2025.07.28 17:43:03 INFO  time: compiled root in 0.26s[0m
2025.07.28 17:43:52 INFO  compiling root (2 scala sources)[0m
2025.07.28 17:43:52 INFO  time: compiled root in 0.46s[0m
Jul 28, 2025 5:43:53 PM scala.meta.internal.pc.CompilerAccess retryWithCleanCompiler
INFO: compiler crashed due to an error in the Scala compiler, retrying with new compiler instance.
Jul 28, 2025 5:43:53 PM scala.meta.internal.pc.CompilerAccess retryWithCleanCompiler
INFO: compiler crashed due to an error in the Scala compiler, retrying with new compiler instance.
2025.07.28 17:43:54 INFO  Created report: Optional[file:///home/bs01463/Desktop/java/play-3/app/controllers/ProductController.scala][0m
2025.07.28 17:43:54 INFO  scala.reflect.internal.FatalError: 
  ThisType(method ProductController) for sym which is not a class
     while compiling: file:///home/bs01463/Desktop/java/play-3/app/controllers/ProductController.scala
        during phase: globalPhase=<no phase>, enteringPhase=parser
     library version: version 2.13.16
    compiler version: version 2.13.16
  reconstructed args: -deprecation -encoding utf8 -unchecked -Wconf:cat=unchecked:w -Wconf:cat=deprecation:ws -Wconf:cat=feature:ws -Wconf:cat=optimizer:ws -classpath /home/bs01463/Desktop/java/play-3/.bloop/root/bloop-bsp-clients-classes/classes-Metals-seFHOEuIT2mePzfV6AjrSQ==:/home/bs01463/.cache/coursier/v1/https/repo1.maven.org/maven2/com/sourcegraph/semanticdb-javac/0.10.4/semanticdb-javac-0.10.4.jar:/home/bs01463/.cache/coursier/v1/https/repo1.maven.org/maven2/org/scala-lang/scala-library/2.13.16/scala-library-2.13.16.jar:/home/bs01463/.cache/coursier/v1/https/repo1.maven.org/maven2/org/playframework/play-ebean_2.13/8.3.0/play-ebean_2.13-8.3.0.jar:/home/bs01463/.cache/coursier/v1/https/repo1.maven.org/maven2/org/glassfish/jaxb/jaxb-runtime/4.0.5/jaxb-runtime-4.0.5.jar:/home/bs01463/.cache/coursier/v1/https/repo1.maven.org/maven2/org/playframework/twirl/twirl-api_2.13/2.0.4/twirl-api_2.13-2.0.4.jar:/home/bs01463/.cache/coursier/v1/https/repo1.maven.org/maven2/org/playframework/play-server_2.13/3.0.2/play-server_2.13-3.0.2.jar:/home/bs01463/.cache/coursier/v1/https/repo1.maven.org/maven2/org/playframework/play-logback_2.13/3.0.2/play-logback_2.13-3.0.2.jar:/home/bs01463/.cache/coursier/v1/https/repo1.maven.org/maven2/org/playframework/play-pekko-http-server_2.13/3.0.2/play-pekko-http-server_2.13-3.0.2.jar:/home/bs01463/.cache/coursier/v1/https/repo1.maven.org/maven2/org/playframework/play-filters-helpers_2.13/3.0.2/play-filters-helpers_2.13-3.0.2.jar:/home/bs01463/.cache/coursier/v1/https/repo1.maven.org/maven2/org/playframework/play-java-forms_2.13/3.0.2/play-java-forms_2.13-3.0.2.jar:/home/bs01463/.cache/coursier/v1/https/repo1.maven.org/maven2/org/playframework/play-guice_2.13/3.0.2/play-guice_2.13-3.0.2.jar:/home/bs01463/.cache/coursier/v1/https/repo1.maven.org/maven2/io/ebean/ebean/15.1.0/ebean-15.1.0.jar:/home/bs01463/.cache/coursier/v1/https/repo1.maven.org/maven2/com/fasterxml/jackson/core/jackson-databind/2.14.2/jackson-databind-2.14.2.jar:/home/bs01463/.cache/coursier/v1/https/repo1.maven.org/maven2/io/ebean/ebean-ddl-generator/15.1.0/ebean-ddl-generator-15.1.0.jar:/home/bs01463/.cache/coursier/v1/https/repo1.maven.org/maven2/io/ebean/ebean-agent/15.1.0/ebean-agent-15.1.0.jar:/home/bs01463/.cache/coursier/v1/https/repo1.maven.org/maven2/org/playframework/play-java-jdbc_2.13/3.0.2/play-java-jdbc_2.13-3.0.2.jar:/home/bs01463/.cache/coursier/v1/https/repo1.maven.org/maven2/org/playframework/play-jdbc-evolutions_2.13/3.0.2/play-jdbc-evolutions_2.13-3.0.2.jar:/home/bs01463/.cache/coursier/v1/https/repo1.maven.org/maven2/org/reflections/reflections/0.10.2/reflections-0.10.2.jar:/home/bs01463/.cache/coursier/v1/https/repo1.maven.org/maven2/org/glassfish/jaxb/jaxb-core/4.0.5/jaxb-core-4.0.5.jar:/home/bs01463/.cache/coursier/v1/https/repo1.maven.org/maven2/org/scala-lang/modules/scala-xml_2.13/2.2.0/scala-xml_2.13-2.2.0.jar:/home/bs01463/.cache/coursier/v1/https/repo1.maven.org/maven2/org/playframework/play_2.13/3.0.2/play_2.13-3.0.2.jar:/home/bs01463/.cache/coursier/v1/https/repo1.maven.org/maven2/ch/qos/logback/logback-classic/1.5.1/logback-classic-1.5.1.jar:/home/bs01463/.cache/coursier/v1/https/repo1.maven.org/maven2/org/playframework/play-streams_2.13/3.0.2/play-streams_2.13-3.0.2.jar:/home/bs01463/.cache/coursier/v1/https/repo1.maven.org/maven2/org/apache/pekko/pekko-http-core_2.13/1.0.1/pekko-http-core_2.13-1.0.1.jar:/home/bs01463/.cache/coursier/v1/https/repo1.maven.org/maven2/org/playframework/play-java_2.13/3.0.2/play-java_2.13-3.0.2.jar:/home/bs01463/.cache/coursier/v1/https/repo1.maven.org/maven2/net/jodah/typetools/0.6.3/typetools-0.6.3.jar:/home/bs01463/.cache/coursier/v1/https/repo1.maven.org/maven2/org/hibernate/validator/hibernate-validator/6.2.5.Final/hibernate-validator-6.2.5.Final.jar:/home/bs01463/.cache/coursier/v1/https/repo1.maven.org/maven2/org/springframework/spring-context/5.3.32/spring-context-5.3.32.jar:/home/bs01463/.cache/coursier/v1/https/repo1.maven.org/maven2/org/springframework/spring-core/5.3.32/spring-core-5.3.32.jar:/home/bs01463/.cache/coursier/v1/https/repo1.maven.org/maven2/org/springframework/spring-beans/5.3.32/spring-beans-5.3.32.jar:/home/bs01463/.cache/coursier/v1/https/repo1.maven.org/maven2/com/google/inject/guice/6.0.0/guice-6.0.0.jar:/home/bs01463/.cache/coursier/v1/https/repo1.maven.org/maven2/com/google/inject/extensions/guice-assistedinject/6.0.0/guice-assistedinject-6.0.0.jar:/home/bs01463/.cache/coursier/v1/https/repo1.maven.org/maven2/com/mysql/mysql-connector-j/8.0.33/mysql-connector-j-8.0.33.jar:/home/bs01463/.cache/coursier/v1/https/repo1.maven.org/maven2/io/ebean/ebean-api/15.1.0/ebean-api-15.1.0.jar:/home/bs01463/.cache/coursier/v1/https/repo1.maven.org/maven2/io/ebean/ebean-core/15.1.0/ebean-core-15.1.0.jar:/home/bs01463/.cache/coursier/v1/https/repo1.maven.org/maven2/io/ebean/ebean-joda-time/14.0.0/ebean-joda-time-14.0.0.jar:/home/bs01463/.cache/coursier/v1/https/repo1.maven.org/maven2/io/ebean/ebean-jackson-jsonnode/14.0.0/ebean-jackson-jsonnode-14.0.0.jar:/home/bs01463/.cache/coursier/v1/https/repo1.maven.org/maven2/io/ebean/ebean-jackson-mapper/15.1.0/ebean-jackson-mapper-15.1.0.jar:/home/bs01463/.cache/coursier/v1/https/repo1.maven.org/maven2/io/ebean/ebean-datasource/8.12/ebean-datasource-8.12.jar:/home/bs01463/.cache/coursier/v1/https/repo1.maven.org/maven2/io/ebean/ebean-migration/14.0.0/ebean-migration-14.0.0.jar:/home/bs01463/.cache/coursier/v1/https/repo1.maven.org/maven2/io/ebean/ebean-querybean/15.1.0/ebean-querybean-15.1.0.jar:/home/bs01463/.cache/coursier/v1/https/repo1.maven.org/maven2/io/ebean/ebean-platform-all/15.1.0/ebean-platform-all-15.1.0.jar:/home/bs01463/.cache/coursier/v1/https/repo1.maven.org/maven2/com/fasterxml/jackson/core/jackson-annotations/2.14.3/jackson-annotations-2.14.3.jar:/home/bs01463/.cache/coursier/v1/https/repo1.maven.org/maven2/com/fasterxml/jackson/core/jackson-core/2.15.0/jackson-core-2.15.0.jar:/home/bs01463/.cache/coursier/v1/https/repo1.maven.org/maven2/io/ebean/ebean-ddl-runner/2.3/ebean-ddl-runner-2.3.jar:/home/bs01463/.cache/coursier/v1/https/repo1.maven.org/maven2/jakarta/xml/bind/jakarta.xml.bind-api/4.0.2/jakarta.xml.bind-api-4.0.2.jar:/home/bs01463/.cache/coursier/v1/https/repo1.maven.org/maven2/org/playframework/play-jdbc_2.13/3.0.2/play-jdbc_2.13-3.0.2.jar:/home/bs01463/.cache/coursier/v1/https/repo1.maven.org/maven2/org/playframework/play-jdbc-api_2.13/3.0.2/play-jdbc-api_2.13-3.0.2.jar:/home/bs01463/.cache/coursier/v1/https/repo1.maven.org/maven2/org/javassist/javassist/3.28.0-GA/javassist-3.28.0-GA.jar:/home/bs01463/.cache/coursier/v1/https/repo1.maven.org/maven2/com/google/code/findbugs/jsr305/3.0.2/jsr305-3.0.2.jar:/home/bs01463/.cache/coursier/v1/https/repo1.maven.org/maven2/org/slf4j/slf4j-api/2.0.12/slf4j-api-2.0.12.jar:/home/bs01463/.cache/coursier/v1/https/repo1.maven.org/maven2/jakarta/activation/jakarta.activation-api/2.1.3/jakarta.activation-api-2.1.3.jar:/home/bs01463/.cache/coursier/v1/https/repo1.maven.org/maven2/org/eclipse/angus/angus-activation/2.0.2/angus-activation-2.0.2.jar:/home/bs01463/.cache/coursier/v1/https/repo1.maven.org/maven2/org/glassfish/jaxb/txw2/4.0.5/txw2-4.0.5.jar:/home/bs01463/.cache/coursier/v1/https/repo1.maven.org/maven2/com/sun/istack/istack-commons-runtime/4.1.2/istack-commons-runtime-4.1.2.jar:/home/bs01463/.cache/coursier/v1/https/repo1.maven.org/maven2/org/playframework/play-build-link/3.0.2/play-build-link-3.0.2.jar:/home/bs01463/.cache/coursier/v1/https/repo1.maven.org/maven2/org/playframework/play-configuration_2.13/3.0.2/play-configuration_2.13-3.0.2.jar:/home/bs01463/.cache/coursier/v1/https/repo1.maven.org/maven2/org/slf4j/jul-to-slf4j/2.0.12/jul-to-slf4j-2.0.12.jar:/home/bs01463/.cache/coursier/v1/https/repo1.maven.org/maven2/org/slf4j/jcl-over-slf4j/2.0.12/jcl-over-slf4j-2.0.12.jar:/home/bs01463/.cache/coursier/v1/https/repo1.maven.org/maven2/org/apache/pekko/pekko-actor_2.13/1.0.2/pekko-actor_2.13-1.0.2.jar:/home/bs01463/.cache/coursier/v1/https/repo1.maven.org/maven2/org/apache/pekko/pekko-actor-typed_2.13/1.0.2/pekko-actor-typed_2.13-1.0.2.jar:/home/bs01463/.cache/coursier/v1/https/repo1.maven.org/maven2/org/apache/pekko/pekko-slf4j_2.13/1.0.2/pekko-slf4j_2.13-1.0.2.jar:/home/bs01463/.cache/coursier/v1/https/repo1.maven.org/maven2/org/apache/pekko/pekko-serialization-jackson_2.13/1.0.2/pekko-serialization-jackson_2.13-1.0.2.jar:/home/bs01463/.cache/coursier/v1/https/repo1.maven.org/maven2/com/fasterxml/jackson/datatype/jackson-datatype-jdk8/2.14.3/jackson-datatype-jdk8-2.14.3.jar:/home/bs01463/.cache/coursier/v1/https/repo1.maven.org/maven2/com/fasterxml/jackson/datatype/jackson-datatype-jsr310/2.14.3/jackson-datatype-jsr310-2.14.3.jar:/home/bs01463/.cache/coursier/v1/https/repo1.maven.org/maven2/com/fasterxml/jackson/dataformat/jackson-dataformat-cbor/2.14.3/jackson-dataformat-cbor-2.14.3.jar:/home/bs01463/.cache/coursier/v1/https/repo1.maven.org/maven2/com/fasterxml/jackson/module/jackson-module-parameter-names/2.14.3/jackson-module-parameter-names-2.14.3.jar:/home/bs01463/.cache/coursier/v1/https/repo1.maven.org/maven2/com/fasterxml/jackson/module/jackson-module-scala_2.13/2.14.3/jackson-module-scala_2.13-2.14.3.jar:/home/bs01463/.cache/coursier/v1/https/repo1.maven.org/maven2/io/jsonwebtoken/jjwt-api/0.11.5/jjwt-api-0.11.5.jar:/home/bs01463/.cache/coursier/v1/https/repo1.maven.org/maven2/io/jsonwebtoken/jjwt-impl/0.11.5/jjwt-impl-0.11.5.jar:/home/bs01463/.cache/coursier/v1/https/repo1.maven.org/maven2/io/jsonwebtoken/jjwt-jackson/0.11.5/jjwt-jackson-0.11.5.jar:/home/bs01463/.cache/coursier/v1/https/repo1.maven.org/maven2/org/playframework/play-json_2.13/3.0.2/play-json_2.13-3.0.2.jar:/home/bs01463/.cache/coursier/v1/https/repo1.maven.org/maven2/com/google/guava/guava/32.1.3-jre/guava-32.1.3-jre.jar:/home/bs01463/.cache/coursier/v1/https/repo1.maven.org/maven2/javax/inject/javax.inject/1/javax.inject-1.jar:/home/bs01463/.cache/coursier/v1/https/repo1.maven.org/maven2/com/typesafe/ssl-config-core_2.13/0.6.1/ssl-config-core_2.13-0.6.1.jar:/home/bs01463/.cache/coursier/v1/https/repo1.maven.org/maven2/org/scala-lang/modules/scala-parser-combinators_2.13/1.1.2/scala-parser-combinators_2.13-1.1.2.jar:/home/bs01463/.cache/coursier/v1/https/repo1.maven.org/maven2/ch/qos/logback/logback-core/1.5.1/logback-core-1.5.1.jar:/home/bs01463/.cache/coursier/v1/https/repo1.maven.org/maven2/org/reactivestreams/reactive-streams/1.0.4/reactive-streams-1.0.4.jar:/home/bs01463/.cache/coursier/v1/https/repo1.maven.org/maven2/org/apache/pekko/pekko-stream_2.13/1.0.2/pekko-stream_2.13-1.0.2.jar:/home/bs01463/.cache/coursier/v1/https/repo1.maven.org/maven2/org/apache/pekko/pekko-parsing_2.13/1.0.1/pekko-parsing_2.13-1.0.1.jar:/home/bs01463/.cache/coursier/v1/https/repo1.maven.org/maven2/org/parboiled/parboiled_2.13/2.5.0/parboiled_2.13-2.5.0.jar:/home/bs01463/.cache/coursier/v1/https/repo1.maven.org/maven2/jakarta/validation/jakarta.validation-api/2.0.2/jakarta.validation-api-2.0.2.jar:/home/bs01463/.cache/coursier/v1/https/repo1.maven.org/maven2/org/jboss/logging/jboss-logging/3.4.1.Final/jboss-logging-3.4.1.Final.jar:/home/bs01463/.cache/coursier/v1/https/repo1.maven.org/maven2/com/fasterxml/classmate/1.5.1/classmate-1.5.1.jar:/home/bs01463/.cache/coursier/v1/https/repo1.maven.org/maven2/jakarta/inject/jakarta.inject-api/2.0.1/jakarta.inject-api-2.0.1.jar:/home/bs01463/.cache/coursier/v1/https/repo1.maven.org/maven2/aopalliance/aopalliance/1.0/aopalliance-1.0.jar:/home/bs01463/.cache/coursier/v1/https/repo1.maven.org/maven2/com/google/errorprone/error_prone_annotations/2.21.1/error_prone_annotations-2.21.1.jar:/home/bs01463/.cache/coursier/v1/https/repo1.maven.org/maven2/com/google/protobuf/protobuf-java/3.21.9/protobuf-java-3.21.9.jar:/home/bs01463/.cache/coursier/v1/https/repo1.maven.org/maven2/io/avaje/avaje-applog/1.0/avaje-applog-1.0.jar:/home/bs01463/.cache/coursier/v1/https/repo1.maven.org/maven2/io/avaje/avaje-applog-slf4j/1.0/avaje-applog-slf4j-1.0.jar:/home/bs01463/.cache/coursier/v1/https/repo1.maven.org/maven2/io/avaje/avaje-lang/1.1/avaje-lang-1.1.jar:/home/bs01463/.cache/coursier/v1/https/repo1.maven.org/maven2/io/avaje/avaje-config/3.12/avaje-config-3.12.jar:/home/bs01463/.cache/coursier/v1/https/repo1.maven.org/maven2/io/ebean/jakarta-persistence-api/3.0/jakarta-persistence-api-3.0.jar:/home/bs01463/.cache/coursier/v1/https/repo1.maven.org/maven2/io/ebean/ebean-annotation/8.4/ebean-annotation-8.4.jar:/home/bs01463/.cache/coursier/v1/https/repo1.maven.org/maven2/io/ebean/ebean-types/3.0/ebean-types-3.0.jar:/home/bs01463/.cache/coursier/v1/https/repo1.maven.org/maven2/io/ebean/ebean-datasource-api/8.12/ebean-datasource-api-8.12.jar:/home/bs01463/.cache/coursier/v1/https/repo1.maven.org/maven2/io/avaje/classpath-scanner/7.1/classpath-scanner-7.1.jar:/home/bs01463/.cache/coursier/v1/https/repo1.maven.org/maven2/io/ebean/ebean-migration-auto/1.2/ebean-migration-auto-1.2.jar:/home/bs01463/.cache/coursier/v1/https/repo1.maven.org/maven2/io/ebean/ebean-core-type/15.1.0/ebean-core-type-15.1.0.jar:/home/bs01463/.cache/coursier/v1/https/repo1.maven.org/maven2/joda-time/joda-time/2.11.1/joda-time-2.11.1.jar:/home/bs01463/.cache/coursier/v1/https/repo1.maven.org/maven2/io/ebean/ebean-platform-h2/15.1.0/ebean-platform-h2-15.1.0.jar:/home/bs01463/.cache/coursier/v1/https/repo1.maven.org/maven2/io/ebean/ebean-platform-clickhouse/15.1.0/ebean-platform-clickhouse-15.1.0.jar:/home/bs01463/.cache/coursier/v1/https/repo1.maven.org/maven2/io/ebean/ebean-platform-db2/15.1.0/ebean-platform-db2-15.1.0.jar:/home/bs01463/.cache/coursier/v1/https/repo1.maven.org/maven2/io/ebean/ebean-platform-hana/15.1.0/ebean-platform-hana-15.1.0.jar:/home/bs01463/.cache/coursier/v1/https/repo1.maven.org/maven2/io/ebean/ebean-platform-hsqldb/15.1.0/ebean-platform-hsqldb-15.1.0.jar:/home/bs01463/.cache/coursier/v1/https/repo1.maven.org/maven2/io/ebean/ebean-platform-mysql/15.1.0/ebean-platform-mysql-15.1.0.jar:/home/bs01463/.cache/coursier/v1/https/repo1.maven.org/maven2/io/ebean/ebean-platform-mariadb/15.1.0/ebean-platform-mariadb-15.1.0.jar:/home/bs01463/.cache/coursier/v1/https/repo1.maven.org/maven2/io/ebean/ebean-platform-nuodb/15.1.0/ebean-platform-nuodb-15.1.0.jar:/home/bs01463/.cache/coursier/v1/https/repo1.maven.org/maven2/io/ebean/ebean-platform-oracle/15.1.0/ebean-platform-oracle-15.1.0.jar:/home/bs01463/.cache/coursier/v1/https/repo1.maven.org/maven2/io/ebean/ebean-platform-postgres/15.1.0/ebean-platform-postgres-15.1.0.jar:/home/bs01463/.cache/coursier/v1/https/repo1.maven.org/maven2/io/ebean/ebean-platform-sqlanywhere/15.1.0/ebean-platform-sqlanywhere-15.1.0.jar:/home/bs01463/.cache/coursier/v1/https/repo1.maven.org/maven2/io/ebean/ebean-platform-sqlite/15.1.0/ebean-platform-sqlite-15.1.0.jar:/home/bs01463/.cache/coursier/v1/https/repo1.maven.org/maven2/io/ebean/ebean-platform-sqlserver/15.1.0/ebean-platform-sqlserver-15.1.0.jar:/home/bs01463/.cache/coursier/v1/https/repo1.maven.org/maven2/com/zaxxer/HikariCP/5.0.1/HikariCP-5.0.1.jar:/home/bs01463/.cache/coursier/v1/https/repo1.maven.org/maven2/com/googlecode/usc/jdbcdslog/1.0.6.2/jdbcdslog-1.0.6.2.jar:/home/bs01463/.cache/coursier/v1/https/repo1.maven.org/maven2/tyrex/tyrex/1.0.1/tyrex-1.0.1.jar:/home/bs01463/.cache/coursier/v1/https/repo1.maven.org/maven2/org/playframework/play-exceptions/3.0.2/play-exceptions-3.0.2.jar:/home/bs01463/.cache/coursier/v1/https/repo1.maven.org/maven2/com/typesafe/config/1.4.3/config-1.4.3.jar:/home/bs01463/.cache/coursier/v1/https/repo1.maven.org/maven2/org/lz4/lz4-java/1.8.0/lz4-java-1.8.0.jar:/home/bs01463/.cache/coursier/v1/https/repo1.maven.org/maven2/com/thoughtworks/paranamer/paranamer/2.8/paranamer-2.8.jar:/home/bs01463/.cache/coursier/v1/https/repo1.maven.org/maven2/org/playframework/play-functional_2.13/3.0.2/play-functional_2.13-3.0.2.jar:/home/bs01463/.cache/coursier/v1/https/repo1.maven.org/maven2/org/scala-lang/scala-reflect/2.13.16/scala-reflect-2.13.16.jar:/home/bs01463/.cache/coursier/v1/https/repo1.maven.org/maven2/com/google/guava/failureaccess/1.0.1/failureaccess-1.0.1.jar:/home/bs01463/.cache/coursier/v1/https/repo1.maven.org/maven2/com/google/guava/listenablefuture/9999.0-empty-to-avoid-conflict-with-guava/listenablefuture-9999.0-empty-to-avoid-conflict-with-guava.jar:/home/bs01463/.cache/coursier/v1/https/repo1.maven.org/maven2/org/checkerframework/checker-qual/3.37.0/checker-qual-3.37.0.jar:/home/bs01463/.cache/coursier/v1/https/repo1.maven.org/maven2/com/google/j2objc/j2objc-annotations/2.8/j2objc-annotations-2.8.jar:/home/bs01463/.cache/coursier/v1/https/repo1.maven.org/maven2/org/apache/pekko/pekko-protobuf-v3_2.13/1.0.2/pekko-protobuf-v3_2.13-1.0.2.jar:/home/bs01463/.cache/coursier/v1/https/repo1.maven.org/maven2/io/avaje/classpath-scanner-api/7.1/classpath-scanner-api-7.1.jar -Xplugin-require:semanticdb -Yrangepos -Ymacro-expand:discard -Ycache-plugin-class-loader:last-modified -Ypresentation-any-thread

  last tree to typer: TypeTree
       tree position: line 23 of file:///home/bs01463/Desktop/java/play-3/app/controllers/ProductController.scala
            tree tpe: <error>
              symbol: <none>
   symbol definition: <none> (a NoSymbol)
      symbol package: <none>
       symbol owners: 
           call site: <none> in <none>

== Source file context for tree position ==

    20           this.productRepository = productRepository;
    21       }
    22 
    23   def list = Action {
    24     val products = _CURSOR_ProductRepository.findAll()
    25     Ok(Json.toJson(products))
    26   } (full report at: "/home/bs01463/Desktop/java/play-3/.metals/.reports/metals-full/2025-07-28/r_compiler-error_(root)_17-43-54-232.md")[0m
Jul 28, 2025 5:44:01 PM scala.meta.internal.pc.CompilerAccess retryWithCleanCompiler
INFO: compiler crashed due to an error in the Scala compiler, retrying with new compiler instance.
2025.07.28 17:44:01 INFO  Created report: Optional[file:///home/bs01463/Desktop/java/play-3/app/controllers/ProductController.scala][0m
2025.07.28 17:44:01 INFO  scala.reflect.internal.FatalError: 
  ThisType(method ProductController) for sym which is not a class
     while compiling: file:///home/bs01463/Desktop/java/play-3/app/controllers/ProductController.scala
        during phase: globalPhase=<no phase>, enteringPhase=parser
     library version: version 2.13.16
    compiler version: version 2.13.16
  reconstructed args: -deprecation -encoding utf8 -unchecked -Wconf:cat=unchecked:w -Wconf:cat=deprecation:ws -Wconf:cat=feature:ws -Wconf:cat=optimizer:ws -classpath /home/bs01463/Desktop/java/play-3/.bloop/root/bloop-bsp-clients-classes/classes-Metals-seFHOEuIT2mePzfV6AjrSQ==:/home/bs01463/.cache/coursier/v1/https/repo1.maven.org/maven2/com/sourcegraph/semanticdb-javac/0.10.4/semanticdb-javac-0.10.4.jar:/home/bs01463/.cache/coursier/v1/https/repo1.maven.org/maven2/org/scala-lang/scala-library/2.13.16/scala-library-2.13.16.jar:/home/bs01463/.cache/coursier/v1/https/repo1.maven.org/maven2/org/playframework/play-ebean_2.13/8.3.0/play-ebean_2.13-8.3.0.jar:/home/bs01463/.cache/coursier/v1/https/repo1.maven.org/maven2/org/glassfish/jaxb/jaxb-runtime/4.0.5/jaxb-runtime-4.0.5.jar:/home/bs01463/.cache/coursier/v1/https/repo1.maven.org/maven2/org/playframework/twirl/twirl-api_2.13/2.0.4/twirl-api_2.13-2.0.4.jar:/home/bs01463/.cache/coursier/v1/https/repo1.maven.org/maven2/org/playframework/play-server_2.13/3.0.2/play-server_2.13-3.0.2.jar:/home/bs01463/.cache/coursier/v1/https/repo1.maven.org/maven2/org/playframework/play-logback_2.13/3.0.2/play-logback_2.13-3.0.2.jar:/home/bs01463/.cache/coursier/v1/https/repo1.maven.org/maven2/org/playframework/play-pekko-http-server_2.13/3.0.2/play-pekko-http-server_2.13-3.0.2.jar:/home/bs01463/.cache/coursier/v1/https/repo1.maven.org/maven2/org/playframework/play-filters-helpers_2.13/3.0.2/play-filters-helpers_2.13-3.0.2.jar:/home/bs01463/.cache/coursier/v1/https/repo1.maven.org/maven2/org/playframework/play-java-forms_2.13/3.0.2/play-java-forms_2.13-3.0.2.jar:/home/bs01463/.cache/coursier/v1/https/repo1.maven.org/maven2/org/playframework/play-guice_2.13/3.0.2/play-guice_2.13-3.0.2.jar:/home/bs01463/.cache/coursier/v1/https/repo1.maven.org/maven2/io/ebean/ebean/15.1.0/ebean-15.1.0.jar:/home/bs01463/.cache/coursier/v1/https/repo1.maven.org/maven2/com/fasterxml/jackson/core/jackson-databind/2.14.2/jackson-databind-2.14.2.jar:/home/bs01463/.cache/coursier/v1/https/repo1.maven.org/maven2/io/ebean/ebean-ddl-generator/15.1.0/ebean-ddl-generator-15.1.0.jar:/home/bs01463/.cache/coursier/v1/https/repo1.maven.org/maven2/io/ebean/ebean-agent/15.1.0/ebean-agent-15.1.0.jar:/home/bs01463/.cache/coursier/v1/https/repo1.maven.org/maven2/org/playframework/play-java-jdbc_2.13/3.0.2/play-java-jdbc_2.13-3.0.2.jar:/home/bs01463/.cache/coursier/v1/https/repo1.maven.org/maven2/org/playframework/play-jdbc-evolutions_2.13/3.0.2/play-jdbc-evolutions_2.13-3.0.2.jar:/home/bs01463/.cache/coursier/v1/https/repo1.maven.org/maven2/org/reflections/reflections/0.10.2/reflections-0.10.2.jar:/home/bs01463/.cache/coursier/v1/https/repo1.maven.org/maven2/org/glassfish/jaxb/jaxb-core/4.0.5/jaxb-core-4.0.5.jar:/home/bs01463/.cache/coursier/v1/https/repo1.maven.org/maven2/org/scala-lang/modules/scala-xml_2.13/2.2.0/scala-xml_2.13-2.2.0.jar:/home/bs01463/.cache/coursier/v1/https/repo1.maven.org/maven2/org/playframework/play_2.13/3.0.2/play_2.13-3.0.2.jar:/home/bs01463/.cache/coursier/v1/https/repo1.maven.org/maven2/ch/qos/logback/logback-classic/1.5.1/logback-classic-1.5.1.jar:/home/bs01463/.cache/coursier/v1/https/repo1.maven.org/maven2/org/playframework/play-streams_2.13/3.0.2/play-streams_2.13-3.0.2.jar:/home/bs01463/.cache/coursier/v1/https/repo1.maven.org/maven2/org/apache/pekko/pekko-http-core_2.13/1.0.1/pekko-http-core_2.13-1.0.1.jar:/home/bs01463/.cache/coursier/v1/https/repo1.maven.org/maven2/org/playframework/play-java_2.13/3.0.2/play-java_2.13-3.0.2.jar:/home/bs01463/.cache/coursier/v1/https/repo1.maven.org/maven2/net/jodah/typetools/0.6.3/typetools-0.6.3.jar:/home/bs01463/.cache/coursier/v1/https/repo1.maven.org/maven2/org/hibernate/validator/hibernate-validator/6.2.5.Final/hibernate-validator-6.2.5.Final.jar:/home/bs01463/.cache/coursier/v1/https/repo1.maven.org/maven2/org/springframework/spring-context/5.3.32/spring-context-5.3.32.jar:/home/bs01463/.cache/coursier/v1/https/repo1.maven.org/maven2/org/springframework/spring-core/5.3.32/spring-core-5.3.32.jar:/home/bs01463/.cache/coursier/v1/https/repo1.maven.org/maven2/org/springframework/spring-beans/5.3.32/spring-beans-5.3.32.jar:/home/bs01463/.cache/coursier/v1/https/repo1.maven.org/maven2/com/google/inject/guice/6.0.0/guice-6.0.0.jar:/home/bs01463/.cache/coursier/v1/https/repo1.maven.org/maven2/com/google/inject/extensions/guice-assistedinject/6.0.0/guice-assistedinject-6.0.0.jar:/home/bs01463/.cache/coursier/v1/https/repo1.maven.org/maven2/com/mysql/mysql-connector-j/8.0.33/mysql-connector-j-8.0.33.jar:/home/bs01463/.cache/coursier/v1/https/repo1.maven.org/maven2/io/ebean/ebean-api/15.1.0/ebean-api-15.1.0.jar:/home/bs01463/.cache/coursier/v1/https/repo1.maven.org/maven2/io/ebean/ebean-core/15.1.0/ebean-core-15.1.0.jar:/home/bs01463/.cache/coursier/v1/https/repo1.maven.org/maven2/io/ebean/ebean-joda-time/14.0.0/ebean-joda-time-14.0.0.jar:/home/bs01463/.cache/coursier/v1/https/repo1.maven.org/maven2/io/ebean/ebean-jackson-jsonnode/14.0.0/ebean-jackson-jsonnode-14.0.0.jar:/home/bs01463/.cache/coursier/v1/https/repo1.maven.org/maven2/io/ebean/ebean-jackson-mapper/15.1.0/ebean-jackson-mapper-15.1.0.jar:/home/bs01463/.cache/coursier/v1/https/repo1.maven.org/maven2/io/ebean/ebean-datasource/8.12/ebean-datasource-8.12.jar:/home/bs01463/.cache/coursier/v1/https/repo1.maven.org/maven2/io/ebean/ebean-migration/14.0.0/ebean-migration-14.0.0.jar:/home/bs01463/.cache/coursier/v1/https/repo1.maven.org/maven2/io/ebean/ebean-querybean/15.1.0/ebean-querybean-15.1.0.jar:/home/bs01463/.cache/coursier/v1/https/repo1.maven.org/maven2/io/ebean/ebean-platform-all/15.1.0/ebean-platform-all-15.1.0.jar:/home/bs01463/.cache/coursier/v1/https/repo1.maven.org/maven2/com/fasterxml/jackson/core/jackson-annotations/2.14.3/jackson-annotations-2.14.3.jar:/home/bs01463/.cache/coursier/v1/https/repo1.maven.org/maven2/com/fasterxml/jackson/core/jackson-core/2.15.0/jackson-core-2.15.0.jar:/home/bs01463/.cache/coursier/v1/https/repo1.maven.org/maven2/io/ebean/ebean-ddl-runner/2.3/ebean-ddl-runner-2.3.jar:/home/bs01463/.cache/coursier/v1/https/repo1.maven.org/maven2/jakarta/xml/bind/jakarta.xml.bind-api/4.0.2/jakarta.xml.bind-api-4.0.2.jar:/home/bs01463/.cache/coursier/v1/https/repo1.maven.org/maven2/org/playframework/play-jdbc_2.13/3.0.2/play-jdbc_2.13-3.0.2.jar:/home/bs01463/.cache/coursier/v1/https/repo1.maven.org/maven2/org/playframework/play-jdbc-api_2.13/3.0.2/play-jdbc-api_2.13-3.0.2.jar:/home/bs01463/.cache/coursier/v1/https/repo1.maven.org/maven2/org/javassist/javassist/3.28.0-GA/javassist-3.28.0-GA.jar:/home/bs01463/.cache/coursier/v1/https/repo1.maven.org/maven2/com/google/code/findbugs/jsr305/3.0.2/jsr305-3.0.2.jar:/home/bs01463/.cache/coursier/v1/https/repo1.maven.org/maven2/org/slf4j/slf4j-api/2.0.12/slf4j-api-2.0.12.jar:/home/bs01463/.cache/coursier/v1/https/repo1.maven.org/maven2/jakarta/activation/jakarta.activation-api/2.1.3/jakarta.activation-api-2.1.3.jar:/home/bs01463/.cache/coursier/v1/https/repo1.maven.org/maven2/org/eclipse/angus/angus-activation/2.0.2/angus-activation-2.0.2.jar:/home/bs01463/.cache/coursier/v1/https/repo1.maven.org/maven2/org/glassfish/jaxb/txw2/4.0.5/txw2-4.0.5.jar:/home/bs01463/.cache/coursier/v1/https/repo1.maven.org/maven2/com/sun/istack/istack-commons-runtime/4.1.2/istack-commons-runtime-4.1.2.jar:/home/bs01463/.cache/coursier/v1/https/repo1.maven.org/maven2/org/playframework/play-build-link/3.0.2/play-build-link-3.0.2.jar:/home/bs01463/.cache/coursier/v1/https/repo1.maven.org/maven2/org/playframework/play-configuration_2.13/3.0.2/play-configuration_2.13-3.0.2.jar:/home/bs01463/.cache/coursier/v1/https/repo1.maven.org/maven2/org/slf4j/jul-to-slf4j/2.0.12/jul-to-slf4j-2.0.12.jar:/home/bs01463/.cache/coursier/v1/https/repo1.maven.org/maven2/org/slf4j/jcl-over-slf4j/2.0.12/jcl-over-slf4j-2.0.12.jar:/home/bs01463/.cache/coursier/v1/https/repo1.maven.org/maven2/org/apache/pekko/pekko-actor_2.13/1.0.2/pekko-actor_2.13-1.0.2.jar:/home/bs01463/.cache/coursier/v1/https/repo1.maven.org/maven2/org/apache/pekko/pekko-actor-typed_2.13/1.0.2/pekko-actor-typed_2.13-1.0.2.jar:/home/bs01463/.cache/coursier/v1/https/repo1.maven.org/maven2/org/apache/pekko/pekko-slf4j_2.13/1.0.2/pekko-slf4j_2.13-1.0.2.jar:/home/bs01463/.cache/coursier/v1/https/repo1.maven.org/maven2/org/apache/pekko/pekko-serialization-jackson_2.13/1.0.2/pekko-serialization-jackson_2.13-1.0.2.jar:/home/bs01463/.cache/coursier/v1/https/repo1.maven.org/maven2/com/fasterxml/jackson/datatype/jackson-datatype-jdk8/2.14.3/jackson-datatype-jdk8-2.14.3.jar:/home/bs01463/.cache/coursier/v1/https/repo1.maven.org/maven2/com/fasterxml/jackson/datatype/jackson-datatype-jsr310/2.14.3/jackson-datatype-jsr310-2.14.3.jar:/home/bs01463/.cache/coursier/v1/https/repo1.maven.org/maven2/com/fasterxml/jackson/dataformat/jackson-dataformat-cbor/2.14.3/jackson-dataformat-cbor-2.14.3.jar:/home/bs01463/.cache/coursier/v1/https/repo1.maven.org/maven2/com/fasterxml/jackson/module/jackson-module-parameter-names/2.14.3/jackson-module-parameter-names-2.14.3.jar:/home/bs01463/.cache/coursier/v1/https/repo1.maven.org/maven2/com/fasterxml/jackson/module/jackson-module-scala_2.13/2.14.3/jackson-module-scala_2.13-2.14.3.jar:/home/bs01463/.cache/coursier/v1/https/repo1.maven.org/maven2/io/jsonwebtoken/jjwt-api/0.11.5/jjwt-api-0.11.5.jar:/home/bs01463/.cache/coursier/v1/https/repo1.maven.org/maven2/io/jsonwebtoken/jjwt-impl/0.11.5/jjwt-impl-0.11.5.jar:/home/bs01463/.cache/coursier/v1/https/repo1.maven.org/maven2/io/jsonwebtoken/jjwt-jackson/0.11.5/jjwt-jackson-0.11.5.jar:/home/bs01463/.cache/coursier/v1/https/repo1.maven.org/maven2/org/playframework/play-json_2.13/3.0.2/play-json_2.13-3.0.2.jar:/home/bs01463/.cache/coursier/v1/https/repo1.maven.org/maven2/com/google/guava/guava/32.1.3-jre/guava-32.1.3-jre.jar:/home/bs01463/.cache/coursier/v1/https/repo1.maven.org/maven2/javax/inject/javax.inject/1/javax.inject-1.jar:/home/bs01463/.cache/coursier/v1/https/repo1.maven.org/maven2/com/typesafe/ssl-config-core_2.13/0.6.1/ssl-config-core_2.13-0.6.1.jar:/home/bs01463/.cache/coursier/v1/https/repo1.maven.org/maven2/org/scala-lang/modules/scala-parser-combinators_2.13/1.1.2/scala-parser-combinators_2.13-1.1.2.jar:/home/bs01463/.cache/coursier/v1/https/repo1.maven.org/maven2/ch/qos/logback/logback-core/1.5.1/logback-core-1.5.1.jar:/home/bs01463/.cache/coursier/v1/https/repo1.maven.org/maven2/org/reactivestreams/reactive-streams/1.0.4/reactive-streams-1.0.4.jar:/home/bs01463/.cache/coursier/v1/https/repo1.maven.org/maven2/org/apache/pekko/pekko-stream_2.13/1.0.2/pekko-stream_2.13-1.0.2.jar:/home/bs01463/.cache/coursier/v1/https/repo1.maven.org/maven2/org/apache/pekko/pekko-parsing_2.13/1.0.1/pekko-parsing_2.13-1.0.1.jar:/home/bs01463/.cache/coursier/v1/https/repo1.maven.org/maven2/org/parboiled/parboiled_2.13/2.5.0/parboiled_2.13-2.5.0.jar:/home/bs01463/.cache/coursier/v1/https/repo1.maven.org/maven2/jakarta/validation/jakarta.validation-api/2.0.2/jakarta.validation-api-2.0.2.jar:/home/bs01463/.cache/coursier/v1/https/repo1.maven.org/maven2/org/jboss/logging/jboss-logging/3.4.1.Final/jboss-logging-3.4.1.Final.jar:/home/bs01463/.cache/coursier/v1/https/repo1.maven.org/maven2/com/fasterxml/classmate/1.5.1/classmate-1.5.1.jar:/home/bs01463/.cache/coursier/v1/https/repo1.maven.org/maven2/jakarta/inject/jakarta.inject-api/2.0.1/jakarta.inject-api-2.0.1.jar:/home/bs01463/.cache/coursier/v1/https/repo1.maven.org/maven2/aopalliance/aopalliance/1.0/aopalliance-1.0.jar:/home/bs01463/.cache/coursier/v1/https/repo1.maven.org/maven2/com/google/errorprone/error_prone_annotations/2.21.1/error_prone_annotations-2.21.1.jar:/home/bs01463/.cache/coursier/v1/https/repo1.maven.org/maven2/com/google/protobuf/protobuf-java/3.21.9/protobuf-java-3.21.9.jar:/home/bs01463/.cache/coursier/v1/https/repo1.maven.org/maven2/io/avaje/avaje-applog/1.0/avaje-applog-1.0.jar:/home/bs01463/.cache/coursier/v1/https/repo1.maven.org/maven2/io/avaje/avaje-applog-slf4j/1.0/avaje-applog-slf4j-1.0.jar:/home/bs01463/.cache/coursier/v1/https/repo1.maven.org/maven2/io/avaje/avaje-lang/1.1/avaje-lang-1.1.jar:/home/bs01463/.cache/coursier/v1/https/repo1.maven.org/maven2/io/avaje/avaje-config/3.12/avaje-config-3.12.jar:/home/bs01463/.cache/coursier/v1/https/repo1.maven.org/maven2/io/ebean/jakarta-persistence-api/3.0/jakarta-persistence-api-3.0.jar:/home/bs01463/.cache/coursier/v1/https/repo1.maven.org/maven2/io/ebean/ebean-annotation/8.4/ebean-annotation-8.4.jar:/home/bs01463/.cache/coursier/v1/https/repo1.maven.org/maven2/io/ebean/ebean-types/3.0/ebean-types-3.0.jar:/home/bs01463/.cache/coursier/v1/https/repo1.maven.org/maven2/io/ebean/ebean-datasource-api/8.12/ebean-datasource-api-8.12.jar:/home/bs01463/.cache/coursier/v1/https/repo1.maven.org/maven2/io/avaje/classpath-scanner/7.1/classpath-scanner-7.1.jar:/home/bs01463/.cache/coursier/v1/https/repo1.maven.org/maven2/io/ebean/ebean-migration-auto/1.2/ebean-migration-auto-1.2.jar:/home/bs01463/.cache/coursier/v1/https/repo1.maven.org/maven2/io/ebean/ebean-core-type/15.1.0/ebean-core-type-15.1.0.jar:/home/bs01463/.cache/coursier/v1/https/repo1.maven.org/maven2/joda-time/joda-time/2.11.1/joda-time-2.11.1.jar:/home/bs01463/.cache/coursier/v1/https/repo1.maven.org/maven2/io/ebean/ebean-platform-h2/15.1.0/ebean-platform-h2-15.1.0.jar:/home/bs01463/.cache/coursier/v1/https/repo1.maven.org/maven2/io/ebean/ebean-platform-clickhouse/15.1.0/ebean-platform-clickhouse-15.1.0.jar:/home/bs01463/.cache/coursier/v1/https/repo1.maven.org/maven2/io/ebean/ebean-platform-db2/15.1.0/ebean-platform-db2-15.1.0.jar:/home/bs01463/.cache/coursier/v1/https/repo1.maven.org/maven2/io/ebean/ebean-platform-hana/15.1.0/ebean-platform-hana-15.1.0.jar:/home/bs01463/.cache/coursier/v1/https/repo1.maven.org/maven2/io/ebean/ebean-platform-hsqldb/15.1.0/ebean-platform-hsqldb-15.1.0.jar:/home/bs01463/.cache/coursier/v1/https/repo1.maven.org/maven2/io/ebean/ebean-platform-mysql/15.1.0/ebean-platform-mysql-15.1.0.jar:/home/bs01463/.cache/coursier/v1/https/repo1.maven.org/maven2/io/ebean/ebean-platform-mariadb/15.1.0/ebean-platform-mariadb-15.1.0.jar:/home/bs01463/.cache/coursier/v1/https/repo1.maven.org/maven2/io/ebean/ebean-platform-nuodb/15.1.0/ebean-platform-nuodb-15.1.0.jar:/home/bs01463/.cache/coursier/v1/https/repo1.maven.org/maven2/io/ebean/ebean-platform-oracle/15.1.0/ebean-platform-oracle-15.1.0.jar:/home/bs01463/.cache/coursier/v1/https/repo1.maven.org/maven2/io/ebean/ebean-platform-postgres/15.1.0/ebean-platform-postgres-15.1.0.jar:/home/bs01463/.cache/coursier/v1/https/repo1.maven.org/maven2/io/ebean/ebean-platform-sqlanywhere/15.1.0/ebean-platform-sqlanywhere-15.1.0.jar:/home/bs01463/.cache/coursier/v1/https/repo1.maven.org/maven2/io/ebean/ebean-platform-sqlite/15.1.0/ebean-platform-sqlite-15.1.0.jar:/home/bs01463/.cache/coursier/v1/https/repo1.maven.org/maven2/io/ebean/ebean-platform-sqlserver/15.1.0/ebean-platform-sqlserver-15.1.0.jar:/home/bs01463/.cache/coursier/v1/https/repo1.maven.org/maven2/com/zaxxer/HikariCP/5.0.1/HikariCP-5.0.1.jar:/home/bs01463/.cache/coursier/v1/https/repo1.maven.org/maven2/com/googlecode/usc/jdbcdslog/1.0.6.2/jdbcdslog-1.0.6.2.jar:/home/bs01463/.cache/coursier/v1/https/repo1.maven.org/maven2/tyrex/tyrex/1.0.1/tyrex-1.0.1.jar:/home/bs01463/.cache/coursier/v1/https/repo1.maven.org/maven2/org/playframework/play-exceptions/3.0.2/play-exceptions-3.0.2.jar:/home/bs01463/.cache/coursier/v1/https/repo1.maven.org/maven2/com/typesafe/config/1.4.3/config-1.4.3.jar:/home/bs01463/.cache/coursier/v1/https/repo1.maven.org/maven2/org/lz4/lz4-java/1.8.0/lz4-java-1.8.0.jar:/home/bs01463/.cache/coursier/v1/https/repo1.maven.org/maven2/com/thoughtworks/paranamer/paranamer/2.8/paranamer-2.8.jar:/home/bs01463/.cache/coursier/v1/https/repo1.maven.org/maven2/org/playframework/play-functional_2.13/3.0.2/play-functional_2.13-3.0.2.jar:/home/bs01463/.cache/coursier/v1/https/repo1.maven.org/maven2/org/scala-lang/scala-reflect/2.13.16/scala-reflect-2.13.16.jar:/home/bs01463/.cache/coursier/v1/https/repo1.maven.org/maven2/com/google/guava/failureaccess/1.0.1/failureaccess-1.0.1.jar:/home/bs01463/.cache/coursier/v1/https/repo1.maven.org/maven2/com/google/guava/listenablefuture/9999.0-empty-to-avoid-conflict-with-guava/listenablefuture-9999.0-empty-to-avoid-conflict-with-guava.jar:/home/bs01463/.cache/coursier/v1/https/repo1.maven.org/maven2/org/checkerframework/checker-qual/3.37.0/checker-qual-3.37.0.jar:/home/bs01463/.cache/coursier/v1/https/repo1.maven.org/maven2/com/google/j2objc/j2objc-annotations/2.8/j2objc-annotations-2.8.jar:/home/bs01463/.cache/coursier/v1/https/repo1.maven.org/maven2/org/apache/pekko/pekko-protobuf-v3_2.13/1.0.2/pekko-protobuf-v3_2.13-1.0.2.jar:/home/bs01463/.cache/coursier/v1/https/repo1.maven.org/maven2/io/avaje/classpath-scanner-api/7.1/classpath-scanner-api-7.1.jar -Xplugin-require:semanticdb -Yrangepos -Ymacro-expand:discard -Ycache-plugin-class-loader:last-modified -Ypresentation-any-thread

  last tree to typer: TypeTree
       tree position: line 23 of file:///home/bs01463/Desktop/java/play-3/app/controllers/ProductController.scala
            tree tpe: <error>
              symbol: <none>
   symbol definition: <none> (a NoSymbol)
      symbol package: <none>
       symbol owners: 
           call site: <none> in <none>

== Source file context for tree position ==

    20           this.productRepository = productRepository;
    21       }
    22 
    23   def list = Action {
    24     val products = _CURSOR_ProductRepository.findAll()
    25     Ok(Json.toJson(products))
    26   } (full report at: "/home/bs01463/Desktop/java/play-3/.metals/.reports/metals-full/2025-07-28/r_compiler-error_(root)_17-44-01-516.md")[0m
2025.07.28 17:44:02 INFO  empty definition using pc, found symbol in pc:  (full report at: "/home/bs01463/Desktop/java/play-3/.metals/.reports/metals-full/2025-07-28/r_empty-definition_(root)_17-36-44-114.md")[0m
Jul 28, 2025 5:44:02 PM scala.meta.internal.pc.CompilerAccess retryWithCleanCompiler
INFO: compiler crashed due to an error in the Scala compiler, retrying with new compiler instance.
2025.07.28 17:44:02 INFO  Created report: Optional[file:///home/bs01463/Desktop/java/play-3/app/controllers/ProductController.scala][0m
2025.07.28 17:44:02 INFO  scala.reflect.internal.FatalError: 
  ThisType(method ProductController) for sym which is not a class
     while compiling: file:///home/bs01463/Desktop/java/play-3/app/controllers/ProductController.scala
        during phase: globalPhase=<no phase>, enteringPhase=parser
     library version: version 2.13.16
    compiler version: version 2.13.16
  reconstructed args: -deprecation -encoding utf8 -unchecked -Wconf:cat=unchecked:w -Wconf:cat=deprecation:ws -Wconf:cat=feature:ws -Wconf:cat=optimizer:ws -classpath /home/bs01463/Desktop/java/play-3/.bloop/root/bloop-bsp-clients-classes/classes-Metals-seFHOEuIT2mePzfV6AjrSQ==:/home/bs01463/.cache/coursier/v1/https/repo1.maven.org/maven2/com/sourcegraph/semanticdb-javac/0.10.4/semanticdb-javac-0.10.4.jar:/home/bs01463/.cache/coursier/v1/https/repo1.maven.org/maven2/org/scala-lang/scala-library/2.13.16/scala-library-2.13.16.jar:/home/bs01463/.cache/coursier/v1/https/repo1.maven.org/maven2/org/playframework/play-ebean_2.13/8.3.0/play-ebean_2.13-8.3.0.jar:/home/bs01463/.cache/coursier/v1/https/repo1.maven.org/maven2/org/glassfish/jaxb/jaxb-runtime/4.0.5/jaxb-runtime-4.0.5.jar:/home/bs01463/.cache/coursier/v1/https/repo1.maven.org/maven2/org/playframework/twirl/twirl-api_2.13/2.0.4/twirl-api_2.13-2.0.4.jar:/home/bs01463/.cache/coursier/v1/https/repo1.maven.org/maven2/org/playframework/play-server_2.13/3.0.2/play-server_2.13-3.0.2.jar:/home/bs01463/.cache/coursier/v1/https/repo1.maven.org/maven2/org/playframework/play-logback_2.13/3.0.2/play-logback_2.13-3.0.2.jar:/home/bs01463/.cache/coursier/v1/https/repo1.maven.org/maven2/org/playframework/play-pekko-http-server_2.13/3.0.2/play-pekko-http-server_2.13-3.0.2.jar:/home/bs01463/.cache/coursier/v1/https/repo1.maven.org/maven2/org/playframework/play-filters-helpers_2.13/3.0.2/play-filters-helpers_2.13-3.0.2.jar:/home/bs01463/.cache/coursier/v1/https/repo1.maven.org/maven2/org/playframework/play-java-forms_2.13/3.0.2/play-java-forms_2.13-3.0.2.jar:/home/bs01463/.cache/coursier/v1/https/repo1.maven.org/maven2/org/playframework/play-guice_2.13/3.0.2/play-guice_2.13-3.0.2.jar:/home/bs01463/.cache/coursier/v1/https/repo1.maven.org/maven2/io/ebean/ebean/15.1.0/ebean-15.1.0.jar:/home/bs01463/.cache/coursier/v1/https/repo1.maven.org/maven2/com/fasterxml/jackson/core/jackson-databind/2.14.2/jackson-databind-2.14.2.jar:/home/bs01463/.cache/coursier/v1/https/repo1.maven.org/maven2/io/ebean/ebean-ddl-generator/15.1.0/ebean-ddl-generator-15.1.0.jar:/home/bs01463/.cache/coursier/v1/https/repo1.maven.org/maven2/io/ebean/ebean-agent/15.1.0/ebean-agent-15.1.0.jar:/home/bs01463/.cache/coursier/v1/https/repo1.maven.org/maven2/org/playframework/play-java-jdbc_2.13/3.0.2/play-java-jdbc_2.13-3.0.2.jar:/home/bs01463/.cache/coursier/v1/https/repo1.maven.org/maven2/org/playframework/play-jdbc-evolutions_2.13/3.0.2/play-jdbc-evolutions_2.13-3.0.2.jar:/home/bs01463/.cache/coursier/v1/https/repo1.maven.org/maven2/org/reflections/reflections/0.10.2/reflections-0.10.2.jar:/home/bs01463/.cache/coursier/v1/https/repo1.maven.org/maven2/org/glassfish/jaxb/jaxb-core/4.0.5/jaxb-core-4.0.5.jar:/home/bs01463/.cache/coursier/v1/https/repo1.maven.org/maven2/org/scala-lang/modules/scala-xml_2.13/2.2.0/scala-xml_2.13-2.2.0.jar:/home/bs01463/.cache/coursier/v1/https/repo1.maven.org/maven2/org/playframework/play_2.13/3.0.2/play_2.13-3.0.2.jar:/home/bs01463/.cache/coursier/v1/https/repo1.maven.org/maven2/ch/qos/logback/logback-classic/1.5.1/logback-classic-1.5.1.jar:/home/bs01463/.cache/coursier/v1/https/repo1.maven.org/maven2/org/playframework/play-streams_2.13/3.0.2/play-streams_2.13-3.0.2.jar:/home/bs01463/.cache/coursier/v1/https/repo1.maven.org/maven2/org/apache/pekko/pekko-http-core_2.13/1.0.1/pekko-http-core_2.13-1.0.1.jar:/home/bs01463/.cache/coursier/v1/https/repo1.maven.org/maven2/org/playframework/play-java_2.13/3.0.2/play-java_2.13-3.0.2.jar:/home/bs01463/.cache/coursier/v1/https/repo1.maven.org/maven2/net/jodah/typetools/0.6.3/typetools-0.6.3.jar:/home/bs01463/.cache/coursier/v1/https/repo1.maven.org/maven2/org/hibernate/validator/hibernate-validator/6.2.5.Final/hibernate-validator-6.2.5.Final.jar:/home/bs01463/.cache/coursier/v1/https/repo1.maven.org/maven2/org/springframework/spring-context/5.3.32/spring-context-5.3.32.jar:/home/bs01463/.cache/coursier/v1/https/repo1.maven.org/maven2/org/springframework/spring-core/5.3.32/spring-core-5.3.32.jar:/home/bs01463/.cache/coursier/v1/https/repo1.maven.org/maven2/org/springframework/spring-beans/5.3.32/spring-beans-5.3.32.jar:/home/bs01463/.cache/coursier/v1/https/repo1.maven.org/maven2/com/google/inject/guice/6.0.0/guice-6.0.0.jar:/home/bs01463/.cache/coursier/v1/https/repo1.maven.org/maven2/com/google/inject/extensions/guice-assistedinject/6.0.0/guice-assistedinject-6.0.0.jar:/home/bs01463/.cache/coursier/v1/https/repo1.maven.org/maven2/com/mysql/mysql-connector-j/8.0.33/mysql-connector-j-8.0.33.jar:/home/bs01463/.cache/coursier/v1/https/repo1.maven.org/maven2/io/ebean/ebean-api/15.1.0/ebean-api-15.1.0.jar:/home/bs01463/.cache/coursier/v1/https/repo1.maven.org/maven2/io/ebean/ebean-core/15.1.0/ebean-core-15.1.0.jar:/home/bs01463/.cache/coursier/v1/https/repo1.maven.org/maven2/io/ebean/ebean-joda-time/14.0.0/ebean-joda-time-14.0.0.jar:/home/bs01463/.cache/coursier/v1/https/repo1.maven.org/maven2/io/ebean/ebean-jackson-jsonnode/14.0.0/ebean-jackson-jsonnode-14.0.0.jar:/home/bs01463/.cache/coursier/v1/https/repo1.maven.org/maven2/io/ebean/ebean-jackson-mapper/15.1.0/ebean-jackson-mapper-15.1.0.jar:/home/bs01463/.cache/coursier/v1/https/repo1.maven.org/maven2/io/ebean/ebean-datasource/8.12/ebean-datasource-8.12.jar:/home/bs01463/.cache/coursier/v1/https/repo1.maven.org/maven2/io/ebean/ebean-migration/14.0.0/ebean-migration-14.0.0.jar:/home/bs01463/.cache/coursier/v1/https/repo1.maven.org/maven2/io/ebean/ebean-querybean/15.1.0/ebean-querybean-15.1.0.jar:/home/bs01463/.cache/coursier/v1/https/repo1.maven.org/maven2/io/ebean/ebean-platform-all/15.1.0/ebean-platform-all-15.1.0.jar:/home/bs01463/.cache/coursier/v1/https/repo1.maven.org/maven2/com/fasterxml/jackson/core/jackson-annotations/2.14.3/jackson-annotations-2.14.3.jar:/home/bs01463/.cache/coursier/v1/https/repo1.maven.org/maven2/com/fasterxml/jackson/core/jackson-core/2.15.0/jackson-core-2.15.0.jar:/home/bs01463/.cache/coursier/v1/https/repo1.maven.org/maven2/io/ebean/ebean-ddl-runner/2.3/ebean-ddl-runner-2.3.jar:/home/bs01463/.cache/coursier/v1/https/repo1.maven.org/maven2/jakarta/xml/bind/jakarta.xml.bind-api/4.0.2/jakarta.xml.bind-api-4.0.2.jar:/home/bs01463/.cache/coursier/v1/https/repo1.maven.org/maven2/org/playframework/play-jdbc_2.13/3.0.2/play-jdbc_2.13-3.0.2.jar:/home/bs01463/.cache/coursier/v1/https/repo1.maven.org/maven2/org/playframework/play-jdbc-api_2.13/3.0.2/play-jdbc-api_2.13-3.0.2.jar:/home/bs01463/.cache/coursier/v1/https/repo1.maven.org/maven2/org/javassist/javassist/3.28.0-GA/javassist-3.28.0-GA.jar:/home/bs01463/.cache/coursier/v1/https/repo1.maven.org/maven2/com/google/code/findbugs/jsr305/3.0.2/jsr305-3.0.2.jar:/home/bs01463/.cache/coursier/v1/https/repo1.maven.org/maven2/org/slf4j/slf4j-api/2.0.12/slf4j-api-2.0.12.jar:/home/bs01463/.cache/coursier/v1/https/repo1.maven.org/maven2/jakarta/activation/jakarta.activation-api/2.1.3/jakarta.activation-api-2.1.3.jar:/home/bs01463/.cache/coursier/v1/https/repo1.maven.org/maven2/org/eclipse/angus/angus-activation/2.0.2/angus-activation-2.0.2.jar:/home/bs01463/.cache/coursier/v1/https/repo1.maven.org/maven2/org/glassfish/jaxb/txw2/4.0.5/txw2-4.0.5.jar:/home/bs01463/.cache/coursier/v1/https/repo1.maven.org/maven2/com/sun/istack/istack-commons-runtime/4.1.2/istack-commons-runtime-4.1.2.jar:/home/bs01463/.cache/coursier/v1/https/repo1.maven.org/maven2/org/playframework/play-build-link/3.0.2/play-build-link-3.0.2.jar:/home/bs01463/.cache/coursier/v1/https/repo1.maven.org/maven2/org/playframework/play-configuration_2.13/3.0.2/play-configuration_2.13-3.0.2.jar:/home/bs01463/.cache/coursier/v1/https/repo1.maven.org/maven2/org/slf4j/jul-to-slf4j/2.0.12/jul-to-slf4j-2.0.12.jar:/home/bs01463/.cache/coursier/v1/https/repo1.maven.org/maven2/org/slf4j/jcl-over-slf4j/2.0.12/jcl-over-slf4j-2.0.12.jar:/home/bs01463/.cache/coursier/v1/https/repo1.maven.org/maven2/org/apache/pekko/pekko-actor_2.13/1.0.2/pekko-actor_2.13-1.0.2.jar:/home/bs01463/.cache/coursier/v1/https/repo1.maven.org/maven2/org/apache/pekko/pekko-actor-typed_2.13/1.0.2/pekko-actor-typed_2.13-1.0.2.jar:/home/bs01463/.cache/coursier/v1/https/repo1.maven.org/maven2/org/apache/pekko/pekko-slf4j_2.13/1.0.2/pekko-slf4j_2.13-1.0.2.jar:/home/bs01463/.cache/coursier/v1/https/repo1.maven.org/maven2/org/apache/pekko/pekko-serialization-jackson_2.13/1.0.2/pekko-serialization-jackson_2.13-1.0.2.jar:/home/bs01463/.cache/coursier/v1/https/repo1.maven.org/maven2/com/fasterxml/jackson/datatype/jackson-datatype-jdk8/2.14.3/jackson-datatype-jdk8-2.14.3.jar:/home/bs01463/.cache/coursier/v1/https/repo1.maven.org/maven2/com/fasterxml/jackson/datatype/jackson-datatype-jsr310/2.14.3/jackson-datatype-jsr310-2.14.3.jar:/home/bs01463/.cache/coursier/v1/https/repo1.maven.org/maven2/com/fasterxml/jackson/dataformat/jackson-dataformat-cbor/2.14.3/jackson-dataformat-cbor-2.14.3.jar:/home/bs01463/.cache/coursier/v1/https/repo1.maven.org/maven2/com/fasterxml/jackson/module/jackson-module-parameter-names/2.14.3/jackson-module-parameter-names-2.14.3.jar:/home/bs01463/.cache/coursier/v1/https/repo1.maven.org/maven2/com/fasterxml/jackson/module/jackson-module-scala_2.13/2.14.3/jackson-module-scala_2.13-2.14.3.jar:/home/bs01463/.cache/coursier/v1/https/repo1.maven.org/maven2/io/jsonwebtoken/jjwt-api/0.11.5/jjwt-api-0.11.5.jar:/home/bs01463/.cache/coursier/v1/https/repo1.maven.org/maven2/io/jsonwebtoken/jjwt-impl/0.11.5/jjwt-impl-0.11.5.jar:/home/bs01463/.cache/coursier/v1/https/repo1.maven.org/maven2/io/jsonwebtoken/jjwt-jackson/0.11.5/jjwt-jackson-0.11.5.jar:/home/bs01463/.cache/coursier/v1/https/repo1.maven.org/maven2/org/playframework/play-json_2.13/3.0.2/play-json_2.13-3.0.2.jar:/home/bs01463/.cache/coursier/v1/https/repo1.maven.org/maven2/com/google/guava/guava/32.1.3-jre/guava-32.1.3-jre.jar:/home/bs01463/.cache/coursier/v1/https/repo1.maven.org/maven2/javax/inject/javax.inject/1/javax.inject-1.jar:/home/bs01463/.cache/coursier/v1/https/repo1.maven.org/maven2/com/typesafe/ssl-config-core_2.13/0.6.1/ssl-config-core_2.13-0.6.1.jar:/home/bs01463/.cache/coursier/v1/https/repo1.maven.org/maven2/org/scala-lang/modules/scala-parser-combinators_2.13/1.1.2/scala-parser-combinators_2.13-1.1.2.jar:/home/bs01463/.cache/coursier/v1/https/repo1.maven.org/maven2/ch/qos/logback/logback-core/1.5.1/logback-core-1.5.1.jar:/home/bs01463/.cache/coursier/v1/https/repo1.maven.org/maven2/org/reactivestreams/reactive-streams/1.0.4/reactive-streams-1.0.4.jar:/home/bs01463/.cache/coursier/v1/https/repo1.maven.org/maven2/org/apache/pekko/pekko-stream_2.13/1.0.2/pekko-stream_2.13-1.0.2.jar:/home/bs01463/.cache/coursier/v1/https/repo1.maven.org/maven2/org/apache/pekko/pekko-parsing_2.13/1.0.1/pekko-parsing_2.13-1.0.1.jar:/home/bs01463/.cache/coursier/v1/https/repo1.maven.org/maven2/org/parboiled/parboiled_2.13/2.5.0/parboiled_2.13-2.5.0.jar:/home/bs01463/.cache/coursier/v1/https/repo1.maven.org/maven2/jakarta/validation/jakarta.validation-api/2.0.2/jakarta.validation-api-2.0.2.jar:/home/bs01463/.cache/coursier/v1/https/repo1.maven.org/maven2/org/jboss/logging/jboss-logging/3.4.1.Final/jboss-logging-3.4.1.Final.jar:/home/bs01463/.cache/coursier/v1/https/repo1.maven.org/maven2/com/fasterxml/classmate/1.5.1/classmate-1.5.1.jar:/home/bs01463/.cache/coursier/v1/https/repo1.maven.org/maven2/jakarta/inject/jakarta.inject-api/2.0.1/jakarta.inject-api-2.0.1.jar:/home/bs01463/.cache/coursier/v1/https/repo1.maven.org/maven2/aopalliance/aopalliance/1.0/aopalliance-1.0.jar:/home/bs01463/.cache/coursier/v1/https/repo1.maven.org/maven2/com/google/errorprone/error_prone_annotations/2.21.1/error_prone_annotations-2.21.1.jar:/home/bs01463/.cache/coursier/v1/https/repo1.maven.org/maven2/com/google/protobuf/protobuf-java/3.21.9/protobuf-java-3.21.9.jar:/home/bs01463/.cache/coursier/v1/https/repo1.maven.org/maven2/io/avaje/avaje-applog/1.0/avaje-applog-1.0.jar:/home/bs01463/.cache/coursier/v1/https/repo1.maven.org/maven2/io/avaje/avaje-applog-slf4j/1.0/avaje-applog-slf4j-1.0.jar:/home/bs01463/.cache/coursier/v1/https/repo1.maven.org/maven2/io/avaje/avaje-lang/1.1/avaje-lang-1.1.jar:/home/bs01463/.cache/coursier/v1/https/repo1.maven.org/maven2/io/avaje/avaje-config/3.12/avaje-config-3.12.jar:/home/bs01463/.cache/coursier/v1/https/repo1.maven.org/maven2/io/ebean/jakarta-persistence-api/3.0/jakarta-persistence-api-3.0.jar:/home/bs01463/.cache/coursier/v1/https/repo1.maven.org/maven2/io/ebean/ebean-annotation/8.4/ebean-annotation-8.4.jar:/home/bs01463/.cache/coursier/v1/https/repo1.maven.org/maven2/io/ebean/ebean-types/3.0/ebean-types-3.0.jar:/home/bs01463/.cache/coursier/v1/https/repo1.maven.org/maven2/io/ebean/ebean-datasource-api/8.12/ebean-datasource-api-8.12.jar:/home/bs01463/.cache/coursier/v1/https/repo1.maven.org/maven2/io/avaje/classpath-scanner/7.1/classpath-scanner-7.1.jar:/home/bs01463/.cache/coursier/v1/https/repo1.maven.org/maven2/io/ebean/ebean-migration-auto/1.2/ebean-migration-auto-1.2.jar:/home/bs01463/.cache/coursier/v1/https/repo1.maven.org/maven2/io/ebean/ebean-core-type/15.1.0/ebean-core-type-15.1.0.jar:/home/bs01463/.cache/coursier/v1/https/repo1.maven.org/maven2/joda-time/joda-time/2.11.1/joda-time-2.11.1.jar:/home/bs01463/.cache/coursier/v1/https/repo1.maven.org/maven2/io/ebean/ebean-platform-h2/15.1.0/ebean-platform-h2-15.1.0.jar:/home/bs01463/.cache/coursier/v1/https/repo1.maven.org/maven2/io/ebean/ebean-platform-clickhouse/15.1.0/ebean-platform-clickhouse-15.1.0.jar:/home/bs01463/.cache/coursier/v1/https/repo1.maven.org/maven2/io/ebean/ebean-platform-db2/15.1.0/ebean-platform-db2-15.1.0.jar:/home/bs01463/.cache/coursier/v1/https/repo1.maven.org/maven2/io/ebean/ebean-platform-hana/15.1.0/ebean-platform-hana-15.1.0.jar:/home/bs01463/.cache/coursier/v1/https/repo1.maven.org/maven2/io/ebean/ebean-platform-hsqldb/15.1.0/ebean-platform-hsqldb-15.1.0.jar:/home/bs01463/.cache/coursier/v1/https/repo1.maven.org/maven2/io/ebean/ebean-platform-mysql/15.1.0/ebean-platform-mysql-15.1.0.jar:/home/bs01463/.cache/coursier/v1/https/repo1.maven.org/maven2/io/ebean/ebean-platform-mariadb/15.1.0/ebean-platform-mariadb-15.1.0.jar:/home/bs01463/.cache/coursier/v1/https/repo1.maven.org/maven2/io/ebean/ebean-platform-nuodb/15.1.0/ebean-platform-nuodb-15.1.0.jar:/home/bs01463/.cache/coursier/v1/https/repo1.maven.org/maven2/io/ebean/ebean-platform-oracle/15.1.0/ebean-platform-oracle-15.1.0.jar:/home/bs01463/.cache/coursier/v1/https/repo1.maven.org/maven2/io/ebean/ebean-platform-postgres/15.1.0/ebean-platform-postgres-15.1.0.jar:/home/bs01463/.cache/coursier/v1/https/repo1.maven.org/maven2/io/ebean/ebean-platform-sqlanywhere/15.1.0/ebean-platform-sqlanywhere-15.1.0.jar:/home/bs01463/.cache/coursier/v1/https/repo1.maven.org/maven2/io/ebean/ebean-platform-sqlite/15.1.0/ebean-platform-sqlite-15.1.0.jar:/home/bs01463/.cache/coursier/v1/https/repo1.maven.org/maven2/io/ebean/ebean-platform-sqlserver/15.1.0/ebean-platform-sqlserver-15.1.0.jar:/home/bs01463/.cache/coursier/v1/https/repo1.maven.org/maven2/com/zaxxer/HikariCP/5.0.1/HikariCP-5.0.1.jar:/home/bs01463/.cache/coursier/v1/https/repo1.maven.org/maven2/com/googlecode/usc/jdbcdslog/1.0.6.2/jdbcdslog-1.0.6.2.jar:/home/bs01463/.cache/coursier/v1/https/repo1.maven.org/maven2/tyrex/tyrex/1.0.1/tyrex-1.0.1.jar:/home/bs01463/.cache/coursier/v1/https/repo1.maven.org/maven2/org/playframework/play-exceptions/3.0.2/play-exceptions-3.0.2.jar:/home/bs01463/.cache/coursier/v1/https/repo1.maven.org/maven2/com/typesafe/config/1.4.3/config-1.4.3.jar:/home/bs01463/.cache/coursier/v1/https/repo1.maven.org/maven2/org/lz4/lz4-java/1.8.0/lz4-java-1.8.0.jar:/home/bs01463/.cache/coursier/v1/https/repo1.maven.org/maven2/com/thoughtworks/paranamer/paranamer/2.8/paranamer-2.8.jar:/home/bs01463/.cache/coursier/v1/https/repo1.maven.org/maven2/org/playframework/play-functional_2.13/3.0.2/play-functional_2.13-3.0.2.jar:/home/bs01463/.cache/coursier/v1/https/repo1.maven.org/maven2/org/scala-lang/scala-reflect/2.13.16/scala-reflect-2.13.16.jar:/home/bs01463/.cache/coursier/v1/https/repo1.maven.org/maven2/com/google/guava/failureaccess/1.0.1/failureaccess-1.0.1.jar:/home/bs01463/.cache/coursier/v1/https/repo1.maven.org/maven2/com/google/guava/listenablefuture/9999.0-empty-to-avoid-conflict-with-guava/listenablefuture-9999.0-empty-to-avoid-conflict-with-guava.jar:/home/bs01463/.cache/coursier/v1/https/repo1.maven.org/maven2/org/checkerframework/checker-qual/3.37.0/checker-qual-3.37.0.jar:/home/bs01463/.cache/coursier/v1/https/repo1.maven.org/maven2/com/google/j2objc/j2objc-annotations/2.8/j2objc-annotations-2.8.jar:/home/bs01463/.cache/coursier/v1/https/repo1.maven.org/maven2/org/apache/pekko/pekko-protobuf-v3_2.13/1.0.2/pekko-protobuf-v3_2.13-1.0.2.jar:/home/bs01463/.cache/coursier/v1/https/repo1.maven.org/maven2/io/avaje/classpath-scanner-api/7.1/classpath-scanner-api-7.1.jar -Xplugin-require:semanticdb -Yrangepos -Ymacro-expand:discard -Ycache-plugin-class-loader:last-modified -Ypresentation-any-thread

  last tree to typer: TypeTree
       tree position: line 23 of file:///home/bs01463/Desktop/java/play-3/app/controllers/ProductController.scala
            tree tpe: <error>
              symbol: <none>
   symbol definition: <none> (a NoSymbol)
      symbol package: <none>
       symbol owners: 
           call site: <none> in <none>

== Source file context for tree position ==

    20           this.productRepository = productRepository;
    21       }
    22 
    23   def list = Action {
    24     val products = _CURSOR_ProductRepository.findAll()
    25     Ok(Json.toJson(products))
    26   } (full report at: "/home/bs01463/Desktop/java/play-3/.metals/.reports/metals-full/2025-07-28/r_compiler-error_(root)_17-44-02-902.md")[0m
Jul 28, 2025 5:44:05 PM scala.meta.internal.pc.CompilerAccess retryWithCleanCompiler
INFO: compiler crashed due to an error in the Scala compiler, retrying with new compiler instance.
2025.07.28 17:44:05 INFO  Created report: Optional[file:///home/bs01463/Desktop/java/play-3/app/controllers/ProductController.scala][0m
2025.07.28 17:44:05 INFO  scala.reflect.internal.FatalError: 
  ThisType(method ProductController) for sym which is not a class
     while compiling: file:///home/bs01463/Desktop/java/play-3/app/controllers/ProductController.scala
        during phase: globalPhase=<no phase>, enteringPhase=parser
     library version: version 2.13.16
    compiler version: version 2.13.16
  reconstructed args: -deprecation -encoding utf8 -unchecked -Wconf:cat=unchecked:w -Wconf:cat=deprecation:ws -Wconf:cat=feature:ws -Wconf:cat=optimizer:ws -classpath /home/bs01463/Desktop/java/play-3/.bloop/root/bloop-bsp-clients-classes/classes-Metals-seFHOEuIT2mePzfV6AjrSQ==:/home/bs01463/.cache/coursier/v1/https/repo1.maven.org/maven2/com/sourcegraph/semanticdb-javac/0.10.4/semanticdb-javac-0.10.4.jar:/home/bs01463/.cache/coursier/v1/https/repo1.maven.org/maven2/org/scala-lang/scala-library/2.13.16/scala-library-2.13.16.jar:/home/bs01463/.cache/coursier/v1/https/repo1.maven.org/maven2/org/playframework/play-ebean_2.13/8.3.0/play-ebean_2.13-8.3.0.jar:/home/bs01463/.cache/coursier/v1/https/repo1.maven.org/maven2/org/glassfish/jaxb/jaxb-runtime/4.0.5/jaxb-runtime-4.0.5.jar:/home/bs01463/.cache/coursier/v1/https/repo1.maven.org/maven2/org/playframework/twirl/twirl-api_2.13/2.0.4/twirl-api_2.13-2.0.4.jar:/home/bs01463/.cache/coursier/v1/https/repo1.maven.org/maven2/org/playframework/play-server_2.13/3.0.2/play-server_2.13-3.0.2.jar:/home/bs01463/.cache/coursier/v1/https/repo1.maven.org/maven2/org/playframework/play-logback_2.13/3.0.2/play-logback_2.13-3.0.2.jar:/home/bs01463/.cache/coursier/v1/https/repo1.maven.org/maven2/org/playframework/play-pekko-http-server_2.13/3.0.2/play-pekko-http-server_2.13-3.0.2.jar:/home/bs01463/.cache/coursier/v1/https/repo1.maven.org/maven2/org/playframework/play-filters-helpers_2.13/3.0.2/play-filters-helpers_2.13-3.0.2.jar:/home/bs01463/.cache/coursier/v1/https/repo1.maven.org/maven2/org/playframework/play-java-forms_2.13/3.0.2/play-java-forms_2.13-3.0.2.jar:/home/bs01463/.cache/coursier/v1/https/repo1.maven.org/maven2/org/playframework/play-guice_2.13/3.0.2/play-guice_2.13-3.0.2.jar:/home/bs01463/.cache/coursier/v1/https/repo1.maven.org/maven2/io/ebean/ebean/15.1.0/ebean-15.1.0.jar:/home/bs01463/.cache/coursier/v1/https/repo1.maven.org/maven2/com/fasterxml/jackson/core/jackson-databind/2.14.2/jackson-databind-2.14.2.jar:/home/bs01463/.cache/coursier/v1/https/repo1.maven.org/maven2/io/ebean/ebean-ddl-generator/15.1.0/ebean-ddl-generator-15.1.0.jar:/home/bs01463/.cache/coursier/v1/https/repo1.maven.org/maven2/io/ebean/ebean-agent/15.1.0/ebean-agent-15.1.0.jar:/home/bs01463/.cache/coursier/v1/https/repo1.maven.org/maven2/org/playframework/play-java-jdbc_2.13/3.0.2/play-java-jdbc_2.13-3.0.2.jar:/home/bs01463/.cache/coursier/v1/https/repo1.maven.org/maven2/org/playframework/play-jdbc-evolutions_2.13/3.0.2/play-jdbc-evolutions_2.13-3.0.2.jar:/home/bs01463/.cache/coursier/v1/https/repo1.maven.org/maven2/org/reflections/reflections/0.10.2/reflections-0.10.2.jar:/home/bs01463/.cache/coursier/v1/https/repo1.maven.org/maven2/org/glassfish/jaxb/jaxb-core/4.0.5/jaxb-core-4.0.5.jar:/home/bs01463/.cache/coursier/v1/https/repo1.maven.org/maven2/org/scala-lang/modules/scala-xml_2.13/2.2.0/scala-xml_2.13-2.2.0.jar:/home/bs01463/.cache/coursier/v1/https/repo1.maven.org/maven2/org/playframework/play_2.13/3.0.2/play_2.13-3.0.2.jar:/home/bs01463/.cache/coursier/v1/https/repo1.maven.org/maven2/ch/qos/logback/logback-classic/1.5.1/logback-classic-1.5.1.jar:/home/bs01463/.cache/coursier/v1/https/repo1.maven.org/maven2/org/playframework/play-streams_2.13/3.0.2/play-streams_2.13-3.0.2.jar:/home/bs01463/.cache/coursier/v1/https/repo1.maven.org/maven2/org/apache/pekko/pekko-http-core_2.13/1.0.1/pekko-http-core_2.13-1.0.1.jar:/home/bs01463/.cache/coursier/v1/https/repo1.maven.org/maven2/org/playframework/play-java_2.13/3.0.2/play-java_2.13-3.0.2.jar:/home/bs01463/.cache/coursier/v1/https/repo1.maven.org/maven2/net/jodah/typetools/0.6.3/typetools-0.6.3.jar:/home/bs01463/.cache/coursier/v1/https/repo1.maven.org/maven2/org/hibernate/validator/hibernate-validator/6.2.5.Final/hibernate-validator-6.2.5.Final.jar:/home/bs01463/.cache/coursier/v1/https/repo1.maven.org/maven2/org/springframework/spring-context/5.3.32/spring-context-5.3.32.jar:/home/bs01463/.cache/coursier/v1/https/repo1.maven.org/maven2/org/springframework/spring-core/5.3.32/spring-core-5.3.32.jar:/home/bs01463/.cache/coursier/v1/https/repo1.maven.org/maven2/org/springframework/spring-beans/5.3.32/spring-beans-5.3.32.jar:/home/bs01463/.cache/coursier/v1/https/repo1.maven.org/maven2/com/google/inject/guice/6.0.0/guice-6.0.0.jar:/home/bs01463/.cache/coursier/v1/https/repo1.maven.org/maven2/com/google/inject/extensions/guice-assistedinject/6.0.0/guice-assistedinject-6.0.0.jar:/home/bs01463/.cache/coursier/v1/https/repo1.maven.org/maven2/com/mysql/mysql-connector-j/8.0.33/mysql-connector-j-8.0.33.jar:/home/bs01463/.cache/coursier/v1/https/repo1.maven.org/maven2/io/ebean/ebean-api/15.1.0/ebean-api-15.1.0.jar:/home/bs01463/.cache/coursier/v1/https/repo1.maven.org/maven2/io/ebean/ebean-core/15.1.0/ebean-core-15.1.0.jar:/home/bs01463/.cache/coursier/v1/https/repo1.maven.org/maven2/io/ebean/ebean-joda-time/14.0.0/ebean-joda-time-14.0.0.jar:/home/bs01463/.cache/coursier/v1/https/repo1.maven.org/maven2/io/ebean/ebean-jackson-jsonnode/14.0.0/ebean-jackson-jsonnode-14.0.0.jar:/home/bs01463/.cache/coursier/v1/https/repo1.maven.org/maven2/io/ebean/ebean-jackson-mapper/15.1.0/ebean-jackson-mapper-15.1.0.jar:/home/bs01463/.cache/coursier/v1/https/repo1.maven.org/maven2/io/ebean/ebean-datasource/8.12/ebean-datasource-8.12.jar:/home/bs01463/.cache/coursier/v1/https/repo1.maven.org/maven2/io/ebean/ebean-migration/14.0.0/ebean-migration-14.0.0.jar:/home/bs01463/.cache/coursier/v1/https/repo1.maven.org/maven2/io/ebean/ebean-querybean/15.1.0/ebean-querybean-15.1.0.jar:/home/bs01463/.cache/coursier/v1/https/repo1.maven.org/maven2/io/ebean/ebean-platform-all/15.1.0/ebean-platform-all-15.1.0.jar:/home/bs01463/.cache/coursier/v1/https/repo1.maven.org/maven2/com/fasterxml/jackson/core/jackson-annotations/2.14.3/jackson-annotations-2.14.3.jar:/home/bs01463/.cache/coursier/v1/https/repo1.maven.org/maven2/com/fasterxml/jackson/core/jackson-core/2.15.0/jackson-core-2.15.0.jar:/home/bs01463/.cache/coursier/v1/https/repo1.maven.org/maven2/io/ebean/ebean-ddl-runner/2.3/ebean-ddl-runner-2.3.jar:/home/bs01463/.cache/coursier/v1/https/repo1.maven.org/maven2/jakarta/xml/bind/jakarta.xml.bind-api/4.0.2/jakarta.xml.bind-api-4.0.2.jar:/home/bs01463/.cache/coursier/v1/https/repo1.maven.org/maven2/org/playframework/play-jdbc_2.13/3.0.2/play-jdbc_2.13-3.0.2.jar:/home/bs01463/.cache/coursier/v1/https/repo1.maven.org/maven2/org/playframework/play-jdbc-api_2.13/3.0.2/play-jdbc-api_2.13-3.0.2.jar:/home/bs01463/.cache/coursier/v1/https/repo1.maven.org/maven2/org/javassist/javassist/3.28.0-GA/javassist-3.28.0-GA.jar:/home/bs01463/.cache/coursier/v1/https/repo1.maven.org/maven2/com/google/code/findbugs/jsr305/3.0.2/jsr305-3.0.2.jar:/home/bs01463/.cache/coursier/v1/https/repo1.maven.org/maven2/org/slf4j/slf4j-api/2.0.12/slf4j-api-2.0.12.jar:/home/bs01463/.cache/coursier/v1/https/repo1.maven.org/maven2/jakarta/activation/jakarta.activation-api/2.1.3/jakarta.activation-api-2.1.3.jar:/home/bs01463/.cache/coursier/v1/https/repo1.maven.org/maven2/org/eclipse/angus/angus-activation/2.0.2/angus-activation-2.0.2.jar:/home/bs01463/.cache/coursier/v1/https/repo1.maven.org/maven2/org/glassfish/jaxb/txw2/4.0.5/txw2-4.0.5.jar:/home/bs01463/.cache/coursier/v1/https/repo1.maven.org/maven2/com/sun/istack/istack-commons-runtime/4.1.2/istack-commons-runtime-4.1.2.jar:/home/bs01463/.cache/coursier/v1/https/repo1.maven.org/maven2/org/playframework/play-build-link/3.0.2/play-build-link-3.0.2.jar:/home/bs01463/.cache/coursier/v1/https/repo1.maven.org/maven2/org/playframework/play-configuration_2.13/3.0.2/play-configuration_2.13-3.0.2.jar:/home/bs01463/.cache/coursier/v1/https/repo1.maven.org/maven2/org/slf4j/jul-to-slf4j/2.0.12/jul-to-slf4j-2.0.12.jar:/home/bs01463/.cache/coursier/v1/https/repo1.maven.org/maven2/org/slf4j/jcl-over-slf4j/2.0.12/jcl-over-slf4j-2.0.12.jar:/home/bs01463/.cache/coursier/v1/https/repo1.maven.org/maven2/org/apache/pekko/pekko-actor_2.13/1.0.2/pekko-actor_2.13-1.0.2.jar:/home/bs01463/.cache/coursier/v1/https/repo1.maven.org/maven2/org/apache/pekko/pekko-actor-typed_2.13/1.0.2/pekko-actor-typed_2.13-1.0.2.jar:/home/bs01463/.cache/coursier/v1/https/repo1.maven.org/maven2/org/apache/pekko/pekko-slf4j_2.13/1.0.2/pekko-slf4j_2.13-1.0.2.jar:/home/bs01463/.cache/coursier/v1/https/repo1.maven.org/maven2/org/apache/pekko/pekko-serialization-jackson_2.13/1.0.2/pekko-serialization-jackson_2.13-1.0.2.jar:/home/bs01463/.cache/coursier/v1/https/repo1.maven.org/maven2/com/fasterxml/jackson/datatype/jackson-datatype-jdk8/2.14.3/jackson-datatype-jdk8-2.14.3.jar:/home/bs01463/.cache/coursier/v1/https/repo1.maven.org/maven2/com/fasterxml/jackson/datatype/jackson-datatype-jsr310/2.14.3/jackson-datatype-jsr310-2.14.3.jar:/home/bs01463/.cache/coursier/v1/https/repo1.maven.org/maven2/com/fasterxml/jackson/dataformat/jackson-dataformat-cbor/2.14.3/jackson-dataformat-cbor-2.14.3.jar:/home/bs01463/.cache/coursier/v1/https/repo1.maven.org/maven2/com/fasterxml/jackson/module/jackson-module-parameter-names/2.14.3/jackson-module-parameter-names-2.14.3.jar:/home/bs01463/.cache/coursier/v1/https/repo1.maven.org/maven2/com/fasterxml/jackson/module/jackson-module-scala_2.13/2.14.3/jackson-module-scala_2.13-2.14.3.jar:/home/bs01463/.cache/coursier/v1/https/repo1.maven.org/maven2/io/jsonwebtoken/jjwt-api/0.11.5/jjwt-api-0.11.5.jar:/home/bs01463/.cache/coursier/v1/https/repo1.maven.org/maven2/io/jsonwebtoken/jjwt-impl/0.11.5/jjwt-impl-0.11.5.jar:/home/bs01463/.cache/coursier/v1/https/repo1.maven.org/maven2/io/jsonwebtoken/jjwt-jackson/0.11.5/jjwt-jackson-0.11.5.jar:/home/bs01463/.cache/coursier/v1/https/repo1.maven.org/maven2/org/playframework/play-json_2.13/3.0.2/play-json_2.13-3.0.2.jar:/home/bs01463/.cache/coursier/v1/https/repo1.maven.org/maven2/com/google/guava/guava/32.1.3-jre/guava-32.1.3-jre.jar:/home/bs01463/.cache/coursier/v1/https/repo1.maven.org/maven2/javax/inject/javax.inject/1/javax.inject-1.jar:/home/bs01463/.cache/coursier/v1/https/repo1.maven.org/maven2/com/typesafe/ssl-config-core_2.13/0.6.1/ssl-config-core_2.13-0.6.1.jar:/home/bs01463/.cache/coursier/v1/https/repo1.maven.org/maven2/org/scala-lang/modules/scala-parser-combinators_2.13/1.1.2/scala-parser-combinators_2.13-1.1.2.jar:/home/bs01463/.cache/coursier/v1/https/repo1.maven.org/maven2/ch/qos/logback/logback-core/1.5.1/logback-core-1.5.1.jar:/home/bs01463/.cache/coursier/v1/https/repo1.maven.org/maven2/org/reactivestreams/reactive-streams/1.0.4/reactive-streams-1.0.4.jar:/home/bs01463/.cache/coursier/v1/https/repo1.maven.org/maven2/org/apache/pekko/pekko-stream_2.13/1.0.2/pekko-stream_2.13-1.0.2.jar:/home/bs01463/.cache/coursier/v1/https/repo1.maven.org/maven2/org/apache/pekko/pekko-parsing_2.13/1.0.1/pekko-parsing_2.13-1.0.1.jar:/home/bs01463/.cache/coursier/v1/https/repo1.maven.org/maven2/org/parboiled/parboiled_2.13/2.5.0/parboiled_2.13-2.5.0.jar:/home/bs01463/.cache/coursier/v1/https/repo1.maven.org/maven2/jakarta/validation/jakarta.validation-api/2.0.2/jakarta.validation-api-2.0.2.jar:/home/bs01463/.cache/coursier/v1/https/repo1.maven.org/maven2/org/jboss/logging/jboss-logging/3.4.1.Final/jboss-logging-3.4.1.Final.jar:/home/bs01463/.cache/coursier/v1/https/repo1.maven.org/maven2/com/fasterxml/classmate/1.5.1/classmate-1.5.1.jar:/home/bs01463/.cache/coursier/v1/https/repo1.maven.org/maven2/jakarta/inject/jakarta.inject-api/2.0.1/jakarta.inject-api-2.0.1.jar:/home/bs01463/.cache/coursier/v1/https/repo1.maven.org/maven2/aopalliance/aopalliance/1.0/aopalliance-1.0.jar:/home/bs01463/.cache/coursier/v1/https/repo1.maven.org/maven2/com/google/errorprone/error_prone_annotations/2.21.1/error_prone_annotations-2.21.1.jar:/home/bs01463/.cache/coursier/v1/https/repo1.maven.org/maven2/com/google/protobuf/protobuf-java/3.21.9/protobuf-java-3.21.9.jar:/home/bs01463/.cache/coursier/v1/https/repo1.maven.org/maven2/io/avaje/avaje-applog/1.0/avaje-applog-1.0.jar:/home/bs01463/.cache/coursier/v1/https/repo1.maven.org/maven2/io/avaje/avaje-applog-slf4j/1.0/avaje-applog-slf4j-1.0.jar:/home/bs01463/.cache/coursier/v1/https/repo1.maven.org/maven2/io/avaje/avaje-lang/1.1/avaje-lang-1.1.jar:/home/bs01463/.cache/coursier/v1/https/repo1.maven.org/maven2/io/avaje/avaje-config/3.12/avaje-config-3.12.jar:/home/bs01463/.cache/coursier/v1/https/repo1.maven.org/maven2/io/ebean/jakarta-persistence-api/3.0/jakarta-persistence-api-3.0.jar:/home/bs01463/.cache/coursier/v1/https/repo1.maven.org/maven2/io/ebean/ebean-annotation/8.4/ebean-annotation-8.4.jar:/home/bs01463/.cache/coursier/v1/https/repo1.maven.org/maven2/io/ebean/ebean-types/3.0/ebean-types-3.0.jar:/home/bs01463/.cache/coursier/v1/https/repo1.maven.org/maven2/io/ebean/ebean-datasource-api/8.12/ebean-datasource-api-8.12.jar:/home/bs01463/.cache/coursier/v1/https/repo1.maven.org/maven2/io/avaje/classpath-scanner/7.1/classpath-scanner-7.1.jar:/home/bs01463/.cache/coursier/v1/https/repo1.maven.org/maven2/io/ebean/ebean-migration-auto/1.2/ebean-migration-auto-1.2.jar:/home/bs01463/.cache/coursier/v1/https/repo1.maven.org/maven2/io/ebean/ebean-core-type/15.1.0/ebean-core-type-15.1.0.jar:/home/bs01463/.cache/coursier/v1/https/repo1.maven.org/maven2/joda-time/joda-time/2.11.1/joda-time-2.11.1.jar:/home/bs01463/.cache/coursier/v1/https/repo1.maven.org/maven2/io/ebean/ebean-platform-h2/15.1.0/ebean-platform-h2-15.1.0.jar:/home/bs01463/.cache/coursier/v1/https/repo1.maven.org/maven2/io/ebean/ebean-platform-clickhouse/15.1.0/ebean-platform-clickhouse-15.1.0.jar:/home/bs01463/.cache/coursier/v1/https/repo1.maven.org/maven2/io/ebean/ebean-platform-db2/15.1.0/ebean-platform-db2-15.1.0.jar:/home/bs01463/.cache/coursier/v1/https/repo1.maven.org/maven2/io/ebean/ebean-platform-hana/15.1.0/ebean-platform-hana-15.1.0.jar:/home/bs01463/.cache/coursier/v1/https/repo1.maven.org/maven2/io/ebean/ebean-platform-hsqldb/15.1.0/ebean-platform-hsqldb-15.1.0.jar:/home/bs01463/.cache/coursier/v1/https/repo1.maven.org/maven2/io/ebean/ebean-platform-mysql/15.1.0/ebean-platform-mysql-15.1.0.jar:/home/bs01463/.cache/coursier/v1/https/repo1.maven.org/maven2/io/ebean/ebean-platform-mariadb/15.1.0/ebean-platform-mariadb-15.1.0.jar:/home/bs01463/.cache/coursier/v1/https/repo1.maven.org/maven2/io/ebean/ebean-platform-nuodb/15.1.0/ebean-platform-nuodb-15.1.0.jar:/home/bs01463/.cache/coursier/v1/https/repo1.maven.org/maven2/io/ebean/ebean-platform-oracle/15.1.0/ebean-platform-oracle-15.1.0.jar:/home/bs01463/.cache/coursier/v1/https/repo1.maven.org/maven2/io/ebean/ebean-platform-postgres/15.1.0/ebean-platform-postgres-15.1.0.jar:/home/bs01463/.cache/coursier/v1/https/repo1.maven.org/maven2/io/ebean/ebean-platform-sqlanywhere/15.1.0/ebean-platform-sqlanywhere-15.1.0.jar:/home/bs01463/.cache/coursier/v1/https/repo1.maven.org/maven2/io/ebean/ebean-platform-sqlite/15.1.0/ebean-platform-sqlite-15.1.0.jar:/home/bs01463/.cache/coursier/v1/https/repo1.maven.org/maven2/io/ebean/ebean-platform-sqlserver/15.1.0/ebean-platform-sqlserver-15.1.0.jar:/home/bs01463/.cache/coursier/v1/https/repo1.maven.org/maven2/com/zaxxer/HikariCP/5.0.1/HikariCP-5.0.1.jar:/home/bs01463/.cache/coursier/v1/https/repo1.maven.org/maven2/com/googlecode/usc/jdbcdslog/1.0.6.2/jdbcdslog-1.0.6.2.jar:/home/bs01463/.cache/coursier/v1/https/repo1.maven.org/maven2/tyrex/tyrex/1.0.1/tyrex-1.0.1.jar:/home/bs01463/.cache/coursier/v1/https/repo1.maven.org/maven2/org/playframework/play-exceptions/3.0.2/play-exceptions-3.0.2.jar:/home/bs01463/.cache/coursier/v1/https/repo1.maven.org/maven2/com/typesafe/config/1.4.3/config-1.4.3.jar:/home/bs01463/.cache/coursier/v1/https/repo1.maven.org/maven2/org/lz4/lz4-java/1.8.0/lz4-java-1.8.0.jar:/home/bs01463/.cache/coursier/v1/https/repo1.maven.org/maven2/com/thoughtworks/paranamer/paranamer/2.8/paranamer-2.8.jar:/home/bs01463/.cache/coursier/v1/https/repo1.maven.org/maven2/org/playframework/play-functional_2.13/3.0.2/play-functional_2.13-3.0.2.jar:/home/bs01463/.cache/coursier/v1/https/repo1.maven.org/maven2/org/scala-lang/scala-reflect/2.13.16/scala-reflect-2.13.16.jar:/home/bs01463/.cache/coursier/v1/https/repo1.maven.org/maven2/com/google/guava/failureaccess/1.0.1/failureaccess-1.0.1.jar:/home/bs01463/.cache/coursier/v1/https/repo1.maven.org/maven2/com/google/guava/listenablefuture/9999.0-empty-to-avoid-conflict-with-guava/listenablefuture-9999.0-empty-to-avoid-conflict-with-guava.jar:/home/bs01463/.cache/coursier/v1/https/repo1.maven.org/maven2/org/checkerframework/checker-qual/3.37.0/checker-qual-3.37.0.jar:/home/bs01463/.cache/coursier/v1/https/repo1.maven.org/maven2/com/google/j2objc/j2objc-annotations/2.8/j2objc-annotations-2.8.jar:/home/bs01463/.cache/coursier/v1/https/repo1.maven.org/maven2/org/apache/pekko/pekko-protobuf-v3_2.13/1.0.2/pekko-protobuf-v3_2.13-1.0.2.jar:/home/bs01463/.cache/coursier/v1/https/repo1.maven.org/maven2/io/avaje/classpath-scanner-api/7.1/classpath-scanner-api-7.1.jar -Xplugin-require:semanticdb -Yrangepos -Ymacro-expand:discard -Ycache-plugin-class-loader:last-modified -Ypresentation-any-thread

  last tree to typer: TypeTree
       tree position: line 23 of file:///home/bs01463/Desktop/java/play-3/app/controllers/ProductController.scala
            tree tpe: <error>
              symbol: <none>
   symbol definition: <none> (a NoSymbol)
      symbol package: <none>
       symbol owners: 
           call site: <none> in <none>

== Source file context for tree position ==

    20           this.productRepository = productRepository;
    21       }
    22 
    23   def list = Action {
    24     val products = _CURSOR_ProductRepository.findAll()
    25     Ok(Json.toJson(products))
    26   } (full report at: "/home/bs01463/Desktop/java/play-3/.metals/.reports/metals-full/2025-07-28/r_compiler-error_(root)_17-44-05-524.md")[0m
Jul 28, 2025 5:44:07 PM scala.meta.internal.pc.CompilerAccess retryWithCleanCompiler
INFO: compiler crashed due to an error in the Scala compiler, retrying with new compiler instance.
2025.07.28 17:44:07 INFO  Created report: Optional[file:///home/bs01463/Desktop/java/play-3/app/controllers/ProductController.scala][0m
2025.07.28 17:44:07 INFO  scala.reflect.internal.FatalError: 
  ThisType(method ProductController) for sym which is not a class
     while compiling: file:///home/bs01463/Desktop/java/play-3/app/controllers/ProductController.scala
        during phase: globalPhase=<no phase>, enteringPhase=parser
     library version: version 2.13.16
    compiler version: version 2.13.16
  reconstructed args: -deprecation -encoding utf8 -unchecked -Wconf:cat=unchecked:w -Wconf:cat=deprecation:ws -Wconf:cat=feature:ws -Wconf:cat=optimizer:ws -classpath /home/bs01463/Desktop/java/play-3/.bloop/root/bloop-bsp-clients-classes/classes-Metals-seFHOEuIT2mePzfV6AjrSQ==:/home/bs01463/.cache/coursier/v1/https/repo1.maven.org/maven2/com/sourcegraph/semanticdb-javac/0.10.4/semanticdb-javac-0.10.4.jar:/home/bs01463/.cache/coursier/v1/https/repo1.maven.org/maven2/org/scala-lang/scala-library/2.13.16/scala-library-2.13.16.jar:/home/bs01463/.cache/coursier/v1/https/repo1.maven.org/maven2/org/playframework/play-ebean_2.13/8.3.0/play-ebean_2.13-8.3.0.jar:/home/bs01463/.cache/coursier/v1/https/repo1.maven.org/maven2/org/glassfish/jaxb/jaxb-runtime/4.0.5/jaxb-runtime-4.0.5.jar:/home/bs01463/.cache/coursier/v1/https/repo1.maven.org/maven2/org/playframework/twirl/twirl-api_2.13/2.0.4/twirl-api_2.13-2.0.4.jar:/home/bs01463/.cache/coursier/v1/https/repo1.maven.org/maven2/org/playframework/play-server_2.13/3.0.2/play-server_2.13-3.0.2.jar:/home/bs01463/.cache/coursier/v1/https/repo1.maven.org/maven2/org/playframework/play-logback_2.13/3.0.2/play-logback_2.13-3.0.2.jar:/home/bs01463/.cache/coursier/v1/https/repo1.maven.org/maven2/org/playframework/play-pekko-http-server_2.13/3.0.2/play-pekko-http-server_2.13-3.0.2.jar:/home/bs01463/.cache/coursier/v1/https/repo1.maven.org/maven2/org/playframework/play-filters-helpers_2.13/3.0.2/play-filters-helpers_2.13-3.0.2.jar:/home/bs01463/.cache/coursier/v1/https/repo1.maven.org/maven2/org/playframework/play-java-forms_2.13/3.0.2/play-java-forms_2.13-3.0.2.jar:/home/bs01463/.cache/coursier/v1/https/repo1.maven.org/maven2/org/playframework/play-guice_2.13/3.0.2/play-guice_2.13-3.0.2.jar:/home/bs01463/.cache/coursier/v1/https/repo1.maven.org/maven2/io/ebean/ebean/15.1.0/ebean-15.1.0.jar:/home/bs01463/.cache/coursier/v1/https/repo1.maven.org/maven2/com/fasterxml/jackson/core/jackson-databind/2.14.2/jackson-databind-2.14.2.jar:/home/bs01463/.cache/coursier/v1/https/repo1.maven.org/maven2/io/ebean/ebean-ddl-generator/15.1.0/ebean-ddl-generator-15.1.0.jar:/home/bs01463/.cache/coursier/v1/https/repo1.maven.org/maven2/io/ebean/ebean-agent/15.1.0/ebean-agent-15.1.0.jar:/home/bs01463/.cache/coursier/v1/https/repo1.maven.org/maven2/org/playframework/play-java-jdbc_2.13/3.0.2/play-java-jdbc_2.13-3.0.2.jar:/home/bs01463/.cache/coursier/v1/https/repo1.maven.org/maven2/org/playframework/play-jdbc-evolutions_2.13/3.0.2/play-jdbc-evolutions_2.13-3.0.2.jar:/home/bs01463/.cache/coursier/v1/https/repo1.maven.org/maven2/org/reflections/reflections/0.10.2/reflections-0.10.2.jar:/home/bs01463/.cache/coursier/v1/https/repo1.maven.org/maven2/org/glassfish/jaxb/jaxb-core/4.0.5/jaxb-core-4.0.5.jar:/home/bs01463/.cache/coursier/v1/https/repo1.maven.org/maven2/org/scala-lang/modules/scala-xml_2.13/2.2.0/scala-xml_2.13-2.2.0.jar:/home/bs01463/.cache/coursier/v1/https/repo1.maven.org/maven2/org/playframework/play_2.13/3.0.2/play_2.13-3.0.2.jar:/home/bs01463/.cache/coursier/v1/https/repo1.maven.org/maven2/ch/qos/logback/logback-classic/1.5.1/logback-classic-1.5.1.jar:/home/bs01463/.cache/coursier/v1/https/repo1.maven.org/maven2/org/playframework/play-streams_2.13/3.0.2/play-streams_2.13-3.0.2.jar:/home/bs01463/.cache/coursier/v1/https/repo1.maven.org/maven2/org/apache/pekko/pekko-http-core_2.13/1.0.1/pekko-http-core_2.13-1.0.1.jar:/home/bs01463/.cache/coursier/v1/https/repo1.maven.org/maven2/org/playframework/play-java_2.13/3.0.2/play-java_2.13-3.0.2.jar:/home/bs01463/.cache/coursier/v1/https/repo1.maven.org/maven2/net/jodah/typetools/0.6.3/typetools-0.6.3.jar:/home/bs01463/.cache/coursier/v1/https/repo1.maven.org/maven2/org/hibernate/validator/hibernate-validator/6.2.5.Final/hibernate-validator-6.2.5.Final.jar:/home/bs01463/.cache/coursier/v1/https/repo1.maven.org/maven2/org/springframework/spring-context/5.3.32/spring-context-5.3.32.jar:/home/bs01463/.cache/coursier/v1/https/repo1.maven.org/maven2/org/springframework/spring-core/5.3.32/spring-core-5.3.32.jar:/home/bs01463/.cache/coursier/v1/https/repo1.maven.org/maven2/org/springframework/spring-beans/5.3.32/spring-beans-5.3.32.jar:/home/bs01463/.cache/coursier/v1/https/repo1.maven.org/maven2/com/google/inject/guice/6.0.0/guice-6.0.0.jar:/home/bs01463/.cache/coursier/v1/https/repo1.maven.org/maven2/com/google/inject/extensions/guice-assistedinject/6.0.0/guice-assistedinject-6.0.0.jar:/home/bs01463/.cache/coursier/v1/https/repo1.maven.org/maven2/com/mysql/mysql-connector-j/8.0.33/mysql-connector-j-8.0.33.jar:/home/bs01463/.cache/coursier/v1/https/repo1.maven.org/maven2/io/ebean/ebean-api/15.1.0/ebean-api-15.1.0.jar:/home/bs01463/.cache/coursier/v1/https/repo1.maven.org/maven2/io/ebean/ebean-core/15.1.0/ebean-core-15.1.0.jar:/home/bs01463/.cache/coursier/v1/https/repo1.maven.org/maven2/io/ebean/ebean-joda-time/14.0.0/ebean-joda-time-14.0.0.jar:/home/bs01463/.cache/coursier/v1/https/repo1.maven.org/maven2/io/ebean/ebean-jackson-jsonnode/14.0.0/ebean-jackson-jsonnode-14.0.0.jar:/home/bs01463/.cache/coursier/v1/https/repo1.maven.org/maven2/io/ebean/ebean-jackson-mapper/15.1.0/ebean-jackson-mapper-15.1.0.jar:/home/bs01463/.cache/coursier/v1/https/repo1.maven.org/maven2/io/ebean/ebean-datasource/8.12/ebean-datasource-8.12.jar:/home/bs01463/.cache/coursier/v1/https/repo1.maven.org/maven2/io/ebean/ebean-migration/14.0.0/ebean-migration-14.0.0.jar:/home/bs01463/.cache/coursier/v1/https/repo1.maven.org/maven2/io/ebean/ebean-querybean/15.1.0/ebean-querybean-15.1.0.jar:/home/bs01463/.cache/coursier/v1/https/repo1.maven.org/maven2/io/ebean/ebean-platform-all/15.1.0/ebean-platform-all-15.1.0.jar:/home/bs01463/.cache/coursier/v1/https/repo1.maven.org/maven2/com/fasterxml/jackson/core/jackson-annotations/2.14.3/jackson-annotations-2.14.3.jar:/home/bs01463/.cache/coursier/v1/https/repo1.maven.org/maven2/com/fasterxml/jackson/core/jackson-core/2.15.0/jackson-core-2.15.0.jar:/home/bs01463/.cache/coursier/v1/https/repo1.maven.org/maven2/io/ebean/ebean-ddl-runner/2.3/ebean-ddl-runner-2.3.jar:/home/bs01463/.cache/coursier/v1/https/repo1.maven.org/maven2/jakarta/xml/bind/jakarta.xml.bind-api/4.0.2/jakarta.xml.bind-api-4.0.2.jar:/home/bs01463/.cache/coursier/v1/https/repo1.maven.org/maven2/org/playframework/play-jdbc_2.13/3.0.2/play-jdbc_2.13-3.0.2.jar:/home/bs01463/.cache/coursier/v1/https/repo1.maven.org/maven2/org/playframework/play-jdbc-api_2.13/3.0.2/play-jdbc-api_2.13-3.0.2.jar:/home/bs01463/.cache/coursier/v1/https/repo1.maven.org/maven2/org/javassist/javassist/3.28.0-GA/javassist-3.28.0-GA.jar:/home/bs01463/.cache/coursier/v1/https/repo1.maven.org/maven2/com/google/code/findbugs/jsr305/3.0.2/jsr305-3.0.2.jar:/home/bs01463/.cache/coursier/v1/https/repo1.maven.org/maven2/org/slf4j/slf4j-api/2.0.12/slf4j-api-2.0.12.jar:/home/bs01463/.cache/coursier/v1/https/repo1.maven.org/maven2/jakarta/activation/jakarta.activation-api/2.1.3/jakarta.activation-api-2.1.3.jar:/home/bs01463/.cache/coursier/v1/https/repo1.maven.org/maven2/org/eclipse/angus/angus-activation/2.0.2/angus-activation-2.0.2.jar:/home/bs01463/.cache/coursier/v1/https/repo1.maven.org/maven2/org/glassfish/jaxb/txw2/4.0.5/txw2-4.0.5.jar:/home/bs01463/.cache/coursier/v1/https/repo1.maven.org/maven2/com/sun/istack/istack-commons-runtime/4.1.2/istack-commons-runtime-4.1.2.jar:/home/bs01463/.cache/coursier/v1/https/repo1.maven.org/maven2/org/playframework/play-build-link/3.0.2/play-build-link-3.0.2.jar:/home/bs01463/.cache/coursier/v1/https/repo1.maven.org/maven2/org/playframework/play-configuration_2.13/3.0.2/play-configuration_2.13-3.0.2.jar:/home/bs01463/.cache/coursier/v1/https/repo1.maven.org/maven2/org/slf4j/jul-to-slf4j/2.0.12/jul-to-slf4j-2.0.12.jar:/home/bs01463/.cache/coursier/v1/https/repo1.maven.org/maven2/org/slf4j/jcl-over-slf4j/2.0.12/jcl-over-slf4j-2.0.12.jar:/home/bs01463/.cache/coursier/v1/https/repo1.maven.org/maven2/org/apache/pekko/pekko-actor_2.13/1.0.2/pekko-actor_2.13-1.0.2.jar:/home/bs01463/.cache/coursier/v1/https/repo1.maven.org/maven2/org/apache/pekko/pekko-actor-typed_2.13/1.0.2/pekko-actor-typed_2.13-1.0.2.jar:/home/bs01463/.cache/coursier/v1/https/repo1.maven.org/maven2/org/apache/pekko/pekko-slf4j_2.13/1.0.2/pekko-slf4j_2.13-1.0.2.jar:/home/bs01463/.cache/coursier/v1/https/repo1.maven.org/maven2/org/apache/pekko/pekko-serialization-jackson_2.13/1.0.2/pekko-serialization-jackson_2.13-1.0.2.jar:/home/bs01463/.cache/coursier/v1/https/repo1.maven.org/maven2/com/fasterxml/jackson/datatype/jackson-datatype-jdk8/2.14.3/jackson-datatype-jdk8-2.14.3.jar:/home/bs01463/.cache/coursier/v1/https/repo1.maven.org/maven2/com/fasterxml/jackson/datatype/jackson-datatype-jsr310/2.14.3/jackson-datatype-jsr310-2.14.3.jar:/home/bs01463/.cache/coursier/v1/https/repo1.maven.org/maven2/com/fasterxml/jackson/dataformat/jackson-dataformat-cbor/2.14.3/jackson-dataformat-cbor-2.14.3.jar:/home/bs01463/.cache/coursier/v1/https/repo1.maven.org/maven2/com/fasterxml/jackson/module/jackson-module-parameter-names/2.14.3/jackson-module-parameter-names-2.14.3.jar:/home/bs01463/.cache/coursier/v1/https/repo1.maven.org/maven2/com/fasterxml/jackson/module/jackson-module-scala_2.13/2.14.3/jackson-module-scala_2.13-2.14.3.jar:/home/bs01463/.cache/coursier/v1/https/repo1.maven.org/maven2/io/jsonwebtoken/jjwt-api/0.11.5/jjwt-api-0.11.5.jar:/home/bs01463/.cache/coursier/v1/https/repo1.maven.org/maven2/io/jsonwebtoken/jjwt-impl/0.11.5/jjwt-impl-0.11.5.jar:/home/bs01463/.cache/coursier/v1/https/repo1.maven.org/maven2/io/jsonwebtoken/jjwt-jackson/0.11.5/jjwt-jackson-0.11.5.jar:/home/bs01463/.cache/coursier/v1/https/repo1.maven.org/maven2/org/playframework/play-json_2.13/3.0.2/play-json_2.13-3.0.2.jar:/home/bs01463/.cache/coursier/v1/https/repo1.maven.org/maven2/com/google/guava/guava/32.1.3-jre/guava-32.1.3-jre.jar:/home/bs01463/.cache/coursier/v1/https/repo1.maven.org/maven2/javax/inject/javax.inject/1/javax.inject-1.jar:/home/bs01463/.cache/coursier/v1/https/repo1.maven.org/maven2/com/typesafe/ssl-config-core_2.13/0.6.1/ssl-config-core_2.13-0.6.1.jar:/home/bs01463/.cache/coursier/v1/https/repo1.maven.org/maven2/org/scala-lang/modules/scala-parser-combinators_2.13/1.1.2/scala-parser-combinators_2.13-1.1.2.jar:/home/bs01463/.cache/coursier/v1/https/repo1.maven.org/maven2/ch/qos/logback/logback-core/1.5.1/logback-core-1.5.1.jar:/home/bs01463/.cache/coursier/v1/https/repo1.maven.org/maven2/org/reactivestreams/reactive-streams/1.0.4/reactive-streams-1.0.4.jar:/home/bs01463/.cache/coursier/v1/https/repo1.maven.org/maven2/org/apache/pekko/pekko-stream_2.13/1.0.2/pekko-stream_2.13-1.0.2.jar:/home/bs01463/.cache/coursier/v1/https/repo1.maven.org/maven2/org/apache/pekko/pekko-parsing_2.13/1.0.1/pekko-parsing_2.13-1.0.1.jar:/home/bs01463/.cache/coursier/v1/https/repo1.maven.org/maven2/org/parboiled/parboiled_2.13/2.5.0/parboiled_2.13-2.5.0.jar:/home/bs01463/.cache/coursier/v1/https/repo1.maven.org/maven2/jakarta/validation/jakarta.validation-api/2.0.2/jakarta.validation-api-2.0.2.jar:/home/bs01463/.cache/coursier/v1/https/repo1.maven.org/maven2/org/jboss/logging/jboss-logging/3.4.1.Final/jboss-logging-3.4.1.Final.jar:/home/bs01463/.cache/coursier/v1/https/repo1.maven.org/maven2/com/fasterxml/classmate/1.5.1/classmate-1.5.1.jar:/home/bs01463/.cache/coursier/v1/https/repo1.maven.org/maven2/jakarta/inject/jakarta.inject-api/2.0.1/jakarta.inject-api-2.0.1.jar:/home/bs01463/.cache/coursier/v1/https/repo1.maven.org/maven2/aopalliance/aopalliance/1.0/aopalliance-1.0.jar:/home/bs01463/.cache/coursier/v1/https/repo1.maven.org/maven2/com/google/errorprone/error_prone_annotations/2.21.1/error_prone_annotations-2.21.1.jar:/home/bs01463/.cache/coursier/v1/https/repo1.maven.org/maven2/com/google/protobuf/protobuf-java/3.21.9/protobuf-java-3.21.9.jar:/home/bs01463/.cache/coursier/v1/https/repo1.maven.org/maven2/io/avaje/avaje-applog/1.0/avaje-applog-1.0.jar:/home/bs01463/.cache/coursier/v1/https/repo1.maven.org/maven2/io/avaje/avaje-applog-slf4j/1.0/avaje-applog-slf4j-1.0.jar:/home/bs01463/.cache/coursier/v1/https/repo1.maven.org/maven2/io/avaje/avaje-lang/1.1/avaje-lang-1.1.jar:/home/bs01463/.cache/coursier/v1/https/repo1.maven.org/maven2/io/avaje/avaje-config/3.12/avaje-config-3.12.jar:/home/bs01463/.cache/coursier/v1/https/repo1.maven.org/maven2/io/ebean/jakarta-persistence-api/3.0/jakarta-persistence-api-3.0.jar:/home/bs01463/.cache/coursier/v1/https/repo1.maven.org/maven2/io/ebean/ebean-annotation/8.4/ebean-annotation-8.4.jar:/home/bs01463/.cache/coursier/v1/https/repo1.maven.org/maven2/io/ebean/ebean-types/3.0/ebean-types-3.0.jar:/home/bs01463/.cache/coursier/v1/https/repo1.maven.org/maven2/io/ebean/ebean-datasource-api/8.12/ebean-datasource-api-8.12.jar:/home/bs01463/.cache/coursier/v1/https/repo1.maven.org/maven2/io/avaje/classpath-scanner/7.1/classpath-scanner-7.1.jar:/home/bs01463/.cache/coursier/v1/https/repo1.maven.org/maven2/io/ebean/ebean-migration-auto/1.2/ebean-migration-auto-1.2.jar:/home/bs01463/.cache/coursier/v1/https/repo1.maven.org/maven2/io/ebean/ebean-core-type/15.1.0/ebean-core-type-15.1.0.jar:/home/bs01463/.cache/coursier/v1/https/repo1.maven.org/maven2/joda-time/joda-time/2.11.1/joda-time-2.11.1.jar:/home/bs01463/.cache/coursier/v1/https/repo1.maven.org/maven2/io/ebean/ebean-platform-h2/15.1.0/ebean-platform-h2-15.1.0.jar:/home/bs01463/.cache/coursier/v1/https/repo1.maven.org/maven2/io/ebean/ebean-platform-clickhouse/15.1.0/ebean-platform-clickhouse-15.1.0.jar:/home/bs01463/.cache/coursier/v1/https/repo1.maven.org/maven2/io/ebean/ebean-platform-db2/15.1.0/ebean-platform-db2-15.1.0.jar:/home/bs01463/.cache/coursier/v1/https/repo1.maven.org/maven2/io/ebean/ebean-platform-hana/15.1.0/ebean-platform-hana-15.1.0.jar:/home/bs01463/.cache/coursier/v1/https/repo1.maven.org/maven2/io/ebean/ebean-platform-hsqldb/15.1.0/ebean-platform-hsqldb-15.1.0.jar:/home/bs01463/.cache/coursier/v1/https/repo1.maven.org/maven2/io/ebean/ebean-platform-mysql/15.1.0/ebean-platform-mysql-15.1.0.jar:/home/bs01463/.cache/coursier/v1/https/repo1.maven.org/maven2/io/ebean/ebean-platform-mariadb/15.1.0/ebean-platform-mariadb-15.1.0.jar:/home/bs01463/.cache/coursier/v1/https/repo1.maven.org/maven2/io/ebean/ebean-platform-nuodb/15.1.0/ebean-platform-nuodb-15.1.0.jar:/home/bs01463/.cache/coursier/v1/https/repo1.maven.org/maven2/io/ebean/ebean-platform-oracle/15.1.0/ebean-platform-oracle-15.1.0.jar:/home/bs01463/.cache/coursier/v1/https/repo1.maven.org/maven2/io/ebean/ebean-platform-postgres/15.1.0/ebean-platform-postgres-15.1.0.jar:/home/bs01463/.cache/coursier/v1/https/repo1.maven.org/maven2/io/ebean/ebean-platform-sqlanywhere/15.1.0/ebean-platform-sqlanywhere-15.1.0.jar:/home/bs01463/.cache/coursier/v1/https/repo1.maven.org/maven2/io/ebean/ebean-platform-sqlite/15.1.0/ebean-platform-sqlite-15.1.0.jar:/home/bs01463/.cache/coursier/v1/https/repo1.maven.org/maven2/io/ebean/ebean-platform-sqlserver/15.1.0/ebean-platform-sqlserver-15.1.0.jar:/home/bs01463/.cache/coursier/v1/https/repo1.maven.org/maven2/com/zaxxer/HikariCP/5.0.1/HikariCP-5.0.1.jar:/home/bs01463/.cache/coursier/v1/https/repo1.maven.org/maven2/com/googlecode/usc/jdbcdslog/1.0.6.2/jdbcdslog-1.0.6.2.jar:/home/bs01463/.cache/coursier/v1/https/repo1.maven.org/maven2/tyrex/tyrex/1.0.1/tyrex-1.0.1.jar:/home/bs01463/.cache/coursier/v1/https/repo1.maven.org/maven2/org/playframework/play-exceptions/3.0.2/play-exceptions-3.0.2.jar:/home/bs01463/.cache/coursier/v1/https/repo1.maven.org/maven2/com/typesafe/config/1.4.3/config-1.4.3.jar:/home/bs01463/.cache/coursier/v1/https/repo1.maven.org/maven2/org/lz4/lz4-java/1.8.0/lz4-java-1.8.0.jar:/home/bs01463/.cache/coursier/v1/https/repo1.maven.org/maven2/com/thoughtworks/paranamer/paranamer/2.8/paranamer-2.8.jar:/home/bs01463/.cache/coursier/v1/https/repo1.maven.org/maven2/org/playframework/play-functional_2.13/3.0.2/play-functional_2.13-3.0.2.jar:/home/bs01463/.cache/coursier/v1/https/repo1.maven.org/maven2/org/scala-lang/scala-reflect/2.13.16/scala-reflect-2.13.16.jar:/home/bs01463/.cache/coursier/v1/https/repo1.maven.org/maven2/com/google/guava/failureaccess/1.0.1/failureaccess-1.0.1.jar:/home/bs01463/.cache/coursier/v1/https/repo1.maven.org/maven2/com/google/guava/listenablefuture/9999.0-empty-to-avoid-conflict-with-guava/listenablefuture-9999.0-empty-to-avoid-conflict-with-guava.jar:/home/bs01463/.cache/coursier/v1/https/repo1.maven.org/maven2/org/checkerframework/checker-qual/3.37.0/checker-qual-3.37.0.jar:/home/bs01463/.cache/coursier/v1/https/repo1.maven.org/maven2/com/google/j2objc/j2objc-annotations/2.8/j2objc-annotations-2.8.jar:/home/bs01463/.cache/coursier/v1/https/repo1.maven.org/maven2/org/apache/pekko/pekko-protobuf-v3_2.13/1.0.2/pekko-protobuf-v3_2.13-1.0.2.jar:/home/bs01463/.cache/coursier/v1/https/repo1.maven.org/maven2/io/avaje/classpath-scanner-api/7.1/classpath-scanner-api-7.1.jar -Xplugin-require:semanticdb -Yrangepos -Ymacro-expand:discard -Ycache-plugin-class-loader:last-modified -Ypresentation-any-thread

  last tree to typer: TypeTree
       tree position: line 23 of file:///home/bs01463/Desktop/java/play-3/app/controllers/ProductController.scala
            tree tpe: <error>
              symbol: <none>
   symbol definition: <none> (a NoSymbol)
      symbol package: <none>
       symbol owners: 
           call site: <none> in <none>

== Source file context for tree position ==

    20           this.productRepository = productRepository;
    21       }
    22 
    23   def list = Action {
    24     val products = _CURSOR_ProductRepository.findAll()
    25     Ok(Json.toJson(products))
    26   } (full report at: "/home/bs01463/Desktop/java/play-3/.metals/.reports/metals-full/2025-07-28/r_compiler-error_(root)_17-44-07-466.md")[0m
Jul 28, 2025 5:44:12 PM scala.meta.internal.pc.CompilerAccess retryWithCleanCompiler
INFO: compiler crashed due to an error in the Scala compiler, retrying with new compiler instance.
Jul 28, 2025 5:44:13 PM scala.meta.internal.pc.CompilerAccess retryWithCleanCompiler
INFO: compiler crashed due to an error in the Scala compiler, retrying with new compiler instance.
2025.07.28 17:44:13 INFO  Created report: Optional[file:///home/bs01463/Desktop/java/play-3/app/controllers/ProductController.scala][0m
2025.07.28 17:44:13 INFO  scala.reflect.internal.FatalError: 
  ThisType(method ProductController) for sym which is not a class
     while compiling: file:///home/bs01463/Desktop/java/play-3/app/controllers/ProductController.scala
        during phase: globalPhase=<no phase>, enteringPhase=parser
     library version: version 2.13.16
    compiler version: version 2.13.16
  reconstructed args: -deprecation -encoding utf8 -unchecked -Wconf:cat=unchecked:w -Wconf:cat=deprecation:ws -Wconf:cat=feature:ws -Wconf:cat=optimizer:ws -classpath /home/bs01463/Desktop/java/play-3/.bloop/root/bloop-bsp-clients-classes/classes-Metals-seFHOEuIT2mePzfV6AjrSQ==:/home/bs01463/.cache/coursier/v1/https/repo1.maven.org/maven2/com/sourcegraph/semanticdb-javac/0.10.4/semanticdb-javac-0.10.4.jar:/home/bs01463/.cache/coursier/v1/https/repo1.maven.org/maven2/org/scala-lang/scala-library/2.13.16/scala-library-2.13.16.jar:/home/bs01463/.cache/coursier/v1/https/repo1.maven.org/maven2/org/playframework/play-ebean_2.13/8.3.0/play-ebean_2.13-8.3.0.jar:/home/bs01463/.cache/coursier/v1/https/repo1.maven.org/maven2/org/glassfish/jaxb/jaxb-runtime/4.0.5/jaxb-runtime-4.0.5.jar:/home/bs01463/.cache/coursier/v1/https/repo1.maven.org/maven2/org/playframework/twirl/twirl-api_2.13/2.0.4/twirl-api_2.13-2.0.4.jar:/home/bs01463/.cache/coursier/v1/https/repo1.maven.org/maven2/org/playframework/play-server_2.13/3.0.2/play-server_2.13-3.0.2.jar:/home/bs01463/.cache/coursier/v1/https/repo1.maven.org/maven2/org/playframework/play-logback_2.13/3.0.2/play-logback_2.13-3.0.2.jar:/home/bs01463/.cache/coursier/v1/https/repo1.maven.org/maven2/org/playframework/play-pekko-http-server_2.13/3.0.2/play-pekko-http-server_2.13-3.0.2.jar:/home/bs01463/.cache/coursier/v1/https/repo1.maven.org/maven2/org/playframework/play-filters-helpers_2.13/3.0.2/play-filters-helpers_2.13-3.0.2.jar:/home/bs01463/.cache/coursier/v1/https/repo1.maven.org/maven2/org/playframework/play-java-forms_2.13/3.0.2/play-java-forms_2.13-3.0.2.jar:/home/bs01463/.cache/coursier/v1/https/repo1.maven.org/maven2/org/playframework/play-guice_2.13/3.0.2/play-guice_2.13-3.0.2.jar:/home/bs01463/.cache/coursier/v1/https/repo1.maven.org/maven2/io/ebean/ebean/15.1.0/ebean-15.1.0.jar:/home/bs01463/.cache/coursier/v1/https/repo1.maven.org/maven2/com/fasterxml/jackson/core/jackson-databind/2.14.2/jackson-databind-2.14.2.jar:/home/bs01463/.cache/coursier/v1/https/repo1.maven.org/maven2/io/ebean/ebean-ddl-generator/15.1.0/ebean-ddl-generator-15.1.0.jar:/home/bs01463/.cache/coursier/v1/https/repo1.maven.org/maven2/io/ebean/ebean-agent/15.1.0/ebean-agent-15.1.0.jar:/home/bs01463/.cache/coursier/v1/https/repo1.maven.org/maven2/org/playframework/play-java-jdbc_2.13/3.0.2/play-java-jdbc_2.13-3.0.2.jar:/home/bs01463/.cache/coursier/v1/https/repo1.maven.org/maven2/org/playframework/play-jdbc-evolutions_2.13/3.0.2/play-jdbc-evolutions_2.13-3.0.2.jar:/home/bs01463/.cache/coursier/v1/https/repo1.maven.org/maven2/org/reflections/reflections/0.10.2/reflections-0.10.2.jar:/home/bs01463/.cache/coursier/v1/https/repo1.maven.org/maven2/org/glassfish/jaxb/jaxb-core/4.0.5/jaxb-core-4.0.5.jar:/home/bs01463/.cache/coursier/v1/https/repo1.maven.org/maven2/org/scala-lang/modules/scala-xml_2.13/2.2.0/scala-xml_2.13-2.2.0.jar:/home/bs01463/.cache/coursier/v1/https/repo1.maven.org/maven2/org/playframework/play_2.13/3.0.2/play_2.13-3.0.2.jar:/home/bs01463/.cache/coursier/v1/https/repo1.maven.org/maven2/ch/qos/logback/logback-classic/1.5.1/logback-classic-1.5.1.jar:/home/bs01463/.cache/coursier/v1/https/repo1.maven.org/maven2/org/playframework/play-streams_2.13/3.0.2/play-streams_2.13-3.0.2.jar:/home/bs01463/.cache/coursier/v1/https/repo1.maven.org/maven2/org/apache/pekko/pekko-http-core_2.13/1.0.1/pekko-http-core_2.13-1.0.1.jar:/home/bs01463/.cache/coursier/v1/https/repo1.maven.org/maven2/org/playframework/play-java_2.13/3.0.2/play-java_2.13-3.0.2.jar:/home/bs01463/.cache/coursier/v1/https/repo1.maven.org/maven2/net/jodah/typetools/0.6.3/typetools-0.6.3.jar:/home/bs01463/.cache/coursier/v1/https/repo1.maven.org/maven2/org/hibernate/validator/hibernate-validator/6.2.5.Final/hibernate-validator-6.2.5.Final.jar:/home/bs01463/.cache/coursier/v1/https/repo1.maven.org/maven2/org/springframework/spring-context/5.3.32/spring-context-5.3.32.jar:/home/bs01463/.cache/coursier/v1/https/repo1.maven.org/maven2/org/springframework/spring-core/5.3.32/spring-core-5.3.32.jar:/home/bs01463/.cache/coursier/v1/https/repo1.maven.org/maven2/org/springframework/spring-beans/5.3.32/spring-beans-5.3.32.jar:/home/bs01463/.cache/coursier/v1/https/repo1.maven.org/maven2/com/google/inject/guice/6.0.0/guice-6.0.0.jar:/home/bs01463/.cache/coursier/v1/https/repo1.maven.org/maven2/com/google/inject/extensions/guice-assistedinject/6.0.0/guice-assistedinject-6.0.0.jar:/home/bs01463/.cache/coursier/v1/https/repo1.maven.org/maven2/com/mysql/mysql-connector-j/8.0.33/mysql-connector-j-8.0.33.jar:/home/bs01463/.cache/coursier/v1/https/repo1.maven.org/maven2/io/ebean/ebean-api/15.1.0/ebean-api-15.1.0.jar:/home/bs01463/.cache/coursier/v1/https/repo1.maven.org/maven2/io/ebean/ebean-core/15.1.0/ebean-core-15.1.0.jar:/home/bs01463/.cache/coursier/v1/https/repo1.maven.org/maven2/io/ebean/ebean-joda-time/14.0.0/ebean-joda-time-14.0.0.jar:/home/bs01463/.cache/coursier/v1/https/repo1.maven.org/maven2/io/ebean/ebean-jackson-jsonnode/14.0.0/ebean-jackson-jsonnode-14.0.0.jar:/home/bs01463/.cache/coursier/v1/https/repo1.maven.org/maven2/io/ebean/ebean-jackson-mapper/15.1.0/ebean-jackson-mapper-15.1.0.jar:/home/bs01463/.cache/coursier/v1/https/repo1.maven.org/maven2/io/ebean/ebean-datasource/8.12/ebean-datasource-8.12.jar:/home/bs01463/.cache/coursier/v1/https/repo1.maven.org/maven2/io/ebean/ebean-migration/14.0.0/ebean-migration-14.0.0.jar:/home/bs01463/.cache/coursier/v1/https/repo1.maven.org/maven2/io/ebean/ebean-querybean/15.1.0/ebean-querybean-15.1.0.jar:/home/bs01463/.cache/coursier/v1/https/repo1.maven.org/maven2/io/ebean/ebean-platform-all/15.1.0/ebean-platform-all-15.1.0.jar:/home/bs01463/.cache/coursier/v1/https/repo1.maven.org/maven2/com/fasterxml/jackson/core/jackson-annotations/2.14.3/jackson-annotations-2.14.3.jar:/home/bs01463/.cache/coursier/v1/https/repo1.maven.org/maven2/com/fasterxml/jackson/core/jackson-core/2.15.0/jackson-core-2.15.0.jar:/home/bs01463/.cache/coursier/v1/https/repo1.maven.org/maven2/io/ebean/ebean-ddl-runner/2.3/ebean-ddl-runner-2.3.jar:/home/bs01463/.cache/coursier/v1/https/repo1.maven.org/maven2/jakarta/xml/bind/jakarta.xml.bind-api/4.0.2/jakarta.xml.bind-api-4.0.2.jar:/home/bs01463/.cache/coursier/v1/https/repo1.maven.org/maven2/org/playframework/play-jdbc_2.13/3.0.2/play-jdbc_2.13-3.0.2.jar:/home/bs01463/.cache/coursier/v1/https/repo1.maven.org/maven2/org/playframework/play-jdbc-api_2.13/3.0.2/play-jdbc-api_2.13-3.0.2.jar:/home/bs01463/.cache/coursier/v1/https/repo1.maven.org/maven2/org/javassist/javassist/3.28.0-GA/javassist-3.28.0-GA.jar:/home/bs01463/.cache/coursier/v1/https/repo1.maven.org/maven2/com/google/code/findbugs/jsr305/3.0.2/jsr305-3.0.2.jar:/home/bs01463/.cache/coursier/v1/https/repo1.maven.org/maven2/org/slf4j/slf4j-api/2.0.12/slf4j-api-2.0.12.jar:/home/bs01463/.cache/coursier/v1/https/repo1.maven.org/maven2/jakarta/activation/jakarta.activation-api/2.1.3/jakarta.activation-api-2.1.3.jar:/home/bs01463/.cache/coursier/v1/https/repo1.maven.org/maven2/org/eclipse/angus/angus-activation/2.0.2/angus-activation-2.0.2.jar:/home/bs01463/.cache/coursier/v1/https/repo1.maven.org/maven2/org/glassfish/jaxb/txw2/4.0.5/txw2-4.0.5.jar:/home/bs01463/.cache/coursier/v1/https/repo1.maven.org/maven2/com/sun/istack/istack-commons-runtime/4.1.2/istack-commons-runtime-4.1.2.jar:/home/bs01463/.cache/coursier/v1/https/repo1.maven.org/maven2/org/playframework/play-build-link/3.0.2/play-build-link-3.0.2.jar:/home/bs01463/.cache/coursier/v1/https/repo1.maven.org/maven2/org/playframework/play-configuration_2.13/3.0.2/play-configuration_2.13-3.0.2.jar:/home/bs01463/.cache/coursier/v1/https/repo1.maven.org/maven2/org/slf4j/jul-to-slf4j/2.0.12/jul-to-slf4j-2.0.12.jar:/home/bs01463/.cache/coursier/v1/https/repo1.maven.org/maven2/org/slf4j/jcl-over-slf4j/2.0.12/jcl-over-slf4j-2.0.12.jar:/home/bs01463/.cache/coursier/v1/https/repo1.maven.org/maven2/org/apache/pekko/pekko-actor_2.13/1.0.2/pekko-actor_2.13-1.0.2.jar:/home/bs01463/.cache/coursier/v1/https/repo1.maven.org/maven2/org/apache/pekko/pekko-actor-typed_2.13/1.0.2/pekko-actor-typed_2.13-1.0.2.jar:/home/bs01463/.cache/coursier/v1/https/repo1.maven.org/maven2/org/apache/pekko/pekko-slf4j_2.13/1.0.2/pekko-slf4j_2.13-1.0.2.jar:/home/bs01463/.cache/coursier/v1/https/repo1.maven.org/maven2/org/apache/pekko/pekko-serialization-jackson_2.13/1.0.2/pekko-serialization-jackson_2.13-1.0.2.jar:/home/bs01463/.cache/coursier/v1/https/repo1.maven.org/maven2/com/fasterxml/jackson/datatype/jackson-datatype-jdk8/2.14.3/jackson-datatype-jdk8-2.14.3.jar:/home/bs01463/.cache/coursier/v1/https/repo1.maven.org/maven2/com/fasterxml/jackson/datatype/jackson-datatype-jsr310/2.14.3/jackson-datatype-jsr310-2.14.3.jar:/home/bs01463/.cache/coursier/v1/https/repo1.maven.org/maven2/com/fasterxml/jackson/dataformat/jackson-dataformat-cbor/2.14.3/jackson-dataformat-cbor-2.14.3.jar:/home/bs01463/.cache/coursier/v1/https/repo1.maven.org/maven2/com/fasterxml/jackson/module/jackson-module-parameter-names/2.14.3/jackson-module-parameter-names-2.14.3.jar:/home/bs01463/.cache/coursier/v1/https/repo1.maven.org/maven2/com/fasterxml/jackson/module/jackson-module-scala_2.13/2.14.3/jackson-module-scala_2.13-2.14.3.jar:/home/bs01463/.cache/coursier/v1/https/repo1.maven.org/maven2/io/jsonwebtoken/jjwt-api/0.11.5/jjwt-api-0.11.5.jar:/home/bs01463/.cache/coursier/v1/https/repo1.maven.org/maven2/io/jsonwebtoken/jjwt-impl/0.11.5/jjwt-impl-0.11.5.jar:/home/bs01463/.cache/coursier/v1/https/repo1.maven.org/maven2/io/jsonwebtoken/jjwt-jackson/0.11.5/jjwt-jackson-0.11.5.jar:/home/bs01463/.cache/coursier/v1/https/repo1.maven.org/maven2/org/playframework/play-json_2.13/3.0.2/play-json_2.13-3.0.2.jar:/home/bs01463/.cache/coursier/v1/https/repo1.maven.org/maven2/com/google/guava/guava/32.1.3-jre/guava-32.1.3-jre.jar:/home/bs01463/.cache/coursier/v1/https/repo1.maven.org/maven2/javax/inject/javax.inject/1/javax.inject-1.jar:/home/bs01463/.cache/coursier/v1/https/repo1.maven.org/maven2/com/typesafe/ssl-config-core_2.13/0.6.1/ssl-config-core_2.13-0.6.1.jar:/home/bs01463/.cache/coursier/v1/https/repo1.maven.org/maven2/org/scala-lang/modules/scala-parser-combinators_2.13/1.1.2/scala-parser-combinators_2.13-1.1.2.jar:/home/bs01463/.cache/coursier/v1/https/repo1.maven.org/maven2/ch/qos/logback/logback-core/1.5.1/logback-core-1.5.1.jar:/home/bs01463/.cache/coursier/v1/https/repo1.maven.org/maven2/org/reactivestreams/reactive-streams/1.0.4/reactive-streams-1.0.4.jar:/home/bs01463/.cache/coursier/v1/https/repo1.maven.org/maven2/org/apache/pekko/pekko-stream_2.13/1.0.2/pekko-stream_2.13-1.0.2.jar:/home/bs01463/.cache/coursier/v1/https/repo1.maven.org/maven2/org/apache/pekko/pekko-parsing_2.13/1.0.1/pekko-parsing_2.13-1.0.1.jar:/home/bs01463/.cache/coursier/v1/https/repo1.maven.org/maven2/org/parboiled/parboiled_2.13/2.5.0/parboiled_2.13-2.5.0.jar:/home/bs01463/.cache/coursier/v1/https/repo1.maven.org/maven2/jakarta/validation/jakarta.validation-api/2.0.2/jakarta.validation-api-2.0.2.jar:/home/bs01463/.cache/coursier/v1/https/repo1.maven.org/maven2/org/jboss/logging/jboss-logging/3.4.1.Final/jboss-logging-3.4.1.Final.jar:/home/bs01463/.cache/coursier/v1/https/repo1.maven.org/maven2/com/fasterxml/classmate/1.5.1/classmate-1.5.1.jar:/home/bs01463/.cache/coursier/v1/https/repo1.maven.org/maven2/jakarta/inject/jakarta.inject-api/2.0.1/jakarta.inject-api-2.0.1.jar:/home/bs01463/.cache/coursier/v1/https/repo1.maven.org/maven2/aopalliance/aopalliance/1.0/aopalliance-1.0.jar:/home/bs01463/.cache/coursier/v1/https/repo1.maven.org/maven2/com/google/errorprone/error_prone_annotations/2.21.1/error_prone_annotations-2.21.1.jar:/home/bs01463/.cache/coursier/v1/https/repo1.maven.org/maven2/com/google/protobuf/protobuf-java/3.21.9/protobuf-java-3.21.9.jar:/home/bs01463/.cache/coursier/v1/https/repo1.maven.org/maven2/io/avaje/avaje-applog/1.0/avaje-applog-1.0.jar:/home/bs01463/.cache/coursier/v1/https/repo1.maven.org/maven2/io/avaje/avaje-applog-slf4j/1.0/avaje-applog-slf4j-1.0.jar:/home/bs01463/.cache/coursier/v1/https/repo1.maven.org/maven2/io/avaje/avaje-lang/1.1/avaje-lang-1.1.jar:/home/bs01463/.cache/coursier/v1/https/repo1.maven.org/maven2/io/avaje/avaje-config/3.12/avaje-config-3.12.jar:/home/bs01463/.cache/coursier/v1/https/repo1.maven.org/maven2/io/ebean/jakarta-persistence-api/3.0/jakarta-persistence-api-3.0.jar:/home/bs01463/.cache/coursier/v1/https/repo1.maven.org/maven2/io/ebean/ebean-annotation/8.4/ebean-annotation-8.4.jar:/home/bs01463/.cache/coursier/v1/https/repo1.maven.org/maven2/io/ebean/ebean-types/3.0/ebean-types-3.0.jar:/home/bs01463/.cache/coursier/v1/https/repo1.maven.org/maven2/io/ebean/ebean-datasource-api/8.12/ebean-datasource-api-8.12.jar:/home/bs01463/.cache/coursier/v1/https/repo1.maven.org/maven2/io/avaje/classpath-scanner/7.1/classpath-scanner-7.1.jar:/home/bs01463/.cache/coursier/v1/https/repo1.maven.org/maven2/io/ebean/ebean-migration-auto/1.2/ebean-migration-auto-1.2.jar:/home/bs01463/.cache/coursier/v1/https/repo1.maven.org/maven2/io/ebean/ebean-core-type/15.1.0/ebean-core-type-15.1.0.jar:/home/bs01463/.cache/coursier/v1/https/repo1.maven.org/maven2/joda-time/joda-time/2.11.1/joda-time-2.11.1.jar:/home/bs01463/.cache/coursier/v1/https/repo1.maven.org/maven2/io/ebean/ebean-platform-h2/15.1.0/ebean-platform-h2-15.1.0.jar:/home/bs01463/.cache/coursier/v1/https/repo1.maven.org/maven2/io/ebean/ebean-platform-clickhouse/15.1.0/ebean-platform-clickhouse-15.1.0.jar:/home/bs01463/.cache/coursier/v1/https/repo1.maven.org/maven2/io/ebean/ebean-platform-db2/15.1.0/ebean-platform-db2-15.1.0.jar:/home/bs01463/.cache/coursier/v1/https/repo1.maven.org/maven2/io/ebean/ebean-platform-hana/15.1.0/ebean-platform-hana-15.1.0.jar:/home/bs01463/.cache/coursier/v1/https/repo1.maven.org/maven2/io/ebean/ebean-platform-hsqldb/15.1.0/ebean-platform-hsqldb-15.1.0.jar:/home/bs01463/.cache/coursier/v1/https/repo1.maven.org/maven2/io/ebean/ebean-platform-mysql/15.1.0/ebean-platform-mysql-15.1.0.jar:/home/bs01463/.cache/coursier/v1/https/repo1.maven.org/maven2/io/ebean/ebean-platform-mariadb/15.1.0/ebean-platform-mariadb-15.1.0.jar:/home/bs01463/.cache/coursier/v1/https/repo1.maven.org/maven2/io/ebean/ebean-platform-nuodb/15.1.0/ebean-platform-nuodb-15.1.0.jar:/home/bs01463/.cache/coursier/v1/https/repo1.maven.org/maven2/io/ebean/ebean-platform-oracle/15.1.0/ebean-platform-oracle-15.1.0.jar:/home/bs01463/.cache/coursier/v1/https/repo1.maven.org/maven2/io/ebean/ebean-platform-postgres/15.1.0/ebean-platform-postgres-15.1.0.jar:/home/bs01463/.cache/coursier/v1/https/repo1.maven.org/maven2/io/ebean/ebean-platform-sqlanywhere/15.1.0/ebean-platform-sqlanywhere-15.1.0.jar:/home/bs01463/.cache/coursier/v1/https/repo1.maven.org/maven2/io/ebean/ebean-platform-sqlite/15.1.0/ebean-platform-sqlite-15.1.0.jar:/home/bs01463/.cache/coursier/v1/https/repo1.maven.org/maven2/io/ebean/ebean-platform-sqlserver/15.1.0/ebean-platform-sqlserver-15.1.0.jar:/home/bs01463/.cache/coursier/v1/https/repo1.maven.org/maven2/com/zaxxer/HikariCP/5.0.1/HikariCP-5.0.1.jar:/home/bs01463/.cache/coursier/v1/https/repo1.maven.org/maven2/com/googlecode/usc/jdbcdslog/1.0.6.2/jdbcdslog-1.0.6.2.jar:/home/bs01463/.cache/coursier/v1/https/repo1.maven.org/maven2/tyrex/tyrex/1.0.1/tyrex-1.0.1.jar:/home/bs01463/.cache/coursier/v1/https/repo1.maven.org/maven2/org/playframework/play-exceptions/3.0.2/play-exceptions-3.0.2.jar:/home/bs01463/.cache/coursier/v1/https/repo1.maven.org/maven2/com/typesafe/config/1.4.3/config-1.4.3.jar:/home/bs01463/.cache/coursier/v1/https/repo1.maven.org/maven2/org/lz4/lz4-java/1.8.0/lz4-java-1.8.0.jar:/home/bs01463/.cache/coursier/v1/https/repo1.maven.org/maven2/com/thoughtworks/paranamer/paranamer/2.8/paranamer-2.8.jar:/home/bs01463/.cache/coursier/v1/https/repo1.maven.org/maven2/org/playframework/play-functional_2.13/3.0.2/play-functional_2.13-3.0.2.jar:/home/bs01463/.cache/coursier/v1/https/repo1.maven.org/maven2/org/scala-lang/scala-reflect/2.13.16/scala-reflect-2.13.16.jar:/home/bs01463/.cache/coursier/v1/https/repo1.maven.org/maven2/com/google/guava/failureaccess/1.0.1/failureaccess-1.0.1.jar:/home/bs01463/.cache/coursier/v1/https/repo1.maven.org/maven2/com/google/guava/listenablefuture/9999.0-empty-to-avoid-conflict-with-guava/listenablefuture-9999.0-empty-to-avoid-conflict-with-guava.jar:/home/bs01463/.cache/coursier/v1/https/repo1.maven.org/maven2/org/checkerframework/checker-qual/3.37.0/checker-qual-3.37.0.jar:/home/bs01463/.cache/coursier/v1/https/repo1.maven.org/maven2/com/google/j2objc/j2objc-annotations/2.8/j2objc-annotations-2.8.jar:/home/bs01463/.cache/coursier/v1/https/repo1.maven.org/maven2/org/apache/pekko/pekko-protobuf-v3_2.13/1.0.2/pekko-protobuf-v3_2.13-1.0.2.jar:/home/bs01463/.cache/coursier/v1/https/repo1.maven.org/maven2/io/avaje/classpath-scanner-api/7.1/classpath-scanner-api-7.1.jar -Xplugin-require:semanticdb -Yrangepos -Ymacro-expand:discard -Ycache-plugin-class-loader:last-modified -Ypresentation-any-thread

  last tree to typer: TypeTree
       tree position: line 23 of file:///home/bs01463/Desktop/java/play-3/app/controllers/ProductController.scala
            tree tpe: <error>
              symbol: <none>
   symbol definition: <none> (a NoSymbol)
      symbol package: <none>
       symbol owners: 
           call site: <none> in <none>

== Source file context for tree position ==

    20           this.productRepository = productRepository;
    21       }
    22 
    23   def list = Action {
    24     val products = _CURSOR_ProductRepository.findAll()
    25     Ok(Json.toJson(products))
    26   } (full report at: "/home/bs01463/Desktop/java/play-3/.metals/.reports/metals-full/2025-07-28/r_compiler-error_(root)_17-44-13-694.md")[0m
Jul 28, 2025 5:44:14 PM scala.meta.internal.pc.CompilerAccess retryWithCleanCompiler
INFO: compiler crashed due to an error in the Scala compiler, retrying with new compiler instance.
2025.07.28 17:44:13 INFO  Created report: Optional[file:///home/bs01463/Desktop/java/play-3/app/controllers/ProductController.scala][0m
2025.07.28 17:44:13 INFO  scala.reflect.internal.FatalError: 
  ThisType(method ProductController) for sym which is not a class
     while compiling: file:///home/bs01463/Desktop/java/play-3/app/controllers/ProductController.scala
        during phase: globalPhase=<no phase>, enteringPhase=parser
     library version: version 2.13.16
    compiler version: version 2.13.16
  reconstructed args: -deprecation -encoding utf8 -unchecked -Wconf:cat=unchecked:w -Wconf:cat=deprecation:ws -Wconf:cat=feature:ws -Wconf:cat=optimizer:ws -classpath /home/bs01463/Desktop/java/play-3/.bloop/root/bloop-bsp-clients-classes/classes-Metals-seFHOEuIT2mePzfV6AjrSQ==:/home/bs01463/.cache/coursier/v1/https/repo1.maven.org/maven2/com/sourcegraph/semanticdb-javac/0.10.4/semanticdb-javac-0.10.4.jar:/home/bs01463/.cache/coursier/v1/https/repo1.maven.org/maven2/org/scala-lang/scala-library/2.13.16/scala-library-2.13.16.jar:/home/bs01463/.cache/coursier/v1/https/repo1.maven.org/maven2/org/playframework/play-ebean_2.13/8.3.0/play-ebean_2.13-8.3.0.jar:/home/bs01463/.cache/coursier/v1/https/repo1.maven.org/maven2/org/glassfish/jaxb/jaxb-runtime/4.0.5/jaxb-runtime-4.0.5.jar:/home/bs01463/.cache/coursier/v1/https/repo1.maven.org/maven2/org/playframework/twirl/twirl-api_2.13/2.0.4/twirl-api_2.13-2.0.4.jar:/home/bs01463/.cache/coursier/v1/https/repo1.maven.org/maven2/org/playframework/play-server_2.13/3.0.2/play-server_2.13-3.0.2.jar:/home/bs01463/.cache/coursier/v1/https/repo1.maven.org/maven2/org/playframework/play-logback_2.13/3.0.2/play-logback_2.13-3.0.2.jar:/home/bs01463/.cache/coursier/v1/https/repo1.maven.org/maven2/org/playframework/play-pekko-http-server_2.13/3.0.2/play-pekko-http-server_2.13-3.0.2.jar:/home/bs01463/.cache/coursier/v1/https/repo1.maven.org/maven2/org/playframework/play-filters-helpers_2.13/3.0.2/play-filters-helpers_2.13-3.0.2.jar:/home/bs01463/.cache/coursier/v1/https/repo1.maven.org/maven2/org/playframework/play-java-forms_2.13/3.0.2/play-java-forms_2.13-3.0.2.jar:/home/bs01463/.cache/coursier/v1/https/repo1.maven.org/maven2/org/playframework/play-guice_2.13/3.0.2/play-guice_2.13-3.0.2.jar:/home/bs01463/.cache/coursier/v1/https/repo1.maven.org/maven2/io/ebean/ebean/15.1.0/ebean-15.1.0.jar:/home/bs01463/.cache/coursier/v1/https/repo1.maven.org/maven2/com/fasterxml/jackson/core/jackson-databind/2.14.2/jackson-databind-2.14.2.jar:/home/bs01463/.cache/coursier/v1/https/repo1.maven.org/maven2/io/ebean/ebean-ddl-generator/15.1.0/ebean-ddl-generator-15.1.0.jar:/home/bs01463/.cache/coursier/v1/https/repo1.maven.org/maven2/io/ebean/ebean-agent/15.1.0/ebean-agent-15.1.0.jar:/home/bs01463/.cache/coursier/v1/https/repo1.maven.org/maven2/org/playframework/play-java-jdbc_2.13/3.0.2/play-java-jdbc_2.13-3.0.2.jar:/home/bs01463/.cache/coursier/v1/https/repo1.maven.org/maven2/org/playframework/play-jdbc-evolutions_2.13/3.0.2/play-jdbc-evolutions_2.13-3.0.2.jar:/home/bs01463/.cache/coursier/v1/https/repo1.maven.org/maven2/org/reflections/reflections/0.10.2/reflections-0.10.2.jar:/home/bs01463/.cache/coursier/v1/https/repo1.maven.org/maven2/org/glassfish/jaxb/jaxb-core/4.0.5/jaxb-core-4.0.5.jar:/home/bs01463/.cache/coursier/v1/https/repo1.maven.org/maven2/org/scala-lang/modules/scala-xml_2.13/2.2.0/scala-xml_2.13-2.2.0.jar:/home/bs01463/.cache/coursier/v1/https/repo1.maven.org/maven2/org/playframework/play_2.13/3.0.2/play_2.13-3.0.2.jar:/home/bs01463/.cache/coursier/v1/https/repo1.maven.org/maven2/ch/qos/logback/logback-classic/1.5.1/logback-classic-1.5.1.jar:/home/bs01463/.cache/coursier/v1/https/repo1.maven.org/maven2/org/playframework/play-streams_2.13/3.0.2/play-streams_2.13-3.0.2.jar:/home/bs01463/.cache/coursier/v1/https/repo1.maven.org/maven2/org/apache/pekko/pekko-http-core_2.13/1.0.1/pekko-http-core_2.13-1.0.1.jar:/home/bs01463/.cache/coursier/v1/https/repo1.maven.org/maven2/org/playframework/play-java_2.13/3.0.2/play-java_2.13-3.0.2.jar:/home/bs01463/.cache/coursier/v1/https/repo1.maven.org/maven2/net/jodah/typetools/0.6.3/typetools-0.6.3.jar:/home/bs01463/.cache/coursier/v1/https/repo1.maven.org/maven2/org/hibernate/validator/hibernate-validator/6.2.5.Final/hibernate-validator-6.2.5.Final.jar:/home/bs01463/.cache/coursier/v1/https/repo1.maven.org/maven2/org/springframework/spring-context/5.3.32/spring-context-5.3.32.jar:/home/bs01463/.cache/coursier/v1/https/repo1.maven.org/maven2/org/springframework/spring-core/5.3.32/spring-core-5.3.32.jar:/home/bs01463/.cache/coursier/v1/https/repo1.maven.org/maven2/org/springframework/spring-beans/5.3.32/spring-beans-5.3.32.jar:/home/bs01463/.cache/coursier/v1/https/repo1.maven.org/maven2/com/google/inject/guice/6.0.0/guice-6.0.0.jar:/home/bs01463/.cache/coursier/v1/https/repo1.maven.org/maven2/com/google/inject/extensions/guice-assistedinject/6.0.0/guice-assistedinject-6.0.0.jar:/home/bs01463/.cache/coursier/v1/https/repo1.maven.org/maven2/com/mysql/mysql-connector-j/8.0.33/mysql-connector-j-8.0.33.jar:/home/bs01463/.cache/coursier/v1/https/repo1.maven.org/maven2/io/ebean/ebean-api/15.1.0/ebean-api-15.1.0.jar:/home/bs01463/.cache/coursier/v1/https/repo1.maven.org/maven2/io/ebean/ebean-core/15.1.0/ebean-core-15.1.0.jar:/home/bs01463/.cache/coursier/v1/https/repo1.maven.org/maven2/io/ebean/ebean-joda-time/14.0.0/ebean-joda-time-14.0.0.jar:/home/bs01463/.cache/coursier/v1/https/repo1.maven.org/maven2/io/ebean/ebean-jackson-jsonnode/14.0.0/ebean-jackson-jsonnode-14.0.0.jar:/home/bs01463/.cache/coursier/v1/https/repo1.maven.org/maven2/io/ebean/ebean-jackson-mapper/15.1.0/ebean-jackson-mapper-15.1.0.jar:/home/bs01463/.cache/coursier/v1/https/repo1.maven.org/maven2/io/ebean/ebean-datasource/8.12/ebean-datasource-8.12.jar:/home/bs01463/.cache/coursier/v1/https/repo1.maven.org/maven2/io/ebean/ebean-migration/14.0.0/ebean-migration-14.0.0.jar:/home/bs01463/.cache/coursier/v1/https/repo1.maven.org/maven2/io/ebean/ebean-querybean/15.1.0/ebean-querybean-15.1.0.jar:/home/bs01463/.cache/coursier/v1/https/repo1.maven.org/maven2/io/ebean/ebean-platform-all/15.1.0/ebean-platform-all-15.1.0.jar:/home/bs01463/.cache/coursier/v1/https/repo1.maven.org/maven2/com/fasterxml/jackson/core/jackson-annotations/2.14.3/jackson-annotations-2.14.3.jar:/home/bs01463/.cache/coursier/v1/https/repo1.maven.org/maven2/com/fasterxml/jackson/core/jackson-core/2.15.0/jackson-core-2.15.0.jar:/home/bs01463/.cache/coursier/v1/https/repo1.maven.org/maven2/io/ebean/ebean-ddl-runner/2.3/ebean-ddl-runner-2.3.jar:/home/bs01463/.cache/coursier/v1/https/repo1.maven.org/maven2/jakarta/xml/bind/jakarta.xml.bind-api/4.0.2/jakarta.xml.bind-api-4.0.2.jar:/home/bs01463/.cache/coursier/v1/https/repo1.maven.org/maven2/org/playframework/play-jdbc_2.13/3.0.2/play-jdbc_2.13-3.0.2.jar:/home/bs01463/.cache/coursier/v1/https/repo1.maven.org/maven2/org/playframework/play-jdbc-api_2.13/3.0.2/play-jdbc-api_2.13-3.0.2.jar:/home/bs01463/.cache/coursier/v1/https/repo1.maven.org/maven2/org/javassist/javassist/3.28.0-GA/javassist-3.28.0-GA.jar:/home/bs01463/.cache/coursier/v1/https/repo1.maven.org/maven2/com/google/code/findbugs/jsr305/3.0.2/jsr305-3.0.2.jar:/home/bs01463/.cache/coursier/v1/https/repo1.maven.org/maven2/org/slf4j/slf4j-api/2.0.12/slf4j-api-2.0.12.jar:/home/bs01463/.cache/coursier/v1/https/repo1.maven.org/maven2/jakarta/activation/jakarta.activation-api/2.1.3/jakarta.activation-api-2.1.3.jar:/home/bs01463/.cache/coursier/v1/https/repo1.maven.org/maven2/org/eclipse/angus/angus-activation/2.0.2/angus-activation-2.0.2.jar:/home/bs01463/.cache/coursier/v1/https/repo1.maven.org/maven2/org/glassfish/jaxb/txw2/4.0.5/txw2-4.0.5.jar:/home/bs01463/.cache/coursier/v1/https/repo1.maven.org/maven2/com/sun/istack/istack-commons-runtime/4.1.2/istack-commons-runtime-4.1.2.jar:/home/bs01463/.cache/coursier/v1/https/repo1.maven.org/maven2/org/playframework/play-build-link/3.0.2/play-build-link-3.0.2.jar:/home/bs01463/.cache/coursier/v1/https/repo1.maven.org/maven2/org/playframework/play-configuration_2.13/3.0.2/play-configuration_2.13-3.0.2.jar:/home/bs01463/.cache/coursier/v1/https/repo1.maven.org/maven2/org/slf4j/jul-to-slf4j/2.0.12/jul-to-slf4j-2.0.12.jar:/home/bs01463/.cache/coursier/v1/https/repo1.maven.org/maven2/org/slf4j/jcl-over-slf4j/2.0.12/jcl-over-slf4j-2.0.12.jar:/home/bs01463/.cache/coursier/v1/https/repo1.maven.org/maven2/org/apache/pekko/pekko-actor_2.13/1.0.2/pekko-actor_2.13-1.0.2.jar:/home/bs01463/.cache/coursier/v1/https/repo1.maven.org/maven2/org/apache/pekko/pekko-actor-typed_2.13/1.0.2/pekko-actor-typed_2.13-1.0.2.jar:/home/bs01463/.cache/coursier/v1/https/repo1.maven.org/maven2/org/apache/pekko/pekko-slf4j_2.13/1.0.2/pekko-slf4j_2.13-1.0.2.jar:/home/bs01463/.cache/coursier/v1/https/repo1.maven.org/maven2/org/apache/pekko/pekko-serialization-jackson_2.13/1.0.2/pekko-serialization-jackson_2.13-1.0.2.jar:/home/bs01463/.cache/coursier/v1/https/repo1.maven.org/maven2/com/fasterxml/jackson/datatype/jackson-datatype-jdk8/2.14.3/jackson-datatype-jdk8-2.14.3.jar:/home/bs01463/.cache/coursier/v1/https/repo1.maven.org/maven2/com/fasterxml/jackson/datatype/jackson-datatype-jsr310/2.14.3/jackson-datatype-jsr310-2.14.3.jar:/home/bs01463/.cache/coursier/v1/https/repo1.maven.org/maven2/com/fasterxml/jackson/dataformat/jackson-dataformat-cbor/2.14.3/jackson-dataformat-cbor-2.14.3.jar:/home/bs01463/.cache/coursier/v1/https/repo1.maven.org/maven2/com/fasterxml/jackson/module/jackson-module-parameter-names/2.14.3/jackson-module-parameter-names-2.14.3.jar:/home/bs01463/.cache/coursier/v1/https/repo1.maven.org/maven2/com/fasterxml/jackson/module/jackson-module-scala_2.13/2.14.3/jackson-module-scala_2.13-2.14.3.jar:/home/bs01463/.cache/coursier/v1/https/repo1.maven.org/maven2/io/jsonwebtoken/jjwt-api/0.11.5/jjwt-api-0.11.5.jar:/home/bs01463/.cache/coursier/v1/https/repo1.maven.org/maven2/io/jsonwebtoken/jjwt-impl/0.11.5/jjwt-impl-0.11.5.jar:/home/bs01463/.cache/coursier/v1/https/repo1.maven.org/maven2/io/jsonwebtoken/jjwt-jackson/0.11.5/jjwt-jackson-0.11.5.jar:/home/bs01463/.cache/coursier/v1/https/repo1.maven.org/maven2/org/playframework/play-json_2.13/3.0.2/play-json_2.13-3.0.2.jar:/home/bs01463/.cache/coursier/v1/https/repo1.maven.org/maven2/com/google/guava/guava/32.1.3-jre/guava-32.1.3-jre.jar:/home/bs01463/.cache/coursier/v1/https/repo1.maven.org/maven2/javax/inject/javax.inject/1/javax.inject-1.jar:/home/bs01463/.cache/coursier/v1/https/repo1.maven.org/maven2/com/typesafe/ssl-config-core_2.13/0.6.1/ssl-config-core_2.13-0.6.1.jar:/home/bs01463/.cache/coursier/v1/https/repo1.maven.org/maven2/org/scala-lang/modules/scala-parser-combinators_2.13/1.1.2/scala-parser-combinators_2.13-1.1.2.jar:/home/bs01463/.cache/coursier/v1/https/repo1.maven.org/maven2/ch/qos/logback/logback-core/1.5.1/logback-core-1.5.1.jar:/home/bs01463/.cache/coursier/v1/https/repo1.maven.org/maven2/org/reactivestreams/reactive-streams/1.0.4/reactive-streams-1.0.4.jar:/home/bs01463/.cache/coursier/v1/https/repo1.maven.org/maven2/org/apache/pekko/pekko-stream_2.13/1.0.2/pekko-stream_2.13-1.0.2.jar:/home/bs01463/.cache/coursier/v1/https/repo1.maven.org/maven2/org/apache/pekko/pekko-parsing_2.13/1.0.1/pekko-parsing_2.13-1.0.1.jar:/home/bs01463/.cache/coursier/v1/https/repo1.maven.org/maven2/org/parboiled/parboiled_2.13/2.5.0/parboiled_2.13-2.5.0.jar:/home/bs01463/.cache/coursier/v1/https/repo1.maven.org/maven2/jakarta/validation/jakarta.validation-api/2.0.2/jakarta.validation-api-2.0.2.jar:/home/bs01463/.cache/coursier/v1/https/repo1.maven.org/maven2/org/jboss/logging/jboss-logging/3.4.1.Final/jboss-logging-3.4.1.Final.jar:/home/bs01463/.cache/coursier/v1/https/repo1.maven.org/maven2/com/fasterxml/classmate/1.5.1/classmate-1.5.1.jar:/home/bs01463/.cache/coursier/v1/https/repo1.maven.org/maven2/jakarta/inject/jakarta.inject-api/2.0.1/jakarta.inject-api-2.0.1.jar:/home/bs01463/.cache/coursier/v1/https/repo1.maven.org/maven2/aopalliance/aopalliance/1.0/aopalliance-1.0.jar:/home/bs01463/.cache/coursier/v1/https/repo1.maven.org/maven2/com/google/errorprone/error_prone_annotations/2.21.1/error_prone_annotations-2.21.1.jar:/home/bs01463/.cache/coursier/v1/https/repo1.maven.org/maven2/com/google/protobuf/protobuf-java/3.21.9/protobuf-java-3.21.9.jar:/home/bs01463/.cache/coursier/v1/https/repo1.maven.org/maven2/io/avaje/avaje-applog/1.0/avaje-applog-1.0.jar:/home/bs01463/.cache/coursier/v1/https/repo1.maven.org/maven2/io/avaje/avaje-applog-slf4j/1.0/avaje-applog-slf4j-1.0.jar:/home/bs01463/.cache/coursier/v1/https/repo1.maven.org/maven2/io/avaje/avaje-lang/1.1/avaje-lang-1.1.jar:/home/bs01463/.cache/coursier/v1/https/repo1.maven.org/maven2/io/avaje/avaje-config/3.12/avaje-config-3.12.jar:/home/bs01463/.cache/coursier/v1/https/repo1.maven.org/maven2/io/ebean/jakarta-persistence-api/3.0/jakarta-persistence-api-3.0.jar:/home/bs01463/.cache/coursier/v1/https/repo1.maven.org/maven2/io/ebean/ebean-annotation/8.4/ebean-annotation-8.4.jar:/home/bs01463/.cache/coursier/v1/https/repo1.maven.org/maven2/io/ebean/ebean-types/3.0/ebean-types-3.0.jar:/home/bs01463/.cache/coursier/v1/https/repo1.maven.org/maven2/io/ebean/ebean-datasource-api/8.12/ebean-datasource-api-8.12.jar:/home/bs01463/.cache/coursier/v1/https/repo1.maven.org/maven2/io/avaje/classpath-scanner/7.1/classpath-scanner-7.1.jar:/home/bs01463/.cache/coursier/v1/https/repo1.maven.org/maven2/io/ebean/ebean-migration-auto/1.2/ebean-migration-auto-1.2.jar:/home/bs01463/.cache/coursier/v1/https/repo1.maven.org/maven2/io/ebean/ebean-core-type/15.1.0/ebean-core-type-15.1.0.jar:/home/bs01463/.cache/coursier/v1/https/repo1.maven.org/maven2/joda-time/joda-time/2.11.1/joda-time-2.11.1.jar:/home/bs01463/.cache/coursier/v1/https/repo1.maven.org/maven2/io/ebean/ebean-platform-h2/15.1.0/ebean-platform-h2-15.1.0.jar:/home/bs01463/.cache/coursier/v1/https/repo1.maven.org/maven2/io/ebean/ebean-platform-clickhouse/15.1.0/ebean-platform-clickhouse-15.1.0.jar:/home/bs01463/.cache/coursier/v1/https/repo1.maven.org/maven2/io/ebean/ebean-platform-db2/15.1.0/ebean-platform-db2-15.1.0.jar:/home/bs01463/.cache/coursier/v1/https/repo1.maven.org/maven2/io/ebean/ebean-platform-hana/15.1.0/ebean-platform-hana-15.1.0.jar:/home/bs01463/.cache/coursier/v1/https/repo1.maven.org/maven2/io/ebean/ebean-platform-hsqldb/15.1.0/ebean-platform-hsqldb-15.1.0.jar:/home/bs01463/.cache/coursier/v1/https/repo1.maven.org/maven2/io/ebean/ebean-platform-mysql/15.1.0/ebean-platform-mysql-15.1.0.jar:/home/bs01463/.cache/coursier/v1/https/repo1.maven.org/maven2/io/ebean/ebean-platform-mariadb/15.1.0/ebean-platform-mariadb-15.1.0.jar:/home/bs01463/.cache/coursier/v1/https/repo1.maven.org/maven2/io/ebean/ebean-platform-nuodb/15.1.0/ebean-platform-nuodb-15.1.0.jar:/home/bs01463/.cache/coursier/v1/https/repo1.maven.org/maven2/io/ebean/ebean-platform-oracle/15.1.0/ebean-platform-oracle-15.1.0.jar:/home/bs01463/.cache/coursier/v1/https/repo1.maven.org/maven2/io/ebean/ebean-platform-postgres/15.1.0/ebean-platform-postgres-15.1.0.jar:/home/bs01463/.cache/coursier/v1/https/repo1.maven.org/maven2/io/ebean/ebean-platform-sqlanywhere/15.1.0/ebean-platform-sqlanywhere-15.1.0.jar:/home/bs01463/.cache/coursier/v1/https/repo1.maven.org/maven2/io/ebean/ebean-platform-sqlite/15.1.0/ebean-platform-sqlite-15.1.0.jar:/home/bs01463/.cache/coursier/v1/https/repo1.maven.org/maven2/io/ebean/ebean-platform-sqlserver/15.1.0/ebean-platform-sqlserver-15.1.0.jar:/home/bs01463/.cache/coursier/v1/https/repo1.maven.org/maven2/com/zaxxer/HikariCP/5.0.1/HikariCP-5.0.1.jar:/home/bs01463/.cache/coursier/v1/https/repo1.maven.org/maven2/com/googlecode/usc/jdbcdslog/1.0.6.2/jdbcdslog-1.0.6.2.jar:/home/bs01463/.cache/coursier/v1/https/repo1.maven.org/maven2/tyrex/tyrex/1.0.1/tyrex-1.0.1.jar:/home/bs01463/.cache/coursier/v1/https/repo1.maven.org/maven2/org/playframework/play-exceptions/3.0.2/play-exceptions-3.0.2.jar:/home/bs01463/.cache/coursier/v1/https/repo1.maven.org/maven2/com/typesafe/config/1.4.3/config-1.4.3.jar:/home/bs01463/.cache/coursier/v1/https/repo1.maven.org/maven2/org/lz4/lz4-java/1.8.0/lz4-java-1.8.0.jar:/home/bs01463/.cache/coursier/v1/https/repo1.maven.org/maven2/com/thoughtworks/paranamer/paranamer/2.8/paranamer-2.8.jar:/home/bs01463/.cache/coursier/v1/https/repo1.maven.org/maven2/org/playframework/play-functional_2.13/3.0.2/play-functional_2.13-3.0.2.jar:/home/bs01463/.cache/coursier/v1/https/repo1.maven.org/maven2/org/scala-lang/scala-reflect/2.13.16/scala-reflect-2.13.16.jar:/home/bs01463/.cache/coursier/v1/https/repo1.maven.org/maven2/com/google/guava/failureaccess/1.0.1/failureaccess-1.0.1.jar:/home/bs01463/.cache/coursier/v1/https/repo1.maven.org/maven2/com/google/guava/listenablefuture/9999.0-empty-to-avoid-conflict-with-guava/listenablefuture-9999.0-empty-to-avoid-conflict-with-guava.jar:/home/bs01463/.cache/coursier/v1/https/repo1.maven.org/maven2/org/checkerframework/checker-qual/3.37.0/checker-qual-3.37.0.jar:/home/bs01463/.cache/coursier/v1/https/repo1.maven.org/maven2/com/google/j2objc/j2objc-annotations/2.8/j2objc-annotations-2.8.jar:/home/bs01463/.cache/coursier/v1/https/repo1.maven.org/maven2/org/apache/pekko/pekko-protobuf-v3_2.13/1.0.2/pekko-protobuf-v3_2.13-1.0.2.jar:/home/bs01463/.cache/coursier/v1/https/repo1.maven.org/maven2/io/avaje/classpath-scanner-api/7.1/classpath-scanner-api-7.1.jar -Xplugin-require:semanticdb -Yrangepos -Ymacro-expand:discard -Ycache-plugin-class-loader:last-modified -Ypresentation-any-thread

  last tree to typer: TypeTree
       tree position: line 23 of file:///home/bs01463/Desktop/java/play-3/app/controllers/ProductController.scala
            tree tpe: <error>
              symbol: <none>
   symbol definition: <none> (a NoSymbol)
      symbol package: <none>
       symbol owners: 
           call site: <none> in <none>

== Source file context for tree position ==

    20           this.productRepository = productRepository;
    21       }
    22 
    23   def list = Action {
    24     val products = _CURSOR_ProductRepository.findAll()
    25     Ok(Json.toJson(products))
    26   } (full report at: "/home/bs01463/Desktop/java/play-3/.metals/.reports/metals-full/2025-07-28/r_compiler-error_(root)_17-44-14-530.md")[0m
Jul 28, 2025 5:44:27 PM scala.meta.internal.pc.CompilerAccess retryWithCleanCompiler
INFO: compiler crashed due to an error in the Scala compiler, retrying with new compiler instance.
2025.07.28 17:44:27 INFO  Created report: Optional[file:///home/bs01463/Desktop/java/play-3/app/controllers/ProductController.scala][0m
2025.07.28 17:44:27 INFO  scala.reflect.internal.FatalError: 
  ThisType(method ProductController) for sym which is not a class
     while compiling: file:///home/bs01463/Desktop/java/play-3/app/controllers/ProductController.scala
        during phase: globalPhase=<no phase>, enteringPhase=parser
     library version: version 2.13.16
    compiler version: version 2.13.16
  reconstructed args: -deprecation -encoding utf8 -unchecked -Wconf:cat=unchecked:w -Wconf:cat=deprecation:ws -Wconf:cat=feature:ws -Wconf:cat=optimizer:ws -classpath /home/bs01463/Desktop/java/play-3/.bloop/root/bloop-bsp-clients-classes/classes-Metals-seFHOEuIT2mePzfV6AjrSQ==:/home/bs01463/.cache/coursier/v1/https/repo1.maven.org/maven2/com/sourcegraph/semanticdb-javac/0.10.4/semanticdb-javac-0.10.4.jar:/home/bs01463/.cache/coursier/v1/https/repo1.maven.org/maven2/org/scala-lang/scala-library/2.13.16/scala-library-2.13.16.jar:/home/bs01463/.cache/coursier/v1/https/repo1.maven.org/maven2/org/playframework/play-ebean_2.13/8.3.0/play-ebean_2.13-8.3.0.jar:/home/bs01463/.cache/coursier/v1/https/repo1.maven.org/maven2/org/glassfish/jaxb/jaxb-runtime/4.0.5/jaxb-runtime-4.0.5.jar:/home/bs01463/.cache/coursier/v1/https/repo1.maven.org/maven2/org/playframework/twirl/twirl-api_2.13/2.0.4/twirl-api_2.13-2.0.4.jar:/home/bs01463/.cache/coursier/v1/https/repo1.maven.org/maven2/org/playframework/play-server_2.13/3.0.2/play-server_2.13-3.0.2.jar:/home/bs01463/.cache/coursier/v1/https/repo1.maven.org/maven2/org/playframework/play-logback_2.13/3.0.2/play-logback_2.13-3.0.2.jar:/home/bs01463/.cache/coursier/v1/https/repo1.maven.org/maven2/org/playframework/play-pekko-http-server_2.13/3.0.2/play-pekko-http-server_2.13-3.0.2.jar:/home/bs01463/.cache/coursier/v1/https/repo1.maven.org/maven2/org/playframework/play-filters-helpers_2.13/3.0.2/play-filters-helpers_2.13-3.0.2.jar:/home/bs01463/.cache/coursier/v1/https/repo1.maven.org/maven2/org/playframework/play-java-forms_2.13/3.0.2/play-java-forms_2.13-3.0.2.jar:/home/bs01463/.cache/coursier/v1/https/repo1.maven.org/maven2/org/playframework/play-guice_2.13/3.0.2/play-guice_2.13-3.0.2.jar:/home/bs01463/.cache/coursier/v1/https/repo1.maven.org/maven2/io/ebean/ebean/15.1.0/ebean-15.1.0.jar:/home/bs01463/.cache/coursier/v1/https/repo1.maven.org/maven2/com/fasterxml/jackson/core/jackson-databind/2.14.2/jackson-databind-2.14.2.jar:/home/bs01463/.cache/coursier/v1/https/repo1.maven.org/maven2/io/ebean/ebean-ddl-generator/15.1.0/ebean-ddl-generator-15.1.0.jar:/home/bs01463/.cache/coursier/v1/https/repo1.maven.org/maven2/io/ebean/ebean-agent/15.1.0/ebean-agent-15.1.0.jar:/home/bs01463/.cache/coursier/v1/https/repo1.maven.org/maven2/org/playframework/play-java-jdbc_2.13/3.0.2/play-java-jdbc_2.13-3.0.2.jar:/home/bs01463/.cache/coursier/v1/https/repo1.maven.org/maven2/org/playframework/play-jdbc-evolutions_2.13/3.0.2/play-jdbc-evolutions_2.13-3.0.2.jar:/home/bs01463/.cache/coursier/v1/https/repo1.maven.org/maven2/org/reflections/reflections/0.10.2/reflections-0.10.2.jar:/home/bs01463/.cache/coursier/v1/https/repo1.maven.org/maven2/org/glassfish/jaxb/jaxb-core/4.0.5/jaxb-core-4.0.5.jar:/home/bs01463/.cache/coursier/v1/https/repo1.maven.org/maven2/org/scala-lang/modules/scala-xml_2.13/2.2.0/scala-xml_2.13-2.2.0.jar:/home/bs01463/.cache/coursier/v1/https/repo1.maven.org/maven2/org/playframework/play_2.13/3.0.2/play_2.13-3.0.2.jar:/home/bs01463/.cache/coursier/v1/https/repo1.maven.org/maven2/ch/qos/logback/logback-classic/1.5.1/logback-classic-1.5.1.jar:/home/bs01463/.cache/coursier/v1/https/repo1.maven.org/maven2/org/playframework/play-streams_2.13/3.0.2/play-streams_2.13-3.0.2.jar:/home/bs01463/.cache/coursier/v1/https/repo1.maven.org/maven2/org/apache/pekko/pekko-http-core_2.13/1.0.1/pekko-http-core_2.13-1.0.1.jar:/home/bs01463/.cache/coursier/v1/https/repo1.maven.org/maven2/org/playframework/play-java_2.13/3.0.2/play-java_2.13-3.0.2.jar:/home/bs01463/.cache/coursier/v1/https/repo1.maven.org/maven2/net/jodah/typetools/0.6.3/typetools-0.6.3.jar:/home/bs01463/.cache/coursier/v1/https/repo1.maven.org/maven2/org/hibernate/validator/hibernate-validator/6.2.5.Final/hibernate-validator-6.2.5.Final.jar:/home/bs01463/.cache/coursier/v1/https/repo1.maven.org/maven2/org/springframework/spring-context/5.3.32/spring-context-5.3.32.jar:/home/bs01463/.cache/coursier/v1/https/repo1.maven.org/maven2/org/springframework/spring-core/5.3.32/spring-core-5.3.32.jar:/home/bs01463/.cache/coursier/v1/https/repo1.maven.org/maven2/org/springframework/spring-beans/5.3.32/spring-beans-5.3.32.jar:/home/bs01463/.cache/coursier/v1/https/repo1.maven.org/maven2/com/google/inject/guice/6.0.0/guice-6.0.0.jar:/home/bs01463/.cache/coursier/v1/https/repo1.maven.org/maven2/com/google/inject/extensions/guice-assistedinject/6.0.0/guice-assistedinject-6.0.0.jar:/home/bs01463/.cache/coursier/v1/https/repo1.maven.org/maven2/com/mysql/mysql-connector-j/8.0.33/mysql-connector-j-8.0.33.jar:/home/bs01463/.cache/coursier/v1/https/repo1.maven.org/maven2/io/ebean/ebean-api/15.1.0/ebean-api-15.1.0.jar:/home/bs01463/.cache/coursier/v1/https/repo1.maven.org/maven2/io/ebean/ebean-core/15.1.0/ebean-core-15.1.0.jar:/home/bs01463/.cache/coursier/v1/https/repo1.maven.org/maven2/io/ebean/ebean-joda-time/14.0.0/ebean-joda-time-14.0.0.jar:/home/bs01463/.cache/coursier/v1/https/repo1.maven.org/maven2/io/ebean/ebean-jackson-jsonnode/14.0.0/ebean-jackson-jsonnode-14.0.0.jar:/home/bs01463/.cache/coursier/v1/https/repo1.maven.org/maven2/io/ebean/ebean-jackson-mapper/15.1.0/ebean-jackson-mapper-15.1.0.jar:/home/bs01463/.cache/coursier/v1/https/repo1.maven.org/maven2/io/ebean/ebean-datasource/8.12/ebean-datasource-8.12.jar:/home/bs01463/.cache/coursier/v1/https/repo1.maven.org/maven2/io/ebean/ebean-migration/14.0.0/ebean-migration-14.0.0.jar:/home/bs01463/.cache/coursier/v1/https/repo1.maven.org/maven2/io/ebean/ebean-querybean/15.1.0/ebean-querybean-15.1.0.jar:/home/bs01463/.cache/coursier/v1/https/repo1.maven.org/maven2/io/ebean/ebean-platform-all/15.1.0/ebean-platform-all-15.1.0.jar:/home/bs01463/.cache/coursier/v1/https/repo1.maven.org/maven2/com/fasterxml/jackson/core/jackson-annotations/2.14.3/jackson-annotations-2.14.3.jar:/home/bs01463/.cache/coursier/v1/https/repo1.maven.org/maven2/com/fasterxml/jackson/core/jackson-core/2.15.0/jackson-core-2.15.0.jar:/home/bs01463/.cache/coursier/v1/https/repo1.maven.org/maven2/io/ebean/ebean-ddl-runner/2.3/ebean-ddl-runner-2.3.jar:/home/bs01463/.cache/coursier/v1/https/repo1.maven.org/maven2/jakarta/xml/bind/jakarta.xml.bind-api/4.0.2/jakarta.xml.bind-api-4.0.2.jar:/home/bs01463/.cache/coursier/v1/https/repo1.maven.org/maven2/org/playframework/play-jdbc_2.13/3.0.2/play-jdbc_2.13-3.0.2.jar:/home/bs01463/.cache/coursier/v1/https/repo1.maven.org/maven2/org/playframework/play-jdbc-api_2.13/3.0.2/play-jdbc-api_2.13-3.0.2.jar:/home/bs01463/.cache/coursier/v1/https/repo1.maven.org/maven2/org/javassist/javassist/3.28.0-GA/javassist-3.28.0-GA.jar:/home/bs01463/.cache/coursier/v1/https/repo1.maven.org/maven2/com/google/code/findbugs/jsr305/3.0.2/jsr305-3.0.2.jar:/home/bs01463/.cache/coursier/v1/https/repo1.maven.org/maven2/org/slf4j/slf4j-api/2.0.12/slf4j-api-2.0.12.jar:/home/bs01463/.cache/coursier/v1/https/repo1.maven.org/maven2/jakarta/activation/jakarta.activation-api/2.1.3/jakarta.activation-api-2.1.3.jar:/home/bs01463/.cache/coursier/v1/https/repo1.maven.org/maven2/org/eclipse/angus/angus-activation/2.0.2/angus-activation-2.0.2.jar:/home/bs01463/.cache/coursier/v1/https/repo1.maven.org/maven2/org/glassfish/jaxb/txw2/4.0.5/txw2-4.0.5.jar:/home/bs01463/.cache/coursier/v1/https/repo1.maven.org/maven2/com/sun/istack/istack-commons-runtime/4.1.2/istack-commons-runtime-4.1.2.jar:/home/bs01463/.cache/coursier/v1/https/repo1.maven.org/maven2/org/playframework/play-build-link/3.0.2/play-build-link-3.0.2.jar:/home/bs01463/.cache/coursier/v1/https/repo1.maven.org/maven2/org/playframework/play-configuration_2.13/3.0.2/play-configuration_2.13-3.0.2.jar:/home/bs01463/.cache/coursier/v1/https/repo1.maven.org/maven2/org/slf4j/jul-to-slf4j/2.0.12/jul-to-slf4j-2.0.12.jar:/home/bs01463/.cache/coursier/v1/https/repo1.maven.org/maven2/org/slf4j/jcl-over-slf4j/2.0.12/jcl-over-slf4j-2.0.12.jar:/home/bs01463/.cache/coursier/v1/https/repo1.maven.org/maven2/org/apache/pekko/pekko-actor_2.13/1.0.2/pekko-actor_2.13-1.0.2.jar:/home/bs01463/.cache/coursier/v1/https/repo1.maven.org/maven2/org/apache/pekko/pekko-actor-typed_2.13/1.0.2/pekko-actor-typed_2.13-1.0.2.jar:/home/bs01463/.cache/coursier/v1/https/repo1.maven.org/maven2/org/apache/pekko/pekko-slf4j_2.13/1.0.2/pekko-slf4j_2.13-1.0.2.jar:/home/bs01463/.cache/coursier/v1/https/repo1.maven.org/maven2/org/apache/pekko/pekko-serialization-jackson_2.13/1.0.2/pekko-serialization-jackson_2.13-1.0.2.jar:/home/bs01463/.cache/coursier/v1/https/repo1.maven.org/maven2/com/fasterxml/jackson/datatype/jackson-datatype-jdk8/2.14.3/jackson-datatype-jdk8-2.14.3.jar:/home/bs01463/.cache/coursier/v1/https/repo1.maven.org/maven2/com/fasterxml/jackson/datatype/jackson-datatype-jsr310/2.14.3/jackson-datatype-jsr310-2.14.3.jar:/home/bs01463/.cache/coursier/v1/https/repo1.maven.org/maven2/com/fasterxml/jackson/dataformat/jackson-dataformat-cbor/2.14.3/jackson-dataformat-cbor-2.14.3.jar:/home/bs01463/.cache/coursier/v1/https/repo1.maven.org/maven2/com/fasterxml/jackson/module/jackson-module-parameter-names/2.14.3/jackson-module-parameter-names-2.14.3.jar:/home/bs01463/.cache/coursier/v1/https/repo1.maven.org/maven2/com/fasterxml/jackson/module/jackson-module-scala_2.13/2.14.3/jackson-module-scala_2.13-2.14.3.jar:/home/bs01463/.cache/coursier/v1/https/repo1.maven.org/maven2/io/jsonwebtoken/jjwt-api/0.11.5/jjwt-api-0.11.5.jar:/home/bs01463/.cache/coursier/v1/https/repo1.maven.org/maven2/io/jsonwebtoken/jjwt-impl/0.11.5/jjwt-impl-0.11.5.jar:/home/bs01463/.cache/coursier/v1/https/repo1.maven.org/maven2/io/jsonwebtoken/jjwt-jackson/0.11.5/jjwt-jackson-0.11.5.jar:/home/bs01463/.cache/coursier/v1/https/repo1.maven.org/maven2/org/playframework/play-json_2.13/3.0.2/play-json_2.13-3.0.2.jar:/home/bs01463/.cache/coursier/v1/https/repo1.maven.org/maven2/com/google/guava/guava/32.1.3-jre/guava-32.1.3-jre.jar:/home/bs01463/.cache/coursier/v1/https/repo1.maven.org/maven2/javax/inject/javax.inject/1/javax.inject-1.jar:/home/bs01463/.cache/coursier/v1/https/repo1.maven.org/maven2/com/typesafe/ssl-config-core_2.13/0.6.1/ssl-config-core_2.13-0.6.1.jar:/home/bs01463/.cache/coursier/v1/https/repo1.maven.org/maven2/org/scala-lang/modules/scala-parser-combinators_2.13/1.1.2/scala-parser-combinators_2.13-1.1.2.jar:/home/bs01463/.cache/coursier/v1/https/repo1.maven.org/maven2/ch/qos/logback/logback-core/1.5.1/logback-core-1.5.1.jar:/home/bs01463/.cache/coursier/v1/https/repo1.maven.org/maven2/org/reactivestreams/reactive-streams/1.0.4/reactive-streams-1.0.4.jar:/home/bs01463/.cache/coursier/v1/https/repo1.maven.org/maven2/org/apache/pekko/pekko-stream_2.13/1.0.2/pekko-stream_2.13-1.0.2.jar:/home/bs01463/.cache/coursier/v1/https/repo1.maven.org/maven2/org/apache/pekko/pekko-parsing_2.13/1.0.1/pekko-parsing_2.13-1.0.1.jar:/home/bs01463/.cache/coursier/v1/https/repo1.maven.org/maven2/org/parboiled/parboiled_2.13/2.5.0/parboiled_2.13-2.5.0.jar:/home/bs01463/.cache/coursier/v1/https/repo1.maven.org/maven2/jakarta/validation/jakarta.validation-api/2.0.2/jakarta.validation-api-2.0.2.jar:/home/bs01463/.cache/coursier/v1/https/repo1.maven.org/maven2/org/jboss/logging/jboss-logging/3.4.1.Final/jboss-logging-3.4.1.Final.jar:/home/bs01463/.cache/coursier/v1/https/repo1.maven.org/maven2/com/fasterxml/classmate/1.5.1/classmate-1.5.1.jar:/home/bs01463/.cache/coursier/v1/https/repo1.maven.org/maven2/jakarta/inject/jakarta.inject-api/2.0.1/jakarta.inject-api-2.0.1.jar:/home/bs01463/.cache/coursier/v1/https/repo1.maven.org/maven2/aopalliance/aopalliance/1.0/aopalliance-1.0.jar:/home/bs01463/.cache/coursier/v1/https/repo1.maven.org/maven2/com/google/errorprone/error_prone_annotations/2.21.1/error_prone_annotations-2.21.1.jar:/home/bs01463/.cache/coursier/v1/https/repo1.maven.org/maven2/com/google/protobuf/protobuf-java/3.21.9/protobuf-java-3.21.9.jar:/home/bs01463/.cache/coursier/v1/https/repo1.maven.org/maven2/io/avaje/avaje-applog/1.0/avaje-applog-1.0.jar:/home/bs01463/.cache/coursier/v1/https/repo1.maven.org/maven2/io/avaje/avaje-applog-slf4j/1.0/avaje-applog-slf4j-1.0.jar:/home/bs01463/.cache/coursier/v1/https/repo1.maven.org/maven2/io/avaje/avaje-lang/1.1/avaje-lang-1.1.jar:/home/bs01463/.cache/coursier/v1/https/repo1.maven.org/maven2/io/avaje/avaje-config/3.12/avaje-config-3.12.jar:/home/bs01463/.cache/coursier/v1/https/repo1.maven.org/maven2/io/ebean/jakarta-persistence-api/3.0/jakarta-persistence-api-3.0.jar:/home/bs01463/.cache/coursier/v1/https/repo1.maven.org/maven2/io/ebean/ebean-annotation/8.4/ebean-annotation-8.4.jar:/home/bs01463/.cache/coursier/v1/https/repo1.maven.org/maven2/io/ebean/ebean-types/3.0/ebean-types-3.0.jar:/home/bs01463/.cache/coursier/v1/https/repo1.maven.org/maven2/io/ebean/ebean-datasource-api/8.12/ebean-datasource-api-8.12.jar:/home/bs01463/.cache/coursier/v1/https/repo1.maven.org/maven2/io/avaje/classpath-scanner/7.1/classpath-scanner-7.1.jar:/home/bs01463/.cache/coursier/v1/https/repo1.maven.org/maven2/io/ebean/ebean-migration-auto/1.2/ebean-migration-auto-1.2.jar:/home/bs01463/.cache/coursier/v1/https/repo1.maven.org/maven2/io/ebean/ebean-core-type/15.1.0/ebean-core-type-15.1.0.jar:/home/bs01463/.cache/coursier/v1/https/repo1.maven.org/maven2/joda-time/joda-time/2.11.1/joda-time-2.11.1.jar:/home/bs01463/.cache/coursier/v1/https/repo1.maven.org/maven2/io/ebean/ebean-platform-h2/15.1.0/ebean-platform-h2-15.1.0.jar:/home/bs01463/.cache/coursier/v1/https/repo1.maven.org/maven2/io/ebean/ebean-platform-clickhouse/15.1.0/ebean-platform-clickhouse-15.1.0.jar:/home/bs01463/.cache/coursier/v1/https/repo1.maven.org/maven2/io/ebean/ebean-platform-db2/15.1.0/ebean-platform-db2-15.1.0.jar:/home/bs01463/.cache/coursier/v1/https/repo1.maven.org/maven2/io/ebean/ebean-platform-hana/15.1.0/ebean-platform-hana-15.1.0.jar:/home/bs01463/.cache/coursier/v1/https/repo1.maven.org/maven2/io/ebean/ebean-platform-hsqldb/15.1.0/ebean-platform-hsqldb-15.1.0.jar:/home/bs01463/.cache/coursier/v1/https/repo1.maven.org/maven2/io/ebean/ebean-platform-mysql/15.1.0/ebean-platform-mysql-15.1.0.jar:/home/bs01463/.cache/coursier/v1/https/repo1.maven.org/maven2/io/ebean/ebean-platform-mariadb/15.1.0/ebean-platform-mariadb-15.1.0.jar:/home/bs01463/.cache/coursier/v1/https/repo1.maven.org/maven2/io/ebean/ebean-platform-nuodb/15.1.0/ebean-platform-nuodb-15.1.0.jar:/home/bs01463/.cache/coursier/v1/https/repo1.maven.org/maven2/io/ebean/ebean-platform-oracle/15.1.0/ebean-platform-oracle-15.1.0.jar:/home/bs01463/.cache/coursier/v1/https/repo1.maven.org/maven2/io/ebean/ebean-platform-postgres/15.1.0/ebean-platform-postgres-15.1.0.jar:/home/bs01463/.cache/coursier/v1/https/repo1.maven.org/maven2/io/ebean/ebean-platform-sqlanywhere/15.1.0/ebean-platform-sqlanywhere-15.1.0.jar:/home/bs01463/.cache/coursier/v1/https/repo1.maven.org/maven2/io/ebean/ebean-platform-sqlite/15.1.0/ebean-platform-sqlite-15.1.0.jar:/home/bs01463/.cache/coursier/v1/https/repo1.maven.org/maven2/io/ebean/ebean-platform-sqlserver/15.1.0/ebean-platform-sqlserver-15.1.0.jar:/home/bs01463/.cache/coursier/v1/https/repo1.maven.org/maven2/com/zaxxer/HikariCP/5.0.1/HikariCP-5.0.1.jar:/home/bs01463/.cache/coursier/v1/https/repo1.maven.org/maven2/com/googlecode/usc/jdbcdslog/1.0.6.2/jdbcdslog-1.0.6.2.jar:/home/bs01463/.cache/coursier/v1/https/repo1.maven.org/maven2/tyrex/tyrex/1.0.1/tyrex-1.0.1.jar:/home/bs01463/.cache/coursier/v1/https/repo1.maven.org/maven2/org/playframework/play-exceptions/3.0.2/play-exceptions-3.0.2.jar:/home/bs01463/.cache/coursier/v1/https/repo1.maven.org/maven2/com/typesafe/config/1.4.3/config-1.4.3.jar:/home/bs01463/.cache/coursier/v1/https/repo1.maven.org/maven2/org/lz4/lz4-java/1.8.0/lz4-java-1.8.0.jar:/home/bs01463/.cache/coursier/v1/https/repo1.maven.org/maven2/com/thoughtworks/paranamer/paranamer/2.8/paranamer-2.8.jar:/home/bs01463/.cache/coursier/v1/https/repo1.maven.org/maven2/org/playframework/play-functional_2.13/3.0.2/play-functional_2.13-3.0.2.jar:/home/bs01463/.cache/coursier/v1/https/repo1.maven.org/maven2/org/scala-lang/scala-reflect/2.13.16/scala-reflect-2.13.16.jar:/home/bs01463/.cache/coursier/v1/https/repo1.maven.org/maven2/com/google/guava/failureaccess/1.0.1/failureaccess-1.0.1.jar:/home/bs01463/.cache/coursier/v1/https/repo1.maven.org/maven2/com/google/guava/listenablefuture/9999.0-empty-to-avoid-conflict-with-guava/listenablefuture-9999.0-empty-to-avoid-conflict-with-guava.jar:/home/bs01463/.cache/coursier/v1/https/repo1.maven.org/maven2/org/checkerframework/checker-qual/3.37.0/checker-qual-3.37.0.jar:/home/bs01463/.cache/coursier/v1/https/repo1.maven.org/maven2/com/google/j2objc/j2objc-annotations/2.8/j2objc-annotations-2.8.jar:/home/bs01463/.cache/coursier/v1/https/repo1.maven.org/maven2/org/apache/pekko/pekko-protobuf-v3_2.13/1.0.2/pekko-protobuf-v3_2.13-1.0.2.jar:/home/bs01463/.cache/coursier/v1/https/repo1.maven.org/maven2/io/avaje/classpath-scanner-api/7.1/classpath-scanner-api-7.1.jar -Xplugin-require:semanticdb -Yrangepos -Ymacro-expand:discard -Ycache-plugin-class-loader:last-modified -Ypresentation-any-thread

  last tree to typer: TypeTree
       tree position: line 23 of file:///home/bs01463/Desktop/java/play-3/app/controllers/ProductController.scala
            tree tpe: <error>
              symbol: <none>
   symbol definition: <none> (a NoSymbol)
      symbol package: <none>
       symbol owners: 
           call site: <none> in <none>

== Source file context for tree position ==

    20           this.productRepository = productRepository;
    21       }
    22 
    23   def list = Action {
    24     val products = _CURSOR_ProductRepository.findAll()
    25     Ok(Json.toJson(products))
    26   } (full report at: "/home/bs01463/Desktop/java/play-3/.metals/.reports/metals-full/2025-07-28/r_compiler-error_(root)_17-44-27-321.md")[0m
2025.07.28 17:44:30 INFO  compiling root (2 scala sources)[0m
2025.07.28 17:44:30 INFO  time: compiled root in 0.41s[0m
2025.07.28 17:44:44 INFO  compiling root (2 scala sources)[0m
2025.07.28 17:44:44 INFO  time: compiled root in 0.22s[0m
2025.07.28 17:44:47 INFO  compiling root (2 scala sources)[0m
2025.07.28 17:44:47 INFO  time: compiled root in 0.22s[0m
2025.07.28 17:45:13 INFO  compiling root (3 scala sources)[0m
2025.07.28 17:45:13 INFO  time: compiled root in 0.25s[0m
2025.07.28 17:45:35 INFO  compiling root (2 scala sources)[0m
2025.07.28 17:45:35 INFO  time: compiled root in 0.27s[0m
Jul 28, 2025 5:46:49 PM org.eclipse.lsp4j.jsonrpc.RemoteEndpoint handleCancellation
WARNING: Unmatched cancel notification for request id 5725
2025.07.28 17:46:58 INFO  compiling root (2 scala sources)[0m
2025.07.28 17:46:58 INFO  time: compiled root in 0.29s[0m
2025.07.28 17:47:19 INFO  compiling root (2 scala sources)[0m
2025.07.28 17:47:19 INFO  time: compiled root in 0.22s[0m
2025.07.28 17:48:39 INFO  Created report: Optional[file:///home/bs01463/Desktop/java/play-3/app/repositories/CategoryRepository.java][0m
2025.07.28 17:48:39 INFO  QDox parse error in file:///home/bs01463/Desktop/java/play-3/app/repositories/CategoryRepository.java (full report at: "/home/bs01463/Desktop/java/play-3/.metals/.reports/metals-full/2025-07-28/r_qdox-error_(root)_17-48-39-394.md")[0m
2025.07.28 17:48:39 INFO  compiling root (2 scala sources and 1 java source)[0m
2025.07.28 17:48:39 INFO  time: compiled root in 0.28s[0m
2025.07.28 17:48:50 INFO  compiling root (2 scala sources)[0m
2025.07.28 17:48:50 INFO  time: compiled root in 0.24s[0m
2025.07.28 17:48:55 INFO  compiling root (3 scala sources)[0m
2025.07.28 17:48:55 INFO  time: compiled root in 0.23s[0m
2025.07.28 17:49:13 INFO  compiling root (3 scala sources)[0m
2025.07.28 17:49:13 INFO  time: compiled root in 0.28s[0m
Jul 28, 2025 5:50:41 PM org.eclipse.lsp4j.jsonrpc.RemoteEndpoint handleCancellation
WARNING: Unmatched cancel notification for request id 5942
2025.07.28 17:52:37 INFO  compiling root (3 scala sources)[0m
2025.07.28 17:52:37 INFO  time: compiled root in 0.4s[0m
2025.07.28 17:53:33 INFO  compiling root (3 scala sources)[0m
2025.07.28 17:53:33 INFO  time: compiled root in 0.43s[0m
2025.07.28 17:53:47 INFO  compiling root (3 scala sources)[0m
2025.07.28 17:53:47 INFO  time: compiled root in 0.37s[0m
2025.07.28 17:54:13 INFO  compiling root (3 scala sources)[0m
2025.07.28 17:54:13 INFO  time: compiled root in 0.33s[0m
2025.07.28 17:57:38 INFO  compiling root (3 scala sources)[0m
2025.07.28 17:57:38 INFO  time: compiled root in 0.23s[0m
2025.07.28 17:57:56 INFO  Created report: Optional[file:///home/bs01463/Desktop/java/play-3/app/repositories/ProductRepository.scala][0m
2025.07.28 17:57:56 INFO  empty definition using pc, found symbol in pc:  (full report at: "/home/bs01463/Desktop/java/play-3/.metals/.reports/metals-full/2025-07-28/r_empty-definition_(root)_17-57-56-710.md")[0m
2025.07.28 17:58:05 INFO  compiling root (2 scala sources and 1 java source)[0m
2025.07.28 17:58:05 WARN  Invalid text document uri received from build server: file:///home/bs01463/Desktop/java/play-3/app/repositories/ProductRepository.scala[0m
2025.07.28 17:58:05 INFO  time: compiled root in 0.38s[0m
2025.07.28 17:58:05 INFO  compiling root (2 scala sources and 1 java source)[0m
2025.07.28 17:58:05 INFO  time: compiled root in 0.35s[0m
2025.07.28 17:58:33 INFO  compiling root (2 scala sources and 1 java source)[0m
2025.07.28 17:58:33 INFO  time: compiled root in 0.33s[0m
2025.07.28 18:00:24 INFO  compiling root (2 scala sources and 1 java source)[0m
2025.07.28 18:00:24 INFO  time: compiled root in 0.19s[0m
2025.07.28 18:00:33 INFO  compiling root (2 scala sources and 2 java sources)[0m
2025.07.28 18:00:33 WARN  Invalid text document uri received from build server: file:///home/bs01463/Desktop/java/play-3/app/models/Product.scala[0m
2025.07.28 18:00:33 INFO  time: compiled root in 0.36s[0m
2025.07.28 18:00:33 INFO  compiling root (2 scala sources and 2 java sources)[0m
2025.07.28 18:00:33 INFO  time: compiled root in 0.33s[0m
2025.07.28 18:01:32 INFO  compiling root (2 scala sources and 2 java sources)[0m
2025.07.28 18:01:32 INFO  time: compiled root in 0.35s[0m
Jul 28, 2025 6:01:32 PM scala.meta.internal.pc.CompilerAccess retryWithCleanCompiler
INFO: compiler crashed due to an error in the Scala compiler, retrying with new compiler instance.
2025.07.28 18:01:33 INFO  Created report: Optional[file:///home/bs01463/Desktop/java/play-3/app/controllers/ProductController.scala][0m
2025.07.28 18:01:33 INFO  scala.reflect.internal.FatalError: 
  ThisType(method apply) for sym which is not a class
     while compiling: file:///home/bs01463/Desktop/java/play-3/app/controllers/ProductController.scala
        during phase: globalPhase=<no phase>, enteringPhase=parser
     library version: version 2.13.16
    compiler version: version 2.13.16
  reconstructed args: -deprecation -encoding utf8 -unchecked -Wconf:cat=unchecked:w -Wconf:cat=deprecation:ws -Wconf:cat=feature:ws -Wconf:cat=optimizer:ws -classpath /home/bs01463/Desktop/java/play-3/.bloop/root/bloop-bsp-clients-classes/classes-Metals-seFHOEuIT2mePzfV6AjrSQ==:/home/bs01463/.cache/coursier/v1/https/repo1.maven.org/maven2/com/sourcegraph/semanticdb-javac/0.10.4/semanticdb-javac-0.10.4.jar:/home/bs01463/.cache/coursier/v1/https/repo1.maven.org/maven2/org/scala-lang/scala-library/2.13.16/scala-library-2.13.16.jar:/home/bs01463/.cache/coursier/v1/https/repo1.maven.org/maven2/org/playframework/play-ebean_2.13/8.3.0/play-ebean_2.13-8.3.0.jar:/home/bs01463/.cache/coursier/v1/https/repo1.maven.org/maven2/org/glassfish/jaxb/jaxb-runtime/4.0.5/jaxb-runtime-4.0.5.jar:/home/bs01463/.cache/coursier/v1/https/repo1.maven.org/maven2/org/playframework/twirl/twirl-api_2.13/2.0.4/twirl-api_2.13-2.0.4.jar:/home/bs01463/.cache/coursier/v1/https/repo1.maven.org/maven2/org/playframework/play-server_2.13/3.0.2/play-server_2.13-3.0.2.jar:/home/bs01463/.cache/coursier/v1/https/repo1.maven.org/maven2/org/playframework/play-logback_2.13/3.0.2/play-logback_2.13-3.0.2.jar:/home/bs01463/.cache/coursier/v1/https/repo1.maven.org/maven2/org/playframework/play-pekko-http-server_2.13/3.0.2/play-pekko-http-server_2.13-3.0.2.jar:/home/bs01463/.cache/coursier/v1/https/repo1.maven.org/maven2/org/playframework/play-filters-helpers_2.13/3.0.2/play-filters-helpers_2.13-3.0.2.jar:/home/bs01463/.cache/coursier/v1/https/repo1.maven.org/maven2/org/playframework/play-java-forms_2.13/3.0.2/play-java-forms_2.13-3.0.2.jar:/home/bs01463/.cache/coursier/v1/https/repo1.maven.org/maven2/org/playframework/play-guice_2.13/3.0.2/play-guice_2.13-3.0.2.jar:/home/bs01463/.cache/coursier/v1/https/repo1.maven.org/maven2/io/ebean/ebean/15.1.0/ebean-15.1.0.jar:/home/bs01463/.cache/coursier/v1/https/repo1.maven.org/maven2/com/fasterxml/jackson/core/jackson-databind/2.14.2/jackson-databind-2.14.2.jar:/home/bs01463/.cache/coursier/v1/https/repo1.maven.org/maven2/io/ebean/ebean-ddl-generator/15.1.0/ebean-ddl-generator-15.1.0.jar:/home/bs01463/.cache/coursier/v1/https/repo1.maven.org/maven2/io/ebean/ebean-agent/15.1.0/ebean-agent-15.1.0.jar:/home/bs01463/.cache/coursier/v1/https/repo1.maven.org/maven2/org/playframework/play-java-jdbc_2.13/3.0.2/play-java-jdbc_2.13-3.0.2.jar:/home/bs01463/.cache/coursier/v1/https/repo1.maven.org/maven2/org/playframework/play-jdbc-evolutions_2.13/3.0.2/play-jdbc-evolutions_2.13-3.0.2.jar:/home/bs01463/.cache/coursier/v1/https/repo1.maven.org/maven2/org/reflections/reflections/0.10.2/reflections-0.10.2.jar:/home/bs01463/.cache/coursier/v1/https/repo1.maven.org/maven2/org/glassfish/jaxb/jaxb-core/4.0.5/jaxb-core-4.0.5.jar:/home/bs01463/.cache/coursier/v1/https/repo1.maven.org/maven2/org/scala-lang/modules/scala-xml_2.13/2.2.0/scala-xml_2.13-2.2.0.jar:/home/bs01463/.cache/coursier/v1/https/repo1.maven.org/maven2/org/playframework/play_2.13/3.0.2/play_2.13-3.0.2.jar:/home/bs01463/.cache/coursier/v1/https/repo1.maven.org/maven2/ch/qos/logback/logback-classic/1.5.1/logback-classic-1.5.1.jar:/home/bs01463/.cache/coursier/v1/https/repo1.maven.org/maven2/org/playframework/play-streams_2.13/3.0.2/play-streams_2.13-3.0.2.jar:/home/bs01463/.cache/coursier/v1/https/repo1.maven.org/maven2/org/apache/pekko/pekko-http-core_2.13/1.0.1/pekko-http-core_2.13-1.0.1.jar:/home/bs01463/.cache/coursier/v1/https/repo1.maven.org/maven2/org/playframework/play-java_2.13/3.0.2/play-java_2.13-3.0.2.jar:/home/bs01463/.cache/coursier/v1/https/repo1.maven.org/maven2/net/jodah/typetools/0.6.3/typetools-0.6.3.jar:/home/bs01463/.cache/coursier/v1/https/repo1.maven.org/maven2/org/hibernate/validator/hibernate-validator/6.2.5.Final/hibernate-validator-6.2.5.Final.jar:/home/bs01463/.cache/coursier/v1/https/repo1.maven.org/maven2/org/springframework/spring-context/5.3.32/spring-context-5.3.32.jar:/home/bs01463/.cache/coursier/v1/https/repo1.maven.org/maven2/org/springframework/spring-core/5.3.32/spring-core-5.3.32.jar:/home/bs01463/.cache/coursier/v1/https/repo1.maven.org/maven2/org/springframework/spring-beans/5.3.32/spring-beans-5.3.32.jar:/home/bs01463/.cache/coursier/v1/https/repo1.maven.org/maven2/com/google/inject/guice/6.0.0/guice-6.0.0.jar:/home/bs01463/.cache/coursier/v1/https/repo1.maven.org/maven2/com/google/inject/extensions/guice-assistedinject/6.0.0/guice-assistedinject-6.0.0.jar:/home/bs01463/.cache/coursier/v1/https/repo1.maven.org/maven2/com/mysql/mysql-connector-j/8.0.33/mysql-connector-j-8.0.33.jar:/home/bs01463/.cache/coursier/v1/https/repo1.maven.org/maven2/io/ebean/ebean-api/15.1.0/ebean-api-15.1.0.jar:/home/bs01463/.cache/coursier/v1/https/repo1.maven.org/maven2/io/ebean/ebean-core/15.1.0/ebean-core-15.1.0.jar:/home/bs01463/.cache/coursier/v1/https/repo1.maven.org/maven2/io/ebean/ebean-joda-time/14.0.0/ebean-joda-time-14.0.0.jar:/home/bs01463/.cache/coursier/v1/https/repo1.maven.org/maven2/io/ebean/ebean-jackson-jsonnode/14.0.0/ebean-jackson-jsonnode-14.0.0.jar:/home/bs01463/.cache/coursier/v1/https/repo1.maven.org/maven2/io/ebean/ebean-jackson-mapper/15.1.0/ebean-jackson-mapper-15.1.0.jar:/home/bs01463/.cache/coursier/v1/https/repo1.maven.org/maven2/io/ebean/ebean-datasource/8.12/ebean-datasource-8.12.jar:/home/bs01463/.cache/coursier/v1/https/repo1.maven.org/maven2/io/ebean/ebean-migration/14.0.0/ebean-migration-14.0.0.jar:/home/bs01463/.cache/coursier/v1/https/repo1.maven.org/maven2/io/ebean/ebean-querybean/15.1.0/ebean-querybean-15.1.0.jar:/home/bs01463/.cache/coursier/v1/https/repo1.maven.org/maven2/io/ebean/ebean-platform-all/15.1.0/ebean-platform-all-15.1.0.jar:/home/bs01463/.cache/coursier/v1/https/repo1.maven.org/maven2/com/fasterxml/jackson/core/jackson-annotations/2.14.3/jackson-annotations-2.14.3.jar:/home/bs01463/.cache/coursier/v1/https/repo1.maven.org/maven2/com/fasterxml/jackson/core/jackson-core/2.15.0/jackson-core-2.15.0.jar:/home/bs01463/.cache/coursier/v1/https/repo1.maven.org/maven2/io/ebean/ebean-ddl-runner/2.3/ebean-ddl-runner-2.3.jar:/home/bs01463/.cache/coursier/v1/https/repo1.maven.org/maven2/jakarta/xml/bind/jakarta.xml.bind-api/4.0.2/jakarta.xml.bind-api-4.0.2.jar:/home/bs01463/.cache/coursier/v1/https/repo1.maven.org/maven2/org/playframework/play-jdbc_2.13/3.0.2/play-jdbc_2.13-3.0.2.jar:/home/bs01463/.cache/coursier/v1/https/repo1.maven.org/maven2/org/playframework/play-jdbc-api_2.13/3.0.2/play-jdbc-api_2.13-3.0.2.jar:/home/bs01463/.cache/coursier/v1/https/repo1.maven.org/maven2/org/javassist/javassist/3.28.0-GA/javassist-3.28.0-GA.jar:/home/bs01463/.cache/coursier/v1/https/repo1.maven.org/maven2/com/google/code/findbugs/jsr305/3.0.2/jsr305-3.0.2.jar:/home/bs01463/.cache/coursier/v1/https/repo1.maven.org/maven2/org/slf4j/slf4j-api/2.0.12/slf4j-api-2.0.12.jar:/home/bs01463/.cache/coursier/v1/https/repo1.maven.org/maven2/jakarta/activation/jakarta.activation-api/2.1.3/jakarta.activation-api-2.1.3.jar:/home/bs01463/.cache/coursier/v1/https/repo1.maven.org/maven2/org/eclipse/angus/angus-activation/2.0.2/angus-activation-2.0.2.jar:/home/bs01463/.cache/coursier/v1/https/repo1.maven.org/maven2/org/glassfish/jaxb/txw2/4.0.5/txw2-4.0.5.jar:/home/bs01463/.cache/coursier/v1/https/repo1.maven.org/maven2/com/sun/istack/istack-commons-runtime/4.1.2/istack-commons-runtime-4.1.2.jar:/home/bs01463/.cache/coursier/v1/https/repo1.maven.org/maven2/org/playframework/play-build-link/3.0.2/play-build-link-3.0.2.jar:/home/bs01463/.cache/coursier/v1/https/repo1.maven.org/maven2/org/playframework/play-configuration_2.13/3.0.2/play-configuration_2.13-3.0.2.jar:/home/bs01463/.cache/coursier/v1/https/repo1.maven.org/maven2/org/slf4j/jul-to-slf4j/2.0.12/jul-to-slf4j-2.0.12.jar:/home/bs01463/.cache/coursier/v1/https/repo1.maven.org/maven2/org/slf4j/jcl-over-slf4j/2.0.12/jcl-over-slf4j-2.0.12.jar:/home/bs01463/.cache/coursier/v1/https/repo1.maven.org/maven2/org/apache/pekko/pekko-actor_2.13/1.0.2/pekko-actor_2.13-1.0.2.jar:/home/bs01463/.cache/coursier/v1/https/repo1.maven.org/maven2/org/apache/pekko/pekko-actor-typed_2.13/1.0.2/pekko-actor-typed_2.13-1.0.2.jar:/home/bs01463/.cache/coursier/v1/https/repo1.maven.org/maven2/org/apache/pekko/pekko-slf4j_2.13/1.0.2/pekko-slf4j_2.13-1.0.2.jar:/home/bs01463/.cache/coursier/v1/https/repo1.maven.org/maven2/org/apache/pekko/pekko-serialization-jackson_2.13/1.0.2/pekko-serialization-jackson_2.13-1.0.2.jar:/home/bs01463/.cache/coursier/v1/https/repo1.maven.org/maven2/com/fasterxml/jackson/datatype/jackson-datatype-jdk8/2.14.3/jackson-datatype-jdk8-2.14.3.jar:/home/bs01463/.cache/coursier/v1/https/repo1.maven.org/maven2/com/fasterxml/jackson/datatype/jackson-datatype-jsr310/2.14.3/jackson-datatype-jsr310-2.14.3.jar:/home/bs01463/.cache/coursier/v1/https/repo1.maven.org/maven2/com/fasterxml/jackson/dataformat/jackson-dataformat-cbor/2.14.3/jackson-dataformat-cbor-2.14.3.jar:/home/bs01463/.cache/coursier/v1/https/repo1.maven.org/maven2/com/fasterxml/jackson/module/jackson-module-parameter-names/2.14.3/jackson-module-parameter-names-2.14.3.jar:/home/bs01463/.cache/coursier/v1/https/repo1.maven.org/maven2/com/fasterxml/jackson/module/jackson-module-scala_2.13/2.14.3/jackson-module-scala_2.13-2.14.3.jar:/home/bs01463/.cache/coursier/v1/https/repo1.maven.org/maven2/io/jsonwebtoken/jjwt-api/0.11.5/jjwt-api-0.11.5.jar:/home/bs01463/.cache/coursier/v1/https/repo1.maven.org/maven2/io/jsonwebtoken/jjwt-impl/0.11.5/jjwt-impl-0.11.5.jar:/home/bs01463/.cache/coursier/v1/https/repo1.maven.org/maven2/io/jsonwebtoken/jjwt-jackson/0.11.5/jjwt-jackson-0.11.5.jar:/home/bs01463/.cache/coursier/v1/https/repo1.maven.org/maven2/org/playframework/play-json_2.13/3.0.2/play-json_2.13-3.0.2.jar:/home/bs01463/.cache/coursier/v1/https/repo1.maven.org/maven2/com/google/guava/guava/32.1.3-jre/guava-32.1.3-jre.jar:/home/bs01463/.cache/coursier/v1/https/repo1.maven.org/maven2/javax/inject/javax.inject/1/javax.inject-1.jar:/home/bs01463/.cache/coursier/v1/https/repo1.maven.org/maven2/com/typesafe/ssl-config-core_2.13/0.6.1/ssl-config-core_2.13-0.6.1.jar:/home/bs01463/.cache/coursier/v1/https/repo1.maven.org/maven2/org/scala-lang/modules/scala-parser-combinators_2.13/1.1.2/scala-parser-combinators_2.13-1.1.2.jar:/home/bs01463/.cache/coursier/v1/https/repo1.maven.org/maven2/ch/qos/logback/logback-core/1.5.1/logback-core-1.5.1.jar:/home/bs01463/.cache/coursier/v1/https/repo1.maven.org/maven2/org/reactivestreams/reactive-streams/1.0.4/reactive-streams-1.0.4.jar:/home/bs01463/.cache/coursier/v1/https/repo1.maven.org/maven2/org/apache/pekko/pekko-stream_2.13/1.0.2/pekko-stream_2.13-1.0.2.jar:/home/bs01463/.cache/coursier/v1/https/repo1.maven.org/maven2/org/apache/pekko/pekko-parsing_2.13/1.0.1/pekko-parsing_2.13-1.0.1.jar:/home/bs01463/.cache/coursier/v1/https/repo1.maven.org/maven2/org/parboiled/parboiled_2.13/2.5.0/parboiled_2.13-2.5.0.jar:/home/bs01463/.cache/coursier/v1/https/repo1.maven.org/maven2/jakarta/validation/jakarta.validation-api/2.0.2/jakarta.validation-api-2.0.2.jar:/home/bs01463/.cache/coursier/v1/https/repo1.maven.org/maven2/org/jboss/logging/jboss-logging/3.4.1.Final/jboss-logging-3.4.1.Final.jar:/home/bs01463/.cache/coursier/v1/https/repo1.maven.org/maven2/com/fasterxml/classmate/1.5.1/classmate-1.5.1.jar:/home/bs01463/.cache/coursier/v1/https/repo1.maven.org/maven2/jakarta/inject/jakarta.inject-api/2.0.1/jakarta.inject-api-2.0.1.jar:/home/bs01463/.cache/coursier/v1/https/repo1.maven.org/maven2/aopalliance/aopalliance/1.0/aopalliance-1.0.jar:/home/bs01463/.cache/coursier/v1/https/repo1.maven.org/maven2/com/google/errorprone/error_prone_annotations/2.21.1/error_prone_annotations-2.21.1.jar:/home/bs01463/.cache/coursier/v1/https/repo1.maven.org/maven2/com/google/protobuf/protobuf-java/3.21.9/protobuf-java-3.21.9.jar:/home/bs01463/.cache/coursier/v1/https/repo1.maven.org/maven2/io/avaje/avaje-applog/1.0/avaje-applog-1.0.jar:/home/bs01463/.cache/coursier/v1/https/repo1.maven.org/maven2/io/avaje/avaje-applog-slf4j/1.0/avaje-applog-slf4j-1.0.jar:/home/bs01463/.cache/coursier/v1/https/repo1.maven.org/maven2/io/avaje/avaje-lang/1.1/avaje-lang-1.1.jar:/home/bs01463/.cache/coursier/v1/https/repo1.maven.org/maven2/io/avaje/avaje-config/3.12/avaje-config-3.12.jar:/home/bs01463/.cache/coursier/v1/https/repo1.maven.org/maven2/io/ebean/jakarta-persistence-api/3.0/jakarta-persistence-api-3.0.jar:/home/bs01463/.cache/coursier/v1/https/repo1.maven.org/maven2/io/ebean/ebean-annotation/8.4/ebean-annotation-8.4.jar:/home/bs01463/.cache/coursier/v1/https/repo1.maven.org/maven2/io/ebean/ebean-types/3.0/ebean-types-3.0.jar:/home/bs01463/.cache/coursier/v1/https/repo1.maven.org/maven2/io/ebean/ebean-datasource-api/8.12/ebean-datasource-api-8.12.jar:/home/bs01463/.cache/coursier/v1/https/repo1.maven.org/maven2/io/avaje/classpath-scanner/7.1/classpath-scanner-7.1.jar:/home/bs01463/.cache/coursier/v1/https/repo1.maven.org/maven2/io/ebean/ebean-migration-auto/1.2/ebean-migration-auto-1.2.jar:/home/bs01463/.cache/coursier/v1/https/repo1.maven.org/maven2/io/ebean/ebean-core-type/15.1.0/ebean-core-type-15.1.0.jar:/home/bs01463/.cache/coursier/v1/https/repo1.maven.org/maven2/joda-time/joda-time/2.11.1/joda-time-2.11.1.jar:/home/bs01463/.cache/coursier/v1/https/repo1.maven.org/maven2/io/ebean/ebean-platform-h2/15.1.0/ebean-platform-h2-15.1.0.jar:/home/bs01463/.cache/coursier/v1/https/repo1.maven.org/maven2/io/ebean/ebean-platform-clickhouse/15.1.0/ebean-platform-clickhouse-15.1.0.jar:/home/bs01463/.cache/coursier/v1/https/repo1.maven.org/maven2/io/ebean/ebean-platform-db2/15.1.0/ebean-platform-db2-15.1.0.jar:/home/bs01463/.cache/coursier/v1/https/repo1.maven.org/maven2/io/ebean/ebean-platform-hana/15.1.0/ebean-platform-hana-15.1.0.jar:/home/bs01463/.cache/coursier/v1/https/repo1.maven.org/maven2/io/ebean/ebean-platform-hsqldb/15.1.0/ebean-platform-hsqldb-15.1.0.jar:/home/bs01463/.cache/coursier/v1/https/repo1.maven.org/maven2/io/ebean/ebean-platform-mysql/15.1.0/ebean-platform-mysql-15.1.0.jar:/home/bs01463/.cache/coursier/v1/https/repo1.maven.org/maven2/io/ebean/ebean-platform-mariadb/15.1.0/ebean-platform-mariadb-15.1.0.jar:/home/bs01463/.cache/coursier/v1/https/repo1.maven.org/maven2/io/ebean/ebean-platform-nuodb/15.1.0/ebean-platform-nuodb-15.1.0.jar:/home/bs01463/.cache/coursier/v1/https/repo1.maven.org/maven2/io/ebean/ebean-platform-oracle/15.1.0/ebean-platform-oracle-15.1.0.jar:/home/bs01463/.cache/coursier/v1/https/repo1.maven.org/maven2/io/ebean/ebean-platform-postgres/15.1.0/ebean-platform-postgres-15.1.0.jar:/home/bs01463/.cache/coursier/v1/https/repo1.maven.org/maven2/io/ebean/ebean-platform-sqlanywhere/15.1.0/ebean-platform-sqlanywhere-15.1.0.jar:/home/bs01463/.cache/coursier/v1/https/repo1.maven.org/maven2/io/ebean/ebean-platform-sqlite/15.1.0/ebean-platform-sqlite-15.1.0.jar:/home/bs01463/.cache/coursier/v1/https/repo1.maven.org/maven2/io/ebean/ebean-platform-sqlserver/15.1.0/ebean-platform-sqlserver-15.1.0.jar:/home/bs01463/.cache/coursier/v1/https/repo1.maven.org/maven2/com/zaxxer/HikariCP/5.0.1/HikariCP-5.0.1.jar:/home/bs01463/.cache/coursier/v1/https/repo1.maven.org/maven2/com/googlecode/usc/jdbcdslog/1.0.6.2/jdbcdslog-1.0.6.2.jar:/home/bs01463/.cache/coursier/v1/https/repo1.maven.org/maven2/tyrex/tyrex/1.0.1/tyrex-1.0.1.jar:/home/bs01463/.cache/coursier/v1/https/repo1.maven.org/maven2/org/playframework/play-exceptions/3.0.2/play-exceptions-3.0.2.jar:/home/bs01463/.cache/coursier/v1/https/repo1.maven.org/maven2/com/typesafe/config/1.4.3/config-1.4.3.jar:/home/bs01463/.cache/coursier/v1/https/repo1.maven.org/maven2/org/lz4/lz4-java/1.8.0/lz4-java-1.8.0.jar:/home/bs01463/.cache/coursier/v1/https/repo1.maven.org/maven2/com/thoughtworks/paranamer/paranamer/2.8/paranamer-2.8.jar:/home/bs01463/.cache/coursier/v1/https/repo1.maven.org/maven2/org/playframework/play-functional_2.13/3.0.2/play-functional_2.13-3.0.2.jar:/home/bs01463/.cache/coursier/v1/https/repo1.maven.org/maven2/org/scala-lang/scala-reflect/2.13.16/scala-reflect-2.13.16.jar:/home/bs01463/.cache/coursier/v1/https/repo1.maven.org/maven2/com/google/guava/failureaccess/1.0.1/failureaccess-1.0.1.jar:/home/bs01463/.cache/coursier/v1/https/repo1.maven.org/maven2/com/google/guava/listenablefuture/9999.0-empty-to-avoid-conflict-with-guava/listenablefuture-9999.0-empty-to-avoid-conflict-with-guava.jar:/home/bs01463/.cache/coursier/v1/https/repo1.maven.org/maven2/org/checkerframework/checker-qual/3.37.0/checker-qual-3.37.0.jar:/home/bs01463/.cache/coursier/v1/https/repo1.maven.org/maven2/com/google/j2objc/j2objc-annotations/2.8/j2objc-annotations-2.8.jar:/home/bs01463/.cache/coursier/v1/https/repo1.maven.org/maven2/org/apache/pekko/pekko-protobuf-v3_2.13/1.0.2/pekko-protobuf-v3_2.13-1.0.2.jar:/home/bs01463/.cache/coursier/v1/https/repo1.maven.org/maven2/io/avaje/classpath-scanner-api/7.1/classpath-scanner-api-7.1.jar -Xplugin-require:semanticdb -Yrangepos -Ymacro-expand:discard -Ycache-plugin-class-loader:last-modified -Ypresentation-any-thread

  last tree to typer: TypeTree
       tree position: line 13 of file:///home/bs01463/Desktop/java/play-3/app/controllers/ProductController.scala
            tree tpe: <error>
              symbol: <none>
   symbol definition: <none> (a NoSymbol)
      symbol package: <none>
       symbol owners: 
           call site: <none> in <none>

== Source file context for tree position ==

    10 class ProductController @Inject()(cc: ControllerComponents) extends AbstractController(cc) {
    11   import ProductJson._
    12 
    13   def list = Action {
    14     // val products = Product.find.all()
    15     List<Product> products = Product.find.all();
    16     Ok(Json.toJson(_CURSOR_products)) (full report at: "/home/bs01463/Desktop/java/play-3/.metals/.reports/metals-full/2025-07-28/r_compiler-error_(root)_18-01-33-173.md")[0m
Jul 28, 2025 6:01:33 PM scala.meta.internal.pc.CompilerAccess retryWithCleanCompiler
INFO: compiler crashed due to an error in the Scala compiler, retrying with new compiler instance.
2025.07.28 18:01:33 INFO  Created report: Optional[file:///home/bs01463/Desktop/java/play-3/app/controllers/ProductController.scala][0m
2025.07.28 18:01:33 INFO  scala.reflect.internal.FatalError: 
  ThisType(method apply) for sym which is not a class
     while compiling: file:///home/bs01463/Desktop/java/play-3/app/controllers/ProductController.scala
        during phase: globalPhase=<no phase>, enteringPhase=parser
     library version: version 2.13.16
    compiler version: version 2.13.16
  reconstructed args: -deprecation -encoding utf8 -unchecked -Wconf:cat=unchecked:w -Wconf:cat=deprecation:ws -Wconf:cat=feature:ws -Wconf:cat=optimizer:ws -classpath /home/bs01463/Desktop/java/play-3/.bloop/root/bloop-bsp-clients-classes/classes-Metals-seFHOEuIT2mePzfV6AjrSQ==:/home/bs01463/.cache/coursier/v1/https/repo1.maven.org/maven2/com/sourcegraph/semanticdb-javac/0.10.4/semanticdb-javac-0.10.4.jar:/home/bs01463/.cache/coursier/v1/https/repo1.maven.org/maven2/org/scala-lang/scala-library/2.13.16/scala-library-2.13.16.jar:/home/bs01463/.cache/coursier/v1/https/repo1.maven.org/maven2/org/playframework/play-ebean_2.13/8.3.0/play-ebean_2.13-8.3.0.jar:/home/bs01463/.cache/coursier/v1/https/repo1.maven.org/maven2/org/glassfish/jaxb/jaxb-runtime/4.0.5/jaxb-runtime-4.0.5.jar:/home/bs01463/.cache/coursier/v1/https/repo1.maven.org/maven2/org/playframework/twirl/twirl-api_2.13/2.0.4/twirl-api_2.13-2.0.4.jar:/home/bs01463/.cache/coursier/v1/https/repo1.maven.org/maven2/org/playframework/play-server_2.13/3.0.2/play-server_2.13-3.0.2.jar:/home/bs01463/.cache/coursier/v1/https/repo1.maven.org/maven2/org/playframework/play-logback_2.13/3.0.2/play-logback_2.13-3.0.2.jar:/home/bs01463/.cache/coursier/v1/https/repo1.maven.org/maven2/org/playframework/play-pekko-http-server_2.13/3.0.2/play-pekko-http-server_2.13-3.0.2.jar:/home/bs01463/.cache/coursier/v1/https/repo1.maven.org/maven2/org/playframework/play-filters-helpers_2.13/3.0.2/play-filters-helpers_2.13-3.0.2.jar:/home/bs01463/.cache/coursier/v1/https/repo1.maven.org/maven2/org/playframework/play-java-forms_2.13/3.0.2/play-java-forms_2.13-3.0.2.jar:/home/bs01463/.cache/coursier/v1/https/repo1.maven.org/maven2/org/playframework/play-guice_2.13/3.0.2/play-guice_2.13-3.0.2.jar:/home/bs01463/.cache/coursier/v1/https/repo1.maven.org/maven2/io/ebean/ebean/15.1.0/ebean-15.1.0.jar:/home/bs01463/.cache/coursier/v1/https/repo1.maven.org/maven2/com/fasterxml/jackson/core/jackson-databind/2.14.2/jackson-databind-2.14.2.jar:/home/bs01463/.cache/coursier/v1/https/repo1.maven.org/maven2/io/ebean/ebean-ddl-generator/15.1.0/ebean-ddl-generator-15.1.0.jar:/home/bs01463/.cache/coursier/v1/https/repo1.maven.org/maven2/io/ebean/ebean-agent/15.1.0/ebean-agent-15.1.0.jar:/home/bs01463/.cache/coursier/v1/https/repo1.maven.org/maven2/org/playframework/play-java-jdbc_2.13/3.0.2/play-java-jdbc_2.13-3.0.2.jar:/home/bs01463/.cache/coursier/v1/https/repo1.maven.org/maven2/org/playframework/play-jdbc-evolutions_2.13/3.0.2/play-jdbc-evolutions_2.13-3.0.2.jar:/home/bs01463/.cache/coursier/v1/https/repo1.maven.org/maven2/org/reflections/reflections/0.10.2/reflections-0.10.2.jar:/home/bs01463/.cache/coursier/v1/https/repo1.maven.org/maven2/org/glassfish/jaxb/jaxb-core/4.0.5/jaxb-core-4.0.5.jar:/home/bs01463/.cache/coursier/v1/https/repo1.maven.org/maven2/org/scala-lang/modules/scala-xml_2.13/2.2.0/scala-xml_2.13-2.2.0.jar:/home/bs01463/.cache/coursier/v1/https/repo1.maven.org/maven2/org/playframework/play_2.13/3.0.2/play_2.13-3.0.2.jar:/home/bs01463/.cache/coursier/v1/https/repo1.maven.org/maven2/ch/qos/logback/logback-classic/1.5.1/logback-classic-1.5.1.jar:/home/bs01463/.cache/coursier/v1/https/repo1.maven.org/maven2/org/playframework/play-streams_2.13/3.0.2/play-streams_2.13-3.0.2.jar:/home/bs01463/.cache/coursier/v1/https/repo1.maven.org/maven2/org/apache/pekko/pekko-http-core_2.13/1.0.1/pekko-http-core_2.13-1.0.1.jar:/home/bs01463/.cache/coursier/v1/https/repo1.maven.org/maven2/org/playframework/play-java_2.13/3.0.2/play-java_2.13-3.0.2.jar:/home/bs01463/.cache/coursier/v1/https/repo1.maven.org/maven2/net/jodah/typetools/0.6.3/typetools-0.6.3.jar:/home/bs01463/.cache/coursier/v1/https/repo1.maven.org/maven2/org/hibernate/validator/hibernate-validator/6.2.5.Final/hibernate-validator-6.2.5.Final.jar:/home/bs01463/.cache/coursier/v1/https/repo1.maven.org/maven2/org/springframework/spring-context/5.3.32/spring-context-5.3.32.jar:/home/bs01463/.cache/coursier/v1/https/repo1.maven.org/maven2/org/springframework/spring-core/5.3.32/spring-core-5.3.32.jar:/home/bs01463/.cache/coursier/v1/https/repo1.maven.org/maven2/org/springframework/spring-beans/5.3.32/spring-beans-5.3.32.jar:/home/bs01463/.cache/coursier/v1/https/repo1.maven.org/maven2/com/google/inject/guice/6.0.0/guice-6.0.0.jar:/home/bs01463/.cache/coursier/v1/https/repo1.maven.org/maven2/com/google/inject/extensions/guice-assistedinject/6.0.0/guice-assistedinject-6.0.0.jar:/home/bs01463/.cache/coursier/v1/https/repo1.maven.org/maven2/com/mysql/mysql-connector-j/8.0.33/mysql-connector-j-8.0.33.jar:/home/bs01463/.cache/coursier/v1/https/repo1.maven.org/maven2/io/ebean/ebean-api/15.1.0/ebean-api-15.1.0.jar:/home/bs01463/.cache/coursier/v1/https/repo1.maven.org/maven2/io/ebean/ebean-core/15.1.0/ebean-core-15.1.0.jar:/home/bs01463/.cache/coursier/v1/https/repo1.maven.org/maven2/io/ebean/ebean-joda-time/14.0.0/ebean-joda-time-14.0.0.jar:/home/bs01463/.cache/coursier/v1/https/repo1.maven.org/maven2/io/ebean/ebean-jackson-jsonnode/14.0.0/ebean-jackson-jsonnode-14.0.0.jar:/home/bs01463/.cache/coursier/v1/https/repo1.maven.org/maven2/io/ebean/ebean-jackson-mapper/15.1.0/ebean-jackson-mapper-15.1.0.jar:/home/bs01463/.cache/coursier/v1/https/repo1.maven.org/maven2/io/ebean/ebean-datasource/8.12/ebean-datasource-8.12.jar:/home/bs01463/.cache/coursier/v1/https/repo1.maven.org/maven2/io/ebean/ebean-migration/14.0.0/ebean-migration-14.0.0.jar:/home/bs01463/.cache/coursier/v1/https/repo1.maven.org/maven2/io/ebean/ebean-querybean/15.1.0/ebean-querybean-15.1.0.jar:/home/bs01463/.cache/coursier/v1/https/repo1.maven.org/maven2/io/ebean/ebean-platform-all/15.1.0/ebean-platform-all-15.1.0.jar:/home/bs01463/.cache/coursier/v1/https/repo1.maven.org/maven2/com/fasterxml/jackson/core/jackson-annotations/2.14.3/jackson-annotations-2.14.3.jar:/home/bs01463/.cache/coursier/v1/https/repo1.maven.org/maven2/com/fasterxml/jackson/core/jackson-core/2.15.0/jackson-core-2.15.0.jar:/home/bs01463/.cache/coursier/v1/https/repo1.maven.org/maven2/io/ebean/ebean-ddl-runner/2.3/ebean-ddl-runner-2.3.jar:/home/bs01463/.cache/coursier/v1/https/repo1.maven.org/maven2/jakarta/xml/bind/jakarta.xml.bind-api/4.0.2/jakarta.xml.bind-api-4.0.2.jar:/home/bs01463/.cache/coursier/v1/https/repo1.maven.org/maven2/org/playframework/play-jdbc_2.13/3.0.2/play-jdbc_2.13-3.0.2.jar:/home/bs01463/.cache/coursier/v1/https/repo1.maven.org/maven2/org/playframework/play-jdbc-api_2.13/3.0.2/play-jdbc-api_2.13-3.0.2.jar:/home/bs01463/.cache/coursier/v1/https/repo1.maven.org/maven2/org/javassist/javassist/3.28.0-GA/javassist-3.28.0-GA.jar:/home/bs01463/.cache/coursier/v1/https/repo1.maven.org/maven2/com/google/code/findbugs/jsr305/3.0.2/jsr305-3.0.2.jar:/home/bs01463/.cache/coursier/v1/https/repo1.maven.org/maven2/org/slf4j/slf4j-api/2.0.12/slf4j-api-2.0.12.jar:/home/bs01463/.cache/coursier/v1/https/repo1.maven.org/maven2/jakarta/activation/jakarta.activation-api/2.1.3/jakarta.activation-api-2.1.3.jar:/home/bs01463/.cache/coursier/v1/https/repo1.maven.org/maven2/org/eclipse/angus/angus-activation/2.0.2/angus-activation-2.0.2.jar:/home/bs01463/.cache/coursier/v1/https/repo1.maven.org/maven2/org/glassfish/jaxb/txw2/4.0.5/txw2-4.0.5.jar:/home/bs01463/.cache/coursier/v1/https/repo1.maven.org/maven2/com/sun/istack/istack-commons-runtime/4.1.2/istack-commons-runtime-4.1.2.jar:/home/bs01463/.cache/coursier/v1/https/repo1.maven.org/maven2/org/playframework/play-build-link/3.0.2/play-build-link-3.0.2.jar:/home/bs01463/.cache/coursier/v1/https/repo1.maven.org/maven2/org/playframework/play-configuration_2.13/3.0.2/play-configuration_2.13-3.0.2.jar:/home/bs01463/.cache/coursier/v1/https/repo1.maven.org/maven2/org/slf4j/jul-to-slf4j/2.0.12/jul-to-slf4j-2.0.12.jar:/home/bs01463/.cache/coursier/v1/https/repo1.maven.org/maven2/org/slf4j/jcl-over-slf4j/2.0.12/jcl-over-slf4j-2.0.12.jar:/home/bs01463/.cache/coursier/v1/https/repo1.maven.org/maven2/org/apache/pekko/pekko-actor_2.13/1.0.2/pekko-actor_2.13-1.0.2.jar:/home/bs01463/.cache/coursier/v1/https/repo1.maven.org/maven2/org/apache/pekko/pekko-actor-typed_2.13/1.0.2/pekko-actor-typed_2.13-1.0.2.jar:/home/bs01463/.cache/coursier/v1/https/repo1.maven.org/maven2/org/apache/pekko/pekko-slf4j_2.13/1.0.2/pekko-slf4j_2.13-1.0.2.jar:/home/bs01463/.cache/coursier/v1/https/repo1.maven.org/maven2/org/apache/pekko/pekko-serialization-jackson_2.13/1.0.2/pekko-serialization-jackson_2.13-1.0.2.jar:/home/bs01463/.cache/coursier/v1/https/repo1.maven.org/maven2/com/fasterxml/jackson/datatype/jackson-datatype-jdk8/2.14.3/jackson-datatype-jdk8-2.14.3.jar:/home/bs01463/.cache/coursier/v1/https/repo1.maven.org/maven2/com/fasterxml/jackson/datatype/jackson-datatype-jsr310/2.14.3/jackson-datatype-jsr310-2.14.3.jar:/home/bs01463/.cache/coursier/v1/https/repo1.maven.org/maven2/com/fasterxml/jackson/dataformat/jackson-dataformat-cbor/2.14.3/jackson-dataformat-cbor-2.14.3.jar:/home/bs01463/.cache/coursier/v1/https/repo1.maven.org/maven2/com/fasterxml/jackson/module/jackson-module-parameter-names/2.14.3/jackson-module-parameter-names-2.14.3.jar:/home/bs01463/.cache/coursier/v1/https/repo1.maven.org/maven2/com/fasterxml/jackson/module/jackson-module-scala_2.13/2.14.3/jackson-module-scala_2.13-2.14.3.jar:/home/bs01463/.cache/coursier/v1/https/repo1.maven.org/maven2/io/jsonwebtoken/jjwt-api/0.11.5/jjwt-api-0.11.5.jar:/home/bs01463/.cache/coursier/v1/https/repo1.maven.org/maven2/io/jsonwebtoken/jjwt-impl/0.11.5/jjwt-impl-0.11.5.jar:/home/bs01463/.cache/coursier/v1/https/repo1.maven.org/maven2/io/jsonwebtoken/jjwt-jackson/0.11.5/jjwt-jackson-0.11.5.jar:/home/bs01463/.cache/coursier/v1/https/repo1.maven.org/maven2/org/playframework/play-json_2.13/3.0.2/play-json_2.13-3.0.2.jar:/home/bs01463/.cache/coursier/v1/https/repo1.maven.org/maven2/com/google/guava/guava/32.1.3-jre/guava-32.1.3-jre.jar:/home/bs01463/.cache/coursier/v1/https/repo1.maven.org/maven2/javax/inject/javax.inject/1/javax.inject-1.jar:/home/bs01463/.cache/coursier/v1/https/repo1.maven.org/maven2/com/typesafe/ssl-config-core_2.13/0.6.1/ssl-config-core_2.13-0.6.1.jar:/home/bs01463/.cache/coursier/v1/https/repo1.maven.org/maven2/org/scala-lang/modules/scala-parser-combinators_2.13/1.1.2/scala-parser-combinators_2.13-1.1.2.jar:/home/bs01463/.cache/coursier/v1/https/repo1.maven.org/maven2/ch/qos/logback/logback-core/1.5.1/logback-core-1.5.1.jar:/home/bs01463/.cache/coursier/v1/https/repo1.maven.org/maven2/org/reactivestreams/reactive-streams/1.0.4/reactive-streams-1.0.4.jar:/home/bs01463/.cache/coursier/v1/https/repo1.maven.org/maven2/org/apache/pekko/pekko-stream_2.13/1.0.2/pekko-stream_2.13-1.0.2.jar:/home/bs01463/.cache/coursier/v1/https/repo1.maven.org/maven2/org/apache/pekko/pekko-parsing_2.13/1.0.1/pekko-parsing_2.13-1.0.1.jar:/home/bs01463/.cache/coursier/v1/https/repo1.maven.org/maven2/org/parboiled/parboiled_2.13/2.5.0/parboiled_2.13-2.5.0.jar:/home/bs01463/.cache/coursier/v1/https/repo1.maven.org/maven2/jakarta/validation/jakarta.validation-api/2.0.2/jakarta.validation-api-2.0.2.jar:/home/bs01463/.cache/coursier/v1/https/repo1.maven.org/maven2/org/jboss/logging/jboss-logging/3.4.1.Final/jboss-logging-3.4.1.Final.jar:/home/bs01463/.cache/coursier/v1/https/repo1.maven.org/maven2/com/fasterxml/classmate/1.5.1/classmate-1.5.1.jar:/home/bs01463/.cache/coursier/v1/https/repo1.maven.org/maven2/jakarta/inject/jakarta.inject-api/2.0.1/jakarta.inject-api-2.0.1.jar:/home/bs01463/.cache/coursier/v1/https/repo1.maven.org/maven2/aopalliance/aopalliance/1.0/aopalliance-1.0.jar:/home/bs01463/.cache/coursier/v1/https/repo1.maven.org/maven2/com/google/errorprone/error_prone_annotations/2.21.1/error_prone_annotations-2.21.1.jar:/home/bs01463/.cache/coursier/v1/https/repo1.maven.org/maven2/com/google/protobuf/protobuf-java/3.21.9/protobuf-java-3.21.9.jar:/home/bs01463/.cache/coursier/v1/https/repo1.maven.org/maven2/io/avaje/avaje-applog/1.0/avaje-applog-1.0.jar:/home/bs01463/.cache/coursier/v1/https/repo1.maven.org/maven2/io/avaje/avaje-applog-slf4j/1.0/avaje-applog-slf4j-1.0.jar:/home/bs01463/.cache/coursier/v1/https/repo1.maven.org/maven2/io/avaje/avaje-lang/1.1/avaje-lang-1.1.jar:/home/bs01463/.cache/coursier/v1/https/repo1.maven.org/maven2/io/avaje/avaje-config/3.12/avaje-config-3.12.jar:/home/bs01463/.cache/coursier/v1/https/repo1.maven.org/maven2/io/ebean/jakarta-persistence-api/3.0/jakarta-persistence-api-3.0.jar:/home/bs01463/.cache/coursier/v1/https/repo1.maven.org/maven2/io/ebean/ebean-annotation/8.4/ebean-annotation-8.4.jar:/home/bs01463/.cache/coursier/v1/https/repo1.maven.org/maven2/io/ebean/ebean-types/3.0/ebean-types-3.0.jar:/home/bs01463/.cache/coursier/v1/https/repo1.maven.org/maven2/io/ebean/ebean-datasource-api/8.12/ebean-datasource-api-8.12.jar:/home/bs01463/.cache/coursier/v1/https/repo1.maven.org/maven2/io/avaje/classpath-scanner/7.1/classpath-scanner-7.1.jar:/home/bs01463/.cache/coursier/v1/https/repo1.maven.org/maven2/io/ebean/ebean-migration-auto/1.2/ebean-migration-auto-1.2.jar:/home/bs01463/.cache/coursier/v1/https/repo1.maven.org/maven2/io/ebean/ebean-core-type/15.1.0/ebean-core-type-15.1.0.jar:/home/bs01463/.cache/coursier/v1/https/repo1.maven.org/maven2/joda-time/joda-time/2.11.1/joda-time-2.11.1.jar:/home/bs01463/.cache/coursier/v1/https/repo1.maven.org/maven2/io/ebean/ebean-platform-h2/15.1.0/ebean-platform-h2-15.1.0.jar:/home/bs01463/.cache/coursier/v1/https/repo1.maven.org/maven2/io/ebean/ebean-platform-clickhouse/15.1.0/ebean-platform-clickhouse-15.1.0.jar:/home/bs01463/.cache/coursier/v1/https/repo1.maven.org/maven2/io/ebean/ebean-platform-db2/15.1.0/ebean-platform-db2-15.1.0.jar:/home/bs01463/.cache/coursier/v1/https/repo1.maven.org/maven2/io/ebean/ebean-platform-hana/15.1.0/ebean-platform-hana-15.1.0.jar:/home/bs01463/.cache/coursier/v1/https/repo1.maven.org/maven2/io/ebean/ebean-platform-hsqldb/15.1.0/ebean-platform-hsqldb-15.1.0.jar:/home/bs01463/.cache/coursier/v1/https/repo1.maven.org/maven2/io/ebean/ebean-platform-mysql/15.1.0/ebean-platform-mysql-15.1.0.jar:/home/bs01463/.cache/coursier/v1/https/repo1.maven.org/maven2/io/ebean/ebean-platform-mariadb/15.1.0/ebean-platform-mariadb-15.1.0.jar:/home/bs01463/.cache/coursier/v1/https/repo1.maven.org/maven2/io/ebean/ebean-platform-nuodb/15.1.0/ebean-platform-nuodb-15.1.0.jar:/home/bs01463/.cache/coursier/v1/https/repo1.maven.org/maven2/io/ebean/ebean-platform-oracle/15.1.0/ebean-platform-oracle-15.1.0.jar:/home/bs01463/.cache/coursier/v1/https/repo1.maven.org/maven2/io/ebean/ebean-platform-postgres/15.1.0/ebean-platform-postgres-15.1.0.jar:/home/bs01463/.cache/coursier/v1/https/repo1.maven.org/maven2/io/ebean/ebean-platform-sqlanywhere/15.1.0/ebean-platform-sqlanywhere-15.1.0.jar:/home/bs01463/.cache/coursier/v1/https/repo1.maven.org/maven2/io/ebean/ebean-platform-sqlite/15.1.0/ebean-platform-sqlite-15.1.0.jar:/home/bs01463/.cache/coursier/v1/https/repo1.maven.org/maven2/io/ebean/ebean-platform-sqlserver/15.1.0/ebean-platform-sqlserver-15.1.0.jar:/home/bs01463/.cache/coursier/v1/https/repo1.maven.org/maven2/com/zaxxer/HikariCP/5.0.1/HikariCP-5.0.1.jar:/home/bs01463/.cache/coursier/v1/https/repo1.maven.org/maven2/com/googlecode/usc/jdbcdslog/1.0.6.2/jdbcdslog-1.0.6.2.jar:/home/bs01463/.cache/coursier/v1/https/repo1.maven.org/maven2/tyrex/tyrex/1.0.1/tyrex-1.0.1.jar:/home/bs01463/.cache/coursier/v1/https/repo1.maven.org/maven2/org/playframework/play-exceptions/3.0.2/play-exceptions-3.0.2.jar:/home/bs01463/.cache/coursier/v1/https/repo1.maven.org/maven2/com/typesafe/config/1.4.3/config-1.4.3.jar:/home/bs01463/.cache/coursier/v1/https/repo1.maven.org/maven2/org/lz4/lz4-java/1.8.0/lz4-java-1.8.0.jar:/home/bs01463/.cache/coursier/v1/https/repo1.maven.org/maven2/com/thoughtworks/paranamer/paranamer/2.8/paranamer-2.8.jar:/home/bs01463/.cache/coursier/v1/https/repo1.maven.org/maven2/org/playframework/play-functional_2.13/3.0.2/play-functional_2.13-3.0.2.jar:/home/bs01463/.cache/coursier/v1/https/repo1.maven.org/maven2/org/scala-lang/scala-reflect/2.13.16/scala-reflect-2.13.16.jar:/home/bs01463/.cache/coursier/v1/https/repo1.maven.org/maven2/com/google/guava/failureaccess/1.0.1/failureaccess-1.0.1.jar:/home/bs01463/.cache/coursier/v1/https/repo1.maven.org/maven2/com/google/guava/listenablefuture/9999.0-empty-to-avoid-conflict-with-guava/listenablefuture-9999.0-empty-to-avoid-conflict-with-guava.jar:/home/bs01463/.cache/coursier/v1/https/repo1.maven.org/maven2/org/checkerframework/checker-qual/3.37.0/checker-qual-3.37.0.jar:/home/bs01463/.cache/coursier/v1/https/repo1.maven.org/maven2/com/google/j2objc/j2objc-annotations/2.8/j2objc-annotations-2.8.jar:/home/bs01463/.cache/coursier/v1/https/repo1.maven.org/maven2/org/apache/pekko/pekko-protobuf-v3_2.13/1.0.2/pekko-protobuf-v3_2.13-1.0.2.jar:/home/bs01463/.cache/coursier/v1/https/repo1.maven.org/maven2/io/avaje/classpath-scanner-api/7.1/classpath-scanner-api-7.1.jar -Xplugin-require:semanticdb -Yrangepos -Ymacro-expand:discard -Ycache-plugin-class-loader:last-modified -Ypresentation-any-thread

  last tree to typer: TypeTree
       tree position: line 13 of file:///home/bs01463/Desktop/java/play-3/app/controllers/ProductController.scala
            tree tpe: <error>
              symbol: <none>
   symbol definition: <none> (a NoSymbol)
      symbol package: <none>
       symbol owners: 
           call site: <none> in <none>

== Source file context for tree position ==

    10 class ProductController @Inject()(cc: ControllerComponents) extends AbstractController(cc) {
    11   import ProductJson._
    12 
    13   def list = Action {
    14     // val products = Product.find.all()
    15     List<Product> _CURSOR_products = Product.find.all();
    16     Ok(Json.toJson(products)) (full report at: "/home/bs01463/Desktop/java/play-3/.metals/.reports/metals-full/2025-07-28/r_compiler-error_(root)_18-01-33-790.md")[0m
Jul 28, 2025 6:02:25 PM scala.meta.internal.pc.CompilerAccess retryWithCleanCompiler
INFO: compiler crashed due to an error in the Scala compiler, retrying with new compiler instance.
2025.07.28 18:02:25 INFO  Created report: Optional[file:///home/bs01463/Desktop/java/play-3/app/controllers/ProductController.scala][0m
2025.07.28 18:02:25 INFO  scala.reflect.internal.FatalError: 
  ThisType(method apply) for sym which is not a class
     while compiling: file:///home/bs01463/Desktop/java/play-3/app/controllers/ProductController.scala
        during phase: globalPhase=<no phase>, enteringPhase=parser
     library version: version 2.13.16
    compiler version: version 2.13.16
  reconstructed args: -deprecation -encoding utf8 -unchecked -Wconf:cat=unchecked:w -Wconf:cat=deprecation:ws -Wconf:cat=feature:ws -Wconf:cat=optimizer:ws -classpath /home/bs01463/Desktop/java/play-3/.bloop/root/bloop-bsp-clients-classes/classes-Metals-seFHOEuIT2mePzfV6AjrSQ==:/home/bs01463/.cache/coursier/v1/https/repo1.maven.org/maven2/com/sourcegraph/semanticdb-javac/0.10.4/semanticdb-javac-0.10.4.jar:/home/bs01463/.cache/coursier/v1/https/repo1.maven.org/maven2/org/scala-lang/scala-library/2.13.16/scala-library-2.13.16.jar:/home/bs01463/.cache/coursier/v1/https/repo1.maven.org/maven2/org/playframework/play-ebean_2.13/8.3.0/play-ebean_2.13-8.3.0.jar:/home/bs01463/.cache/coursier/v1/https/repo1.maven.org/maven2/org/glassfish/jaxb/jaxb-runtime/4.0.5/jaxb-runtime-4.0.5.jar:/home/bs01463/.cache/coursier/v1/https/repo1.maven.org/maven2/org/playframework/twirl/twirl-api_2.13/2.0.4/twirl-api_2.13-2.0.4.jar:/home/bs01463/.cache/coursier/v1/https/repo1.maven.org/maven2/org/playframework/play-server_2.13/3.0.2/play-server_2.13-3.0.2.jar:/home/bs01463/.cache/coursier/v1/https/repo1.maven.org/maven2/org/playframework/play-logback_2.13/3.0.2/play-logback_2.13-3.0.2.jar:/home/bs01463/.cache/coursier/v1/https/repo1.maven.org/maven2/org/playframework/play-pekko-http-server_2.13/3.0.2/play-pekko-http-server_2.13-3.0.2.jar:/home/bs01463/.cache/coursier/v1/https/repo1.maven.org/maven2/org/playframework/play-filters-helpers_2.13/3.0.2/play-filters-helpers_2.13-3.0.2.jar:/home/bs01463/.cache/coursier/v1/https/repo1.maven.org/maven2/org/playframework/play-java-forms_2.13/3.0.2/play-java-forms_2.13-3.0.2.jar:/home/bs01463/.cache/coursier/v1/https/repo1.maven.org/maven2/org/playframework/play-guice_2.13/3.0.2/play-guice_2.13-3.0.2.jar:/home/bs01463/.cache/coursier/v1/https/repo1.maven.org/maven2/io/ebean/ebean/15.1.0/ebean-15.1.0.jar:/home/bs01463/.cache/coursier/v1/https/repo1.maven.org/maven2/com/fasterxml/jackson/core/jackson-databind/2.14.2/jackson-databind-2.14.2.jar:/home/bs01463/.cache/coursier/v1/https/repo1.maven.org/maven2/io/ebean/ebean-ddl-generator/15.1.0/ebean-ddl-generator-15.1.0.jar:/home/bs01463/.cache/coursier/v1/https/repo1.maven.org/maven2/io/ebean/ebean-agent/15.1.0/ebean-agent-15.1.0.jar:/home/bs01463/.cache/coursier/v1/https/repo1.maven.org/maven2/org/playframework/play-java-jdbc_2.13/3.0.2/play-java-jdbc_2.13-3.0.2.jar:/home/bs01463/.cache/coursier/v1/https/repo1.maven.org/maven2/org/playframework/play-jdbc-evolutions_2.13/3.0.2/play-jdbc-evolutions_2.13-3.0.2.jar:/home/bs01463/.cache/coursier/v1/https/repo1.maven.org/maven2/org/reflections/reflections/0.10.2/reflections-0.10.2.jar:/home/bs01463/.cache/coursier/v1/https/repo1.maven.org/maven2/org/glassfish/jaxb/jaxb-core/4.0.5/jaxb-core-4.0.5.jar:/home/bs01463/.cache/coursier/v1/https/repo1.maven.org/maven2/org/scala-lang/modules/scala-xml_2.13/2.2.0/scala-xml_2.13-2.2.0.jar:/home/bs01463/.cache/coursier/v1/https/repo1.maven.org/maven2/org/playframework/play_2.13/3.0.2/play_2.13-3.0.2.jar:/home/bs01463/.cache/coursier/v1/https/repo1.maven.org/maven2/ch/qos/logback/logback-classic/1.5.1/logback-classic-1.5.1.jar:/home/bs01463/.cache/coursier/v1/https/repo1.maven.org/maven2/org/playframework/play-streams_2.13/3.0.2/play-streams_2.13-3.0.2.jar:/home/bs01463/.cache/coursier/v1/https/repo1.maven.org/maven2/org/apache/pekko/pekko-http-core_2.13/1.0.1/pekko-http-core_2.13-1.0.1.jar:/home/bs01463/.cache/coursier/v1/https/repo1.maven.org/maven2/org/playframework/play-java_2.13/3.0.2/play-java_2.13-3.0.2.jar:/home/bs01463/.cache/coursier/v1/https/repo1.maven.org/maven2/net/jodah/typetools/0.6.3/typetools-0.6.3.jar:/home/bs01463/.cache/coursier/v1/https/repo1.maven.org/maven2/org/hibernate/validator/hibernate-validator/6.2.5.Final/hibernate-validator-6.2.5.Final.jar:/home/bs01463/.cache/coursier/v1/https/repo1.maven.org/maven2/org/springframework/spring-context/5.3.32/spring-context-5.3.32.jar:/home/bs01463/.cache/coursier/v1/https/repo1.maven.org/maven2/org/springframework/spring-core/5.3.32/spring-core-5.3.32.jar:/home/bs01463/.cache/coursier/v1/https/repo1.maven.org/maven2/org/springframework/spring-beans/5.3.32/spring-beans-5.3.32.jar:/home/bs01463/.cache/coursier/v1/https/repo1.maven.org/maven2/com/google/inject/guice/6.0.0/guice-6.0.0.jar:/home/bs01463/.cache/coursier/v1/https/repo1.maven.org/maven2/com/google/inject/extensions/guice-assistedinject/6.0.0/guice-assistedinject-6.0.0.jar:/home/bs01463/.cache/coursier/v1/https/repo1.maven.org/maven2/com/mysql/mysql-connector-j/8.0.33/mysql-connector-j-8.0.33.jar:/home/bs01463/.cache/coursier/v1/https/repo1.maven.org/maven2/io/ebean/ebean-api/15.1.0/ebean-api-15.1.0.jar:/home/bs01463/.cache/coursier/v1/https/repo1.maven.org/maven2/io/ebean/ebean-core/15.1.0/ebean-core-15.1.0.jar:/home/bs01463/.cache/coursier/v1/https/repo1.maven.org/maven2/io/ebean/ebean-joda-time/14.0.0/ebean-joda-time-14.0.0.jar:/home/bs01463/.cache/coursier/v1/https/repo1.maven.org/maven2/io/ebean/ebean-jackson-jsonnode/14.0.0/ebean-jackson-jsonnode-14.0.0.jar:/home/bs01463/.cache/coursier/v1/https/repo1.maven.org/maven2/io/ebean/ebean-jackson-mapper/15.1.0/ebean-jackson-mapper-15.1.0.jar:/home/bs01463/.cache/coursier/v1/https/repo1.maven.org/maven2/io/ebean/ebean-datasource/8.12/ebean-datasource-8.12.jar:/home/bs01463/.cache/coursier/v1/https/repo1.maven.org/maven2/io/ebean/ebean-migration/14.0.0/ebean-migration-14.0.0.jar:/home/bs01463/.cache/coursier/v1/https/repo1.maven.org/maven2/io/ebean/ebean-querybean/15.1.0/ebean-querybean-15.1.0.jar:/home/bs01463/.cache/coursier/v1/https/repo1.maven.org/maven2/io/ebean/ebean-platform-all/15.1.0/ebean-platform-all-15.1.0.jar:/home/bs01463/.cache/coursier/v1/https/repo1.maven.org/maven2/com/fasterxml/jackson/core/jackson-annotations/2.14.3/jackson-annotations-2.14.3.jar:/home/bs01463/.cache/coursier/v1/https/repo1.maven.org/maven2/com/fasterxml/jackson/core/jackson-core/2.15.0/jackson-core-2.15.0.jar:/home/bs01463/.cache/coursier/v1/https/repo1.maven.org/maven2/io/ebean/ebean-ddl-runner/2.3/ebean-ddl-runner-2.3.jar:/home/bs01463/.cache/coursier/v1/https/repo1.maven.org/maven2/jakarta/xml/bind/jakarta.xml.bind-api/4.0.2/jakarta.xml.bind-api-4.0.2.jar:/home/bs01463/.cache/coursier/v1/https/repo1.maven.org/maven2/org/playframework/play-jdbc_2.13/3.0.2/play-jdbc_2.13-3.0.2.jar:/home/bs01463/.cache/coursier/v1/https/repo1.maven.org/maven2/org/playframework/play-jdbc-api_2.13/3.0.2/play-jdbc-api_2.13-3.0.2.jar:/home/bs01463/.cache/coursier/v1/https/repo1.maven.org/maven2/org/javassist/javassist/3.28.0-GA/javassist-3.28.0-GA.jar:/home/bs01463/.cache/coursier/v1/https/repo1.maven.org/maven2/com/google/code/findbugs/jsr305/3.0.2/jsr305-3.0.2.jar:/home/bs01463/.cache/coursier/v1/https/repo1.maven.org/maven2/org/slf4j/slf4j-api/2.0.12/slf4j-api-2.0.12.jar:/home/bs01463/.cache/coursier/v1/https/repo1.maven.org/maven2/jakarta/activation/jakarta.activation-api/2.1.3/jakarta.activation-api-2.1.3.jar:/home/bs01463/.cache/coursier/v1/https/repo1.maven.org/maven2/org/eclipse/angus/angus-activation/2.0.2/angus-activation-2.0.2.jar:/home/bs01463/.cache/coursier/v1/https/repo1.maven.org/maven2/org/glassfish/jaxb/txw2/4.0.5/txw2-4.0.5.jar:/home/bs01463/.cache/coursier/v1/https/repo1.maven.org/maven2/com/sun/istack/istack-commons-runtime/4.1.2/istack-commons-runtime-4.1.2.jar:/home/bs01463/.cache/coursier/v1/https/repo1.maven.org/maven2/org/playframework/play-build-link/3.0.2/play-build-link-3.0.2.jar:/home/bs01463/.cache/coursier/v1/https/repo1.maven.org/maven2/org/playframework/play-configuration_2.13/3.0.2/play-configuration_2.13-3.0.2.jar:/home/bs01463/.cache/coursier/v1/https/repo1.maven.org/maven2/org/slf4j/jul-to-slf4j/2.0.12/jul-to-slf4j-2.0.12.jar:/home/bs01463/.cache/coursier/v1/https/repo1.maven.org/maven2/org/slf4j/jcl-over-slf4j/2.0.12/jcl-over-slf4j-2.0.12.jar:/home/bs01463/.cache/coursier/v1/https/repo1.maven.org/maven2/org/apache/pekko/pekko-actor_2.13/1.0.2/pekko-actor_2.13-1.0.2.jar:/home/bs01463/.cache/coursier/v1/https/repo1.maven.org/maven2/org/apache/pekko/pekko-actor-typed_2.13/1.0.2/pekko-actor-typed_2.13-1.0.2.jar:/home/bs01463/.cache/coursier/v1/https/repo1.maven.org/maven2/org/apache/pekko/pekko-slf4j_2.13/1.0.2/pekko-slf4j_2.13-1.0.2.jar:/home/bs01463/.cache/coursier/v1/https/repo1.maven.org/maven2/org/apache/pekko/pekko-serialization-jackson_2.13/1.0.2/pekko-serialization-jackson_2.13-1.0.2.jar:/home/bs01463/.cache/coursier/v1/https/repo1.maven.org/maven2/com/fasterxml/jackson/datatype/jackson-datatype-jdk8/2.14.3/jackson-datatype-jdk8-2.14.3.jar:/home/bs01463/.cache/coursier/v1/https/repo1.maven.org/maven2/com/fasterxml/jackson/datatype/jackson-datatype-jsr310/2.14.3/jackson-datatype-jsr310-2.14.3.jar:/home/bs01463/.cache/coursier/v1/https/repo1.maven.org/maven2/com/fasterxml/jackson/dataformat/jackson-dataformat-cbor/2.14.3/jackson-dataformat-cbor-2.14.3.jar:/home/bs01463/.cache/coursier/v1/https/repo1.maven.org/maven2/com/fasterxml/jackson/module/jackson-module-parameter-names/2.14.3/jackson-module-parameter-names-2.14.3.jar:/home/bs01463/.cache/coursier/v1/https/repo1.maven.org/maven2/com/fasterxml/jackson/module/jackson-module-scala_2.13/2.14.3/jackson-module-scala_2.13-2.14.3.jar:/home/bs01463/.cache/coursier/v1/https/repo1.maven.org/maven2/io/jsonwebtoken/jjwt-api/0.11.5/jjwt-api-0.11.5.jar:/home/bs01463/.cache/coursier/v1/https/repo1.maven.org/maven2/io/jsonwebtoken/jjwt-impl/0.11.5/jjwt-impl-0.11.5.jar:/home/bs01463/.cache/coursier/v1/https/repo1.maven.org/maven2/io/jsonwebtoken/jjwt-jackson/0.11.5/jjwt-jackson-0.11.5.jar:/home/bs01463/.cache/coursier/v1/https/repo1.maven.org/maven2/org/playframework/play-json_2.13/3.0.2/play-json_2.13-3.0.2.jar:/home/bs01463/.cache/coursier/v1/https/repo1.maven.org/maven2/com/google/guava/guava/32.1.3-jre/guava-32.1.3-jre.jar:/home/bs01463/.cache/coursier/v1/https/repo1.maven.org/maven2/javax/inject/javax.inject/1/javax.inject-1.jar:/home/bs01463/.cache/coursier/v1/https/repo1.maven.org/maven2/com/typesafe/ssl-config-core_2.13/0.6.1/ssl-config-core_2.13-0.6.1.jar:/home/bs01463/.cache/coursier/v1/https/repo1.maven.org/maven2/org/scala-lang/modules/scala-parser-combinators_2.13/1.1.2/scala-parser-combinators_2.13-1.1.2.jar:/home/bs01463/.cache/coursier/v1/https/repo1.maven.org/maven2/ch/qos/logback/logback-core/1.5.1/logback-core-1.5.1.jar:/home/bs01463/.cache/coursier/v1/https/repo1.maven.org/maven2/org/reactivestreams/reactive-streams/1.0.4/reactive-streams-1.0.4.jar:/home/bs01463/.cache/coursier/v1/https/repo1.maven.org/maven2/org/apache/pekko/pekko-stream_2.13/1.0.2/pekko-stream_2.13-1.0.2.jar:/home/bs01463/.cache/coursier/v1/https/repo1.maven.org/maven2/org/apache/pekko/pekko-parsing_2.13/1.0.1/pekko-parsing_2.13-1.0.1.jar:/home/bs01463/.cache/coursier/v1/https/repo1.maven.org/maven2/org/parboiled/parboiled_2.13/2.5.0/parboiled_2.13-2.5.0.jar:/home/bs01463/.cache/coursier/v1/https/repo1.maven.org/maven2/jakarta/validation/jakarta.validation-api/2.0.2/jakarta.validation-api-2.0.2.jar:/home/bs01463/.cache/coursier/v1/https/repo1.maven.org/maven2/org/jboss/logging/jboss-logging/3.4.1.Final/jboss-logging-3.4.1.Final.jar:/home/bs01463/.cache/coursier/v1/https/repo1.maven.org/maven2/com/fasterxml/classmate/1.5.1/classmate-1.5.1.jar:/home/bs01463/.cache/coursier/v1/https/repo1.maven.org/maven2/jakarta/inject/jakarta.inject-api/2.0.1/jakarta.inject-api-2.0.1.jar:/home/bs01463/.cache/coursier/v1/https/repo1.maven.org/maven2/aopalliance/aopalliance/1.0/aopalliance-1.0.jar:/home/bs01463/.cache/coursier/v1/https/repo1.maven.org/maven2/com/google/errorprone/error_prone_annotations/2.21.1/error_prone_annotations-2.21.1.jar:/home/bs01463/.cache/coursier/v1/https/repo1.maven.org/maven2/com/google/protobuf/protobuf-java/3.21.9/protobuf-java-3.21.9.jar:/home/bs01463/.cache/coursier/v1/https/repo1.maven.org/maven2/io/avaje/avaje-applog/1.0/avaje-applog-1.0.jar:/home/bs01463/.cache/coursier/v1/https/repo1.maven.org/maven2/io/avaje/avaje-applog-slf4j/1.0/avaje-applog-slf4j-1.0.jar:/home/bs01463/.cache/coursier/v1/https/repo1.maven.org/maven2/io/avaje/avaje-lang/1.1/avaje-lang-1.1.jar:/home/bs01463/.cache/coursier/v1/https/repo1.maven.org/maven2/io/avaje/avaje-config/3.12/avaje-config-3.12.jar:/home/bs01463/.cache/coursier/v1/https/repo1.maven.org/maven2/io/ebean/jakarta-persistence-api/3.0/jakarta-persistence-api-3.0.jar:/home/bs01463/.cache/coursier/v1/https/repo1.maven.org/maven2/io/ebean/ebean-annotation/8.4/ebean-annotation-8.4.jar:/home/bs01463/.cache/coursier/v1/https/repo1.maven.org/maven2/io/ebean/ebean-types/3.0/ebean-types-3.0.jar:/home/bs01463/.cache/coursier/v1/https/repo1.maven.org/maven2/io/ebean/ebean-datasource-api/8.12/ebean-datasource-api-8.12.jar:/home/bs01463/.cache/coursier/v1/https/repo1.maven.org/maven2/io/avaje/classpath-scanner/7.1/classpath-scanner-7.1.jar:/home/bs01463/.cache/coursier/v1/https/repo1.maven.org/maven2/io/ebean/ebean-migration-auto/1.2/ebean-migration-auto-1.2.jar:/home/bs01463/.cache/coursier/v1/https/repo1.maven.org/maven2/io/ebean/ebean-core-type/15.1.0/ebean-core-type-15.1.0.jar:/home/bs01463/.cache/coursier/v1/https/repo1.maven.org/maven2/joda-time/joda-time/2.11.1/joda-time-2.11.1.jar:/home/bs01463/.cache/coursier/v1/https/repo1.maven.org/maven2/io/ebean/ebean-platform-h2/15.1.0/ebean-platform-h2-15.1.0.jar:/home/bs01463/.cache/coursier/v1/https/repo1.maven.org/maven2/io/ebean/ebean-platform-clickhouse/15.1.0/ebean-platform-clickhouse-15.1.0.jar:/home/bs01463/.cache/coursier/v1/https/repo1.maven.org/maven2/io/ebean/ebean-platform-db2/15.1.0/ebean-platform-db2-15.1.0.jar:/home/bs01463/.cache/coursier/v1/https/repo1.maven.org/maven2/io/ebean/ebean-platform-hana/15.1.0/ebean-platform-hana-15.1.0.jar:/home/bs01463/.cache/coursier/v1/https/repo1.maven.org/maven2/io/ebean/ebean-platform-hsqldb/15.1.0/ebean-platform-hsqldb-15.1.0.jar:/home/bs01463/.cache/coursier/v1/https/repo1.maven.org/maven2/io/ebean/ebean-platform-mysql/15.1.0/ebean-platform-mysql-15.1.0.jar:/home/bs01463/.cache/coursier/v1/https/repo1.maven.org/maven2/io/ebean/ebean-platform-mariadb/15.1.0/ebean-platform-mariadb-15.1.0.jar:/home/bs01463/.cache/coursier/v1/https/repo1.maven.org/maven2/io/ebean/ebean-platform-nuodb/15.1.0/ebean-platform-nuodb-15.1.0.jar:/home/bs01463/.cache/coursier/v1/https/repo1.maven.org/maven2/io/ebean/ebean-platform-oracle/15.1.0/ebean-platform-oracle-15.1.0.jar:/home/bs01463/.cache/coursier/v1/https/repo1.maven.org/maven2/io/ebean/ebean-platform-postgres/15.1.0/ebean-platform-postgres-15.1.0.jar:/home/bs01463/.cache/coursier/v1/https/repo1.maven.org/maven2/io/ebean/ebean-platform-sqlanywhere/15.1.0/ebean-platform-sqlanywhere-15.1.0.jar:/home/bs01463/.cache/coursier/v1/https/repo1.maven.org/maven2/io/ebean/ebean-platform-sqlite/15.1.0/ebean-platform-sqlite-15.1.0.jar:/home/bs01463/.cache/coursier/v1/https/repo1.maven.org/maven2/io/ebean/ebean-platform-sqlserver/15.1.0/ebean-platform-sqlserver-15.1.0.jar:/home/bs01463/.cache/coursier/v1/https/repo1.maven.org/maven2/com/zaxxer/HikariCP/5.0.1/HikariCP-5.0.1.jar:/home/bs01463/.cache/coursier/v1/https/repo1.maven.org/maven2/com/googlecode/usc/jdbcdslog/1.0.6.2/jdbcdslog-1.0.6.2.jar:/home/bs01463/.cache/coursier/v1/https/repo1.maven.org/maven2/tyrex/tyrex/1.0.1/tyrex-1.0.1.jar:/home/bs01463/.cache/coursier/v1/https/repo1.maven.org/maven2/org/playframework/play-exceptions/3.0.2/play-exceptions-3.0.2.jar:/home/bs01463/.cache/coursier/v1/https/repo1.maven.org/maven2/com/typesafe/config/1.4.3/config-1.4.3.jar:/home/bs01463/.cache/coursier/v1/https/repo1.maven.org/maven2/org/lz4/lz4-java/1.8.0/lz4-java-1.8.0.jar:/home/bs01463/.cache/coursier/v1/https/repo1.maven.org/maven2/com/thoughtworks/paranamer/paranamer/2.8/paranamer-2.8.jar:/home/bs01463/.cache/coursier/v1/https/repo1.maven.org/maven2/org/playframework/play-functional_2.13/3.0.2/play-functional_2.13-3.0.2.jar:/home/bs01463/.cache/coursier/v1/https/repo1.maven.org/maven2/org/scala-lang/scala-reflect/2.13.16/scala-reflect-2.13.16.jar:/home/bs01463/.cache/coursier/v1/https/repo1.maven.org/maven2/com/google/guava/failureaccess/1.0.1/failureaccess-1.0.1.jar:/home/bs01463/.cache/coursier/v1/https/repo1.maven.org/maven2/com/google/guava/listenablefuture/9999.0-empty-to-avoid-conflict-with-guava/listenablefuture-9999.0-empty-to-avoid-conflict-with-guava.jar:/home/bs01463/.cache/coursier/v1/https/repo1.maven.org/maven2/org/checkerframework/checker-qual/3.37.0/checker-qual-3.37.0.jar:/home/bs01463/.cache/coursier/v1/https/repo1.maven.org/maven2/com/google/j2objc/j2objc-annotations/2.8/j2objc-annotations-2.8.jar:/home/bs01463/.cache/coursier/v1/https/repo1.maven.org/maven2/org/apache/pekko/pekko-protobuf-v3_2.13/1.0.2/pekko-protobuf-v3_2.13-1.0.2.jar:/home/bs01463/.cache/coursier/v1/https/repo1.maven.org/maven2/io/avaje/classpath-scanner-api/7.1/classpath-scanner-api-7.1.jar -Xplugin-require:semanticdb -Yrangepos -Ymacro-expand:discard -Ycache-plugin-class-loader:last-modified -Ypresentation-any-thread

  last tree to typer: TypeTree
       tree position: line 13 of file:///home/bs01463/Desktop/java/play-3/app/controllers/ProductController.scala
            tree tpe: <error>
              symbol: <none>
   symbol definition: <none> (a NoSymbol)
      symbol package: <none>
       symbol owners: 
           call site: <none> in <none>

== Source file context for tree position ==

    10 class ProductController @Inject()(cc: ControllerComponents) extends AbstractController(cc) {
    11   import ProductJson._
    12 
    13   def list = Action {
    14     // val products = Product.find.all()
    15     List<Product> products = Product.find.all();
    16     Ok(Json.toJson(_CURSOR_products)) (full report at: "/home/bs01463/Desktop/java/play-3/.metals/.reports/metals-full/2025-07-28/r_compiler-error_(root)_18-02-25-774.md")[0m
Jul 28, 2025 6:02:26 PM scala.meta.internal.pc.CompilerAccess retryWithCleanCompiler
INFO: compiler crashed due to an error in the Scala compiler, retrying with new compiler instance.
2025.07.28 18:02:25 INFO  Created report: Optional[file:///home/bs01463/Desktop/java/play-3/app/controllers/ProductController.scala][0m
2025.07.28 18:02:25 INFO  scala.reflect.internal.FatalError: 
  ThisType(method apply) for sym which is not a class
     while compiling: file:///home/bs01463/Desktop/java/play-3/app/controllers/ProductController.scala
        during phase: globalPhase=<no phase>, enteringPhase=parser
     library version: version 2.13.16
    compiler version: version 2.13.16
  reconstructed args: -deprecation -encoding utf8 -unchecked -Wconf:cat=unchecked:w -Wconf:cat=deprecation:ws -Wconf:cat=feature:ws -Wconf:cat=optimizer:ws -classpath /home/bs01463/Desktop/java/play-3/.bloop/root/bloop-bsp-clients-classes/classes-Metals-seFHOEuIT2mePzfV6AjrSQ==:/home/bs01463/.cache/coursier/v1/https/repo1.maven.org/maven2/com/sourcegraph/semanticdb-javac/0.10.4/semanticdb-javac-0.10.4.jar:/home/bs01463/.cache/coursier/v1/https/repo1.maven.org/maven2/org/scala-lang/scala-library/2.13.16/scala-library-2.13.16.jar:/home/bs01463/.cache/coursier/v1/https/repo1.maven.org/maven2/org/playframework/play-ebean_2.13/8.3.0/play-ebean_2.13-8.3.0.jar:/home/bs01463/.cache/coursier/v1/https/repo1.maven.org/maven2/org/glassfish/jaxb/jaxb-runtime/4.0.5/jaxb-runtime-4.0.5.jar:/home/bs01463/.cache/coursier/v1/https/repo1.maven.org/maven2/org/playframework/twirl/twirl-api_2.13/2.0.4/twirl-api_2.13-2.0.4.jar:/home/bs01463/.cache/coursier/v1/https/repo1.maven.org/maven2/org/playframework/play-server_2.13/3.0.2/play-server_2.13-3.0.2.jar:/home/bs01463/.cache/coursier/v1/https/repo1.maven.org/maven2/org/playframework/play-logback_2.13/3.0.2/play-logback_2.13-3.0.2.jar:/home/bs01463/.cache/coursier/v1/https/repo1.maven.org/maven2/org/playframework/play-pekko-http-server_2.13/3.0.2/play-pekko-http-server_2.13-3.0.2.jar:/home/bs01463/.cache/coursier/v1/https/repo1.maven.org/maven2/org/playframework/play-filters-helpers_2.13/3.0.2/play-filters-helpers_2.13-3.0.2.jar:/home/bs01463/.cache/coursier/v1/https/repo1.maven.org/maven2/org/playframework/play-java-forms_2.13/3.0.2/play-java-forms_2.13-3.0.2.jar:/home/bs01463/.cache/coursier/v1/https/repo1.maven.org/maven2/org/playframework/play-guice_2.13/3.0.2/play-guice_2.13-3.0.2.jar:/home/bs01463/.cache/coursier/v1/https/repo1.maven.org/maven2/io/ebean/ebean/15.1.0/ebean-15.1.0.jar:/home/bs01463/.cache/coursier/v1/https/repo1.maven.org/maven2/com/fasterxml/jackson/core/jackson-databind/2.14.2/jackson-databind-2.14.2.jar:/home/bs01463/.cache/coursier/v1/https/repo1.maven.org/maven2/io/ebean/ebean-ddl-generator/15.1.0/ebean-ddl-generator-15.1.0.jar:/home/bs01463/.cache/coursier/v1/https/repo1.maven.org/maven2/io/ebean/ebean-agent/15.1.0/ebean-agent-15.1.0.jar:/home/bs01463/.cache/coursier/v1/https/repo1.maven.org/maven2/org/playframework/play-java-jdbc_2.13/3.0.2/play-java-jdbc_2.13-3.0.2.jar:/home/bs01463/.cache/coursier/v1/https/repo1.maven.org/maven2/org/playframework/play-jdbc-evolutions_2.13/3.0.2/play-jdbc-evolutions_2.13-3.0.2.jar:/home/bs01463/.cache/coursier/v1/https/repo1.maven.org/maven2/org/reflections/reflections/0.10.2/reflections-0.10.2.jar:/home/bs01463/.cache/coursier/v1/https/repo1.maven.org/maven2/org/glassfish/jaxb/jaxb-core/4.0.5/jaxb-core-4.0.5.jar:/home/bs01463/.cache/coursier/v1/https/repo1.maven.org/maven2/org/scala-lang/modules/scala-xml_2.13/2.2.0/scala-xml_2.13-2.2.0.jar:/home/bs01463/.cache/coursier/v1/https/repo1.maven.org/maven2/org/playframework/play_2.13/3.0.2/play_2.13-3.0.2.jar:/home/bs01463/.cache/coursier/v1/https/repo1.maven.org/maven2/ch/qos/logback/logback-classic/1.5.1/logback-classic-1.5.1.jar:/home/bs01463/.cache/coursier/v1/https/repo1.maven.org/maven2/org/playframework/play-streams_2.13/3.0.2/play-streams_2.13-3.0.2.jar:/home/bs01463/.cache/coursier/v1/https/repo1.maven.org/maven2/org/apache/pekko/pekko-http-core_2.13/1.0.1/pekko-http-core_2.13-1.0.1.jar:/home/bs01463/.cache/coursier/v1/https/repo1.maven.org/maven2/org/playframework/play-java_2.13/3.0.2/play-java_2.13-3.0.2.jar:/home/bs01463/.cache/coursier/v1/https/repo1.maven.org/maven2/net/jodah/typetools/0.6.3/typetools-0.6.3.jar:/home/bs01463/.cache/coursier/v1/https/repo1.maven.org/maven2/org/hibernate/validator/hibernate-validator/6.2.5.Final/hibernate-validator-6.2.5.Final.jar:/home/bs01463/.cache/coursier/v1/https/repo1.maven.org/maven2/org/springframework/spring-context/5.3.32/spring-context-5.3.32.jar:/home/bs01463/.cache/coursier/v1/https/repo1.maven.org/maven2/org/springframework/spring-core/5.3.32/spring-core-5.3.32.jar:/home/bs01463/.cache/coursier/v1/https/repo1.maven.org/maven2/org/springframework/spring-beans/5.3.32/spring-beans-5.3.32.jar:/home/bs01463/.cache/coursier/v1/https/repo1.maven.org/maven2/com/google/inject/guice/6.0.0/guice-6.0.0.jar:/home/bs01463/.cache/coursier/v1/https/repo1.maven.org/maven2/com/google/inject/extensions/guice-assistedinject/6.0.0/guice-assistedinject-6.0.0.jar:/home/bs01463/.cache/coursier/v1/https/repo1.maven.org/maven2/com/mysql/mysql-connector-j/8.0.33/mysql-connector-j-8.0.33.jar:/home/bs01463/.cache/coursier/v1/https/repo1.maven.org/maven2/io/ebean/ebean-api/15.1.0/ebean-api-15.1.0.jar:/home/bs01463/.cache/coursier/v1/https/repo1.maven.org/maven2/io/ebean/ebean-core/15.1.0/ebean-core-15.1.0.jar:/home/bs01463/.cache/coursier/v1/https/repo1.maven.org/maven2/io/ebean/ebean-joda-time/14.0.0/ebean-joda-time-14.0.0.jar:/home/bs01463/.cache/coursier/v1/https/repo1.maven.org/maven2/io/ebean/ebean-jackson-jsonnode/14.0.0/ebean-jackson-jsonnode-14.0.0.jar:/home/bs01463/.cache/coursier/v1/https/repo1.maven.org/maven2/io/ebean/ebean-jackson-mapper/15.1.0/ebean-jackson-mapper-15.1.0.jar:/home/bs01463/.cache/coursier/v1/https/repo1.maven.org/maven2/io/ebean/ebean-datasource/8.12/ebean-datasource-8.12.jar:/home/bs01463/.cache/coursier/v1/https/repo1.maven.org/maven2/io/ebean/ebean-migration/14.0.0/ebean-migration-14.0.0.jar:/home/bs01463/.cache/coursier/v1/https/repo1.maven.org/maven2/io/ebean/ebean-querybean/15.1.0/ebean-querybean-15.1.0.jar:/home/bs01463/.cache/coursier/v1/https/repo1.maven.org/maven2/io/ebean/ebean-platform-all/15.1.0/ebean-platform-all-15.1.0.jar:/home/bs01463/.cache/coursier/v1/https/repo1.maven.org/maven2/com/fasterxml/jackson/core/jackson-annotations/2.14.3/jackson-annotations-2.14.3.jar:/home/bs01463/.cache/coursier/v1/https/repo1.maven.org/maven2/com/fasterxml/jackson/core/jackson-core/2.15.0/jackson-core-2.15.0.jar:/home/bs01463/.cache/coursier/v1/https/repo1.maven.org/maven2/io/ebean/ebean-ddl-runner/2.3/ebean-ddl-runner-2.3.jar:/home/bs01463/.cache/coursier/v1/https/repo1.maven.org/maven2/jakarta/xml/bind/jakarta.xml.bind-api/4.0.2/jakarta.xml.bind-api-4.0.2.jar:/home/bs01463/.cache/coursier/v1/https/repo1.maven.org/maven2/org/playframework/play-jdbc_2.13/3.0.2/play-jdbc_2.13-3.0.2.jar:/home/bs01463/.cache/coursier/v1/https/repo1.maven.org/maven2/org/playframework/play-jdbc-api_2.13/3.0.2/play-jdbc-api_2.13-3.0.2.jar:/home/bs01463/.cache/coursier/v1/https/repo1.maven.org/maven2/org/javassist/javassist/3.28.0-GA/javassist-3.28.0-GA.jar:/home/bs01463/.cache/coursier/v1/https/repo1.maven.org/maven2/com/google/code/findbugs/jsr305/3.0.2/jsr305-3.0.2.jar:/home/bs01463/.cache/coursier/v1/https/repo1.maven.org/maven2/org/slf4j/slf4j-api/2.0.12/slf4j-api-2.0.12.jar:/home/bs01463/.cache/coursier/v1/https/repo1.maven.org/maven2/jakarta/activation/jakarta.activation-api/2.1.3/jakarta.activation-api-2.1.3.jar:/home/bs01463/.cache/coursier/v1/https/repo1.maven.org/maven2/org/eclipse/angus/angus-activation/2.0.2/angus-activation-2.0.2.jar:/home/bs01463/.cache/coursier/v1/https/repo1.maven.org/maven2/org/glassfish/jaxb/txw2/4.0.5/txw2-4.0.5.jar:/home/bs01463/.cache/coursier/v1/https/repo1.maven.org/maven2/com/sun/istack/istack-commons-runtime/4.1.2/istack-commons-runtime-4.1.2.jar:/home/bs01463/.cache/coursier/v1/https/repo1.maven.org/maven2/org/playframework/play-build-link/3.0.2/play-build-link-3.0.2.jar:/home/bs01463/.cache/coursier/v1/https/repo1.maven.org/maven2/org/playframework/play-configuration_2.13/3.0.2/play-configuration_2.13-3.0.2.jar:/home/bs01463/.cache/coursier/v1/https/repo1.maven.org/maven2/org/slf4j/jul-to-slf4j/2.0.12/jul-to-slf4j-2.0.12.jar:/home/bs01463/.cache/coursier/v1/https/repo1.maven.org/maven2/org/slf4j/jcl-over-slf4j/2.0.12/jcl-over-slf4j-2.0.12.jar:/home/bs01463/.cache/coursier/v1/https/repo1.maven.org/maven2/org/apache/pekko/pekko-actor_2.13/1.0.2/pekko-actor_2.13-1.0.2.jar:/home/bs01463/.cache/coursier/v1/https/repo1.maven.org/maven2/org/apache/pekko/pekko-actor-typed_2.13/1.0.2/pekko-actor-typed_2.13-1.0.2.jar:/home/bs01463/.cache/coursier/v1/https/repo1.maven.org/maven2/org/apache/pekko/pekko-slf4j_2.13/1.0.2/pekko-slf4j_2.13-1.0.2.jar:/home/bs01463/.cache/coursier/v1/https/repo1.maven.org/maven2/org/apache/pekko/pekko-serialization-jackson_2.13/1.0.2/pekko-serialization-jackson_2.13-1.0.2.jar:/home/bs01463/.cache/coursier/v1/https/repo1.maven.org/maven2/com/fasterxml/jackson/datatype/jackson-datatype-jdk8/2.14.3/jackson-datatype-jdk8-2.14.3.jar:/home/bs01463/.cache/coursier/v1/https/repo1.maven.org/maven2/com/fasterxml/jackson/datatype/jackson-datatype-jsr310/2.14.3/jackson-datatype-jsr310-2.14.3.jar:/home/bs01463/.cache/coursier/v1/https/repo1.maven.org/maven2/com/fasterxml/jackson/dataformat/jackson-dataformat-cbor/2.14.3/jackson-dataformat-cbor-2.14.3.jar:/home/bs01463/.cache/coursier/v1/https/repo1.maven.org/maven2/com/fasterxml/jackson/module/jackson-module-parameter-names/2.14.3/jackson-module-parameter-names-2.14.3.jar:/home/bs01463/.cache/coursier/v1/https/repo1.maven.org/maven2/com/fasterxml/jackson/module/jackson-module-scala_2.13/2.14.3/jackson-module-scala_2.13-2.14.3.jar:/home/bs01463/.cache/coursier/v1/https/repo1.maven.org/maven2/io/jsonwebtoken/jjwt-api/0.11.5/jjwt-api-0.11.5.jar:/home/bs01463/.cache/coursier/v1/https/repo1.maven.org/maven2/io/jsonwebtoken/jjwt-impl/0.11.5/jjwt-impl-0.11.5.jar:/home/bs01463/.cache/coursier/v1/https/repo1.maven.org/maven2/io/jsonwebtoken/jjwt-jackson/0.11.5/jjwt-jackson-0.11.5.jar:/home/bs01463/.cache/coursier/v1/https/repo1.maven.org/maven2/org/playframework/play-json_2.13/3.0.2/play-json_2.13-3.0.2.jar:/home/bs01463/.cache/coursier/v1/https/repo1.maven.org/maven2/com/google/guava/guava/32.1.3-jre/guava-32.1.3-jre.jar:/home/bs01463/.cache/coursier/v1/https/repo1.maven.org/maven2/javax/inject/javax.inject/1/javax.inject-1.jar:/home/bs01463/.cache/coursier/v1/https/repo1.maven.org/maven2/com/typesafe/ssl-config-core_2.13/0.6.1/ssl-config-core_2.13-0.6.1.jar:/home/bs01463/.cache/coursier/v1/https/repo1.maven.org/maven2/org/scala-lang/modules/scala-parser-combinators_2.13/1.1.2/scala-parser-combinators_2.13-1.1.2.jar:/home/bs01463/.cache/coursier/v1/https/repo1.maven.org/maven2/ch/qos/logback/logback-core/1.5.1/logback-core-1.5.1.jar:/home/bs01463/.cache/coursier/v1/https/repo1.maven.org/maven2/org/reactivestreams/reactive-streams/1.0.4/reactive-streams-1.0.4.jar:/home/bs01463/.cache/coursier/v1/https/repo1.maven.org/maven2/org/apache/pekko/pekko-stream_2.13/1.0.2/pekko-stream_2.13-1.0.2.jar:/home/bs01463/.cache/coursier/v1/https/repo1.maven.org/maven2/org/apache/pekko/pekko-parsing_2.13/1.0.1/pekko-parsing_2.13-1.0.1.jar:/home/bs01463/.cache/coursier/v1/https/repo1.maven.org/maven2/org/parboiled/parboiled_2.13/2.5.0/parboiled_2.13-2.5.0.jar:/home/bs01463/.cache/coursier/v1/https/repo1.maven.org/maven2/jakarta/validation/jakarta.validation-api/2.0.2/jakarta.validation-api-2.0.2.jar:/home/bs01463/.cache/coursier/v1/https/repo1.maven.org/maven2/org/jboss/logging/jboss-logging/3.4.1.Final/jboss-logging-3.4.1.Final.jar:/home/bs01463/.cache/coursier/v1/https/repo1.maven.org/maven2/com/fasterxml/classmate/1.5.1/classmate-1.5.1.jar:/home/bs01463/.cache/coursier/v1/https/repo1.maven.org/maven2/jakarta/inject/jakarta.inject-api/2.0.1/jakarta.inject-api-2.0.1.jar:/home/bs01463/.cache/coursier/v1/https/repo1.maven.org/maven2/aopalliance/aopalliance/1.0/aopalliance-1.0.jar:/home/bs01463/.cache/coursier/v1/https/repo1.maven.org/maven2/com/google/errorprone/error_prone_annotations/2.21.1/error_prone_annotations-2.21.1.jar:/home/bs01463/.cache/coursier/v1/https/repo1.maven.org/maven2/com/google/protobuf/protobuf-java/3.21.9/protobuf-java-3.21.9.jar:/home/bs01463/.cache/coursier/v1/https/repo1.maven.org/maven2/io/avaje/avaje-applog/1.0/avaje-applog-1.0.jar:/home/bs01463/.cache/coursier/v1/https/repo1.maven.org/maven2/io/avaje/avaje-applog-slf4j/1.0/avaje-applog-slf4j-1.0.jar:/home/bs01463/.cache/coursier/v1/https/repo1.maven.org/maven2/io/avaje/avaje-lang/1.1/avaje-lang-1.1.jar:/home/bs01463/.cache/coursier/v1/https/repo1.maven.org/maven2/io/avaje/avaje-config/3.12/avaje-config-3.12.jar:/home/bs01463/.cache/coursier/v1/https/repo1.maven.org/maven2/io/ebean/jakarta-persistence-api/3.0/jakarta-persistence-api-3.0.jar:/home/bs01463/.cache/coursier/v1/https/repo1.maven.org/maven2/io/ebean/ebean-annotation/8.4/ebean-annotation-8.4.jar:/home/bs01463/.cache/coursier/v1/https/repo1.maven.org/maven2/io/ebean/ebean-types/3.0/ebean-types-3.0.jar:/home/bs01463/.cache/coursier/v1/https/repo1.maven.org/maven2/io/ebean/ebean-datasource-api/8.12/ebean-datasource-api-8.12.jar:/home/bs01463/.cache/coursier/v1/https/repo1.maven.org/maven2/io/avaje/classpath-scanner/7.1/classpath-scanner-7.1.jar:/home/bs01463/.cache/coursier/v1/https/repo1.maven.org/maven2/io/ebean/ebean-migration-auto/1.2/ebean-migration-auto-1.2.jar:/home/bs01463/.cache/coursier/v1/https/repo1.maven.org/maven2/io/ebean/ebean-core-type/15.1.0/ebean-core-type-15.1.0.jar:/home/bs01463/.cache/coursier/v1/https/repo1.maven.org/maven2/joda-time/joda-time/2.11.1/joda-time-2.11.1.jar:/home/bs01463/.cache/coursier/v1/https/repo1.maven.org/maven2/io/ebean/ebean-platform-h2/15.1.0/ebean-platform-h2-15.1.0.jar:/home/bs01463/.cache/coursier/v1/https/repo1.maven.org/maven2/io/ebean/ebean-platform-clickhouse/15.1.0/ebean-platform-clickhouse-15.1.0.jar:/home/bs01463/.cache/coursier/v1/https/repo1.maven.org/maven2/io/ebean/ebean-platform-db2/15.1.0/ebean-platform-db2-15.1.0.jar:/home/bs01463/.cache/coursier/v1/https/repo1.maven.org/maven2/io/ebean/ebean-platform-hana/15.1.0/ebean-platform-hana-15.1.0.jar:/home/bs01463/.cache/coursier/v1/https/repo1.maven.org/maven2/io/ebean/ebean-platform-hsqldb/15.1.0/ebean-platform-hsqldb-15.1.0.jar:/home/bs01463/.cache/coursier/v1/https/repo1.maven.org/maven2/io/ebean/ebean-platform-mysql/15.1.0/ebean-platform-mysql-15.1.0.jar:/home/bs01463/.cache/coursier/v1/https/repo1.maven.org/maven2/io/ebean/ebean-platform-mariadb/15.1.0/ebean-platform-mariadb-15.1.0.jar:/home/bs01463/.cache/coursier/v1/https/repo1.maven.org/maven2/io/ebean/ebean-platform-nuodb/15.1.0/ebean-platform-nuodb-15.1.0.jar:/home/bs01463/.cache/coursier/v1/https/repo1.maven.org/maven2/io/ebean/ebean-platform-oracle/15.1.0/ebean-platform-oracle-15.1.0.jar:/home/bs01463/.cache/coursier/v1/https/repo1.maven.org/maven2/io/ebean/ebean-platform-postgres/15.1.0/ebean-platform-postgres-15.1.0.jar:/home/bs01463/.cache/coursier/v1/https/repo1.maven.org/maven2/io/ebean/ebean-platform-sqlanywhere/15.1.0/ebean-platform-sqlanywhere-15.1.0.jar:/home/bs01463/.cache/coursier/v1/https/repo1.maven.org/maven2/io/ebean/ebean-platform-sqlite/15.1.0/ebean-platform-sqlite-15.1.0.jar:/home/bs01463/.cache/coursier/v1/https/repo1.maven.org/maven2/io/ebean/ebean-platform-sqlserver/15.1.0/ebean-platform-sqlserver-15.1.0.jar:/home/bs01463/.cache/coursier/v1/https/repo1.maven.org/maven2/com/zaxxer/HikariCP/5.0.1/HikariCP-5.0.1.jar:/home/bs01463/.cache/coursier/v1/https/repo1.maven.org/maven2/com/googlecode/usc/jdbcdslog/1.0.6.2/jdbcdslog-1.0.6.2.jar:/home/bs01463/.cache/coursier/v1/https/repo1.maven.org/maven2/tyrex/tyrex/1.0.1/tyrex-1.0.1.jar:/home/bs01463/.cache/coursier/v1/https/repo1.maven.org/maven2/org/playframework/play-exceptions/3.0.2/play-exceptions-3.0.2.jar:/home/bs01463/.cache/coursier/v1/https/repo1.maven.org/maven2/com/typesafe/config/1.4.3/config-1.4.3.jar:/home/bs01463/.cache/coursier/v1/https/repo1.maven.org/maven2/org/lz4/lz4-java/1.8.0/lz4-java-1.8.0.jar:/home/bs01463/.cache/coursier/v1/https/repo1.maven.org/maven2/com/thoughtworks/paranamer/paranamer/2.8/paranamer-2.8.jar:/home/bs01463/.cache/coursier/v1/https/repo1.maven.org/maven2/org/playframework/play-functional_2.13/3.0.2/play-functional_2.13-3.0.2.jar:/home/bs01463/.cache/coursier/v1/https/repo1.maven.org/maven2/org/scala-lang/scala-reflect/2.13.16/scala-reflect-2.13.16.jar:/home/bs01463/.cache/coursier/v1/https/repo1.maven.org/maven2/com/google/guava/failureaccess/1.0.1/failureaccess-1.0.1.jar:/home/bs01463/.cache/coursier/v1/https/repo1.maven.org/maven2/com/google/guava/listenablefuture/9999.0-empty-to-avoid-conflict-with-guava/listenablefuture-9999.0-empty-to-avoid-conflict-with-guava.jar:/home/bs01463/.cache/coursier/v1/https/repo1.maven.org/maven2/org/checkerframework/checker-qual/3.37.0/checker-qual-3.37.0.jar:/home/bs01463/.cache/coursier/v1/https/repo1.maven.org/maven2/com/google/j2objc/j2objc-annotations/2.8/j2objc-annotations-2.8.jar:/home/bs01463/.cache/coursier/v1/https/repo1.maven.org/maven2/org/apache/pekko/pekko-protobuf-v3_2.13/1.0.2/pekko-protobuf-v3_2.13-1.0.2.jar:/home/bs01463/.cache/coursier/v1/https/repo1.maven.org/maven2/io/avaje/classpath-scanner-api/7.1/classpath-scanner-api-7.1.jar -Xplugin-require:semanticdb -Yrangepos -Ymacro-expand:discard -Ycache-plugin-class-loader:last-modified -Ypresentation-any-thread

  last tree to typer: TypeTree
       tree position: line 13 of file:///home/bs01463/Desktop/java/play-3/app/controllers/ProductController.scala
            tree tpe: <error>
              symbol: <none>
   symbol definition: <none> (a NoSymbol)
      symbol package: <none>
       symbol owners: 
           call site: <none> in <none>

== Source file context for tree position ==

    10 class ProductController @Inject()(cc: ControllerComponents) extends AbstractController(cc) {
    11   import ProductJson._
    12 
    13   def list = Action {
    14     // val products = Product.find.all()
    15     List<Product> _CURSOR_products = Product.find.all();
    16     Ok(Json.toJson(products)) (full report at: "/home/bs01463/Desktop/java/play-3/.metals/.reports/metals-full/2025-07-28/r_compiler-error_(root)_18-02-26-541.md")[0m
2025.07.28 18:02:26 INFO  compiling root (2 scala sources and 2 java sources)[0m
2025.07.28 18:02:26 INFO  time: compiled root in 0.22s[0m
2025.07.28 18:02:38 INFO  compiling root (1 scala source and 3 java sources)[0m
2025.07.28 18:02:39 WARN  Invalid text document uri received from build server: file:///home/bs01463/Desktop/java/play-3/app/controllers/ProductController.scala[0m
2025.07.28 18:02:39 INFO  time: compiled root in 1.15s[0m
2025.07.28 18:02:39 INFO  compiling root (1 scala source and 3 java sources)[0m
2025.07.28 18:02:39 INFO  time: compiled root in 0.28s[0m
2025.07.28 18:04:12 INFO  compiling root (1 scala source and 3 java sources)[0m
2025.07.28 18:04:15 WARN  javac exited with exit code 1[0m
2025.07.28 18:04:15 INFO  time: compiled root in 2.96s[0m
2025.07.28 18:05:51 INFO  compiling root (1 scala source and 3 java sources)[0m
2025.07.28 18:05:54 WARN  javac exited with exit code 1[0m
2025.07.28 18:05:54 INFO  time: compiled root in 2.88s[0m
2025.07.28 18:06:05 INFO  compiling root (1 scala source and 3 java sources)[0m
2025.07.28 18:06:05 INFO  Created report: Optional.empty[0m
2025.07.28 18:06:05 INFO  IO error while decoding <WORKSPACE>/app/repositories/ProductRepository.java with UTF-8: <WORKSPACE>/... (full report at: "/home/bs01463/Desktop/java/play-3/.metals/.reports/bloop/2025-07-28/r_IO error while decod..._18-06-05-408.md")[0m
2025.07.28 18:06:06 WARN  Invalid text document uri received from build server: file:///home/bs01463/Desktop/java/play-3/app/repositories/ProductRepository.java[0m
2025.07.28 18:06:06 INFO  time: compiled root in 1.16s[0m
2025.07.28 18:06:06 INFO  compiling root (1 scala source and 3 java sources)[0m
2025.07.28 18:06:08 INFO  compiling root-test (2 java sources)[0m
2025.07.28 18:06:08 INFO  time: compiled root in 2.36s[0m
2025.07.28 18:06:10 WARN  javac exited with exit code 1[0m
2025.07.28 18:06:10 INFO  time: compiled root-test in 1.59s[0m
2025.07.28 18:06:23 INFO  compiling root (1 java source)[0m
2025.07.28 18:06:25 WARN  javac exited with exit code 1[0m
2025.07.28 18:06:25 INFO  time: compiled root in 1.57s[0m
Jul 28, 2025 6:06:27 PM org.eclipse.lsp4j.jsonrpc.RemoteEndpoint handleCancellation
WARNING: Unmatched cancel notification for request id 6814
2025.07.28 18:06:32 INFO  compiling root (1 java source)[0m
2025.07.28 18:06:32 WARN  Unexpected javac output: error: file not found: /home/bs01463/Desktop/java/play-3/app/repositories/ProductyRepository.java
Usage: javac <options> <source files>
use --help for a list of possible options.[0m
2025.07.28 18:06:32 WARN  javac exited with exit code 2[0m
2025.07.28 18:06:32 WARN  Invalid text document uri received from build server: file:///home/bs01463/Desktop/java/play-3/app/repositories/ProductyRepository.java[0m
2025.07.28 18:06:32 INFO  time: compiled root in 0.44s[0m
2025.07.28 18:06:32 INFO  compiling root (1 java source)[0m
2025.07.28 18:06:34 WARN  javac exited with exit code 1[0m
2025.07.28 18:06:34 INFO  time: compiled root in 1.65s[0m
2025.07.28 18:06:46 INFO  compiling root (1 java source)[0m
2025.07.28 18:06:47 WARN  javac exited with exit code 1[0m
2025.07.28 18:06:47 INFO  time: compiled root in 1.47s[0m
2025.07.28 18:06:50 INFO  compiling root (1 java source)[0m
2025.07.28 18:06:52 WARN  javac exited with exit code 1[0m
2025.07.28 18:06:52 INFO  time: compiled root in 1.54s[0m
Jul 28, 2025 6:07:30 PM org.eclipse.lsp4j.jsonrpc.RemoteEndpoint handleCancellation
WARNING: Unmatched cancel notification for request id 6948
Jul 28, 2025 6:08:04 PM scala.meta.internal.parsing.TokenEditDistance$Diff $anonfun$toRevised$8
WARNING: stale range: Some([1000 (
) <-> [1000 (
)) None
2025.07.28 18:08:04 INFO  file:///home/bs01463/Desktop/java/play-3/app/repositories/ProductRepository.java:12:8: stale bloop error:  error: ProductRepository is not abstract and does not override abstract method update(Category) in BaseRepository
public class ProductRepository implements BaseRepository {
       ^[0m
Jul 28, 2025 6:08:04 PM scala.meta.internal.parsing.TokenEditDistance$Diff $anonfun$toRevised$8
WARNING: stale range: Some([1000 (
) <-> [1000 (
)) None
2025.07.28 18:08:04 INFO  file:///home/bs01463/Desktop/java/play-3/app/repositories/ProductRepository.java:22:30: stale bloop error:  error: findById(Long) in ProductRepository cannot implement findById(Long) in BaseRepository
    public Optional<Product> findById(Long id) {
                             ^[0m
Jul 28, 2025 6:08:04 PM scala.meta.internal.parsing.TokenEditDistance$Diff $anonfun$toRevised$8
WARNING: stale range: Some([1000 (
) <-> [1000 (
)) None
2025.07.28 18:08:04 INFO  file:///home/bs01463/Desktop/java/play-3/app/repositories/ProductRepository.java:17:26: stale bloop error:  error: findAll() in ProductRepository cannot implement findAll() in BaseRepository
    public List<Product> findAll() {
                         ^[0m
Jul 28, 2025 6:08:04 PM scala.meta.internal.parsing.TokenEditDistance$Diff $anonfun$toRevised$8
WARNING: stale range: Some([1000 (
) <-> [1000 (
)) None
2025.07.28 18:08:04 INFO  file:///home/bs01463/Desktop/java/play-3/app/repositories/ProductRepository.java:16:5: stale bloop error:  error: method does not override or implement a method from a supertype
    @Override
    ^[0m
Jul 28, 2025 6:08:04 PM scala.meta.internal.parsing.TokenEditDistance$Diff $anonfun$toRevised$8
WARNING: stale range: Some([1000 (
) <-> [1000 (
)) None
2025.07.28 18:08:04 INFO  file:///home/bs01463/Desktop/java/play-3/app/repositories/ProductRepository.java:21:5: stale bloop error:  error: method does not override or implement a method from a supertype
    @Override
    ^[0m
Jul 28, 2025 6:08:04 PM scala.meta.internal.parsing.TokenEditDistance$Diff $anonfun$toRevised$8
WARNING: stale range: Some([1000 (
) <-> [1000 (
)) None
2025.07.28 18:08:04 INFO  file:///home/bs01463/Desktop/java/play-3/app/repositories/ProductRepository.java:26:5: stale bloop error:  error: method does not override or implement a method from a supertype
    @Override
    ^[0m
Jul 28, 2025 6:08:04 PM scala.meta.internal.parsing.TokenEditDistance$Diff $anonfun$toRevised$8
WARNING: stale range: Some([1000 (
) <-> [1000 (
)) None
2025.07.28 18:08:04 INFO  file:///home/bs01463/Desktop/java/play-3/app/repositories/ProductRepository.java:31:5: stale bloop error:  error: method does not override or implement a method from a supertype
    @Override
    ^[0m
2025.07.28 18:08:05 INFO  Created report: Optional[file:///home/bs01463/Desktop/java/play-3/app/repositories/ProductRepository.java][0m
2025.07.28 18:08:05 INFO  QDox parse error in file:///home/bs01463/Desktop/java/play-3/app/repositories/ProductRepository.java (full report at: "/home/bs01463/Desktop/java/play-3/.metals/.reports/metals-full/2025-07-28/r_qdox-error_(root)_18-08-05-046.md")[0m
2025.07.28 18:08:05 INFO  compiling root (1 java source)[0m
2025.07.28 18:08:06 INFO  compiling root-test (2 java sources)[0m
2025.07.28 18:08:06 INFO  time: compiled root in 1.22s[0m
2025.07.28 18:08:07 WARN  javac exited with exit code 1[0m
2025.07.28 18:08:07 INFO  time: compiled root-test in 1.55s[0m
2025.07.28 18:09:20 INFO  compiling root (3 scala sources)[0m
2025.07.28 18:09:20 INFO  time: compiled root in 0.48s[0m
2025.07.28 18:09:20 INFO  compiling root (3 scala sources)[0m
2025.07.28 18:09:20 INFO  time: compiled root in 0.26s[0m
2025.07.28 18:10:47 INFO  compiling root (3 scala sources and 1 java source)[0m
2025.07.28 18:10:52 INFO  time: compiled root in 4.46s[0m
2025.07.28 18:10:52 INFO  compiling root (1 scala source and 1 java source)[0m
2025.07.28 18:10:55 INFO  compiling root-test (2 java sources)[0m
2025.07.28 18:10:55 INFO  time: compiled root in 3.74s[0m
2025.07.28 18:10:57 WARN  javac exited with exit code 1[0m
2025.07.28 18:10:57 INFO  time: compiled root-test in 1.19s[0m
2025.07.28 18:10:57 INFO  compiling root-test (2 java sources)[0m
2025.07.28 18:10:57 WARN  javac exited with exit code 1[0m
2025.07.28 18:10:57 INFO  time: compiled root-test in 0.83s[0m
Jul 28, 2025 6:11:34 PM org.eclipse.lsp4j.jsonrpc.RemoteEndpoint handleCancellation
WARNING: Unmatched cancel notification for request id 7148
Jul 28, 2025 6:11:34 PM org.eclipse.lsp4j.jsonrpc.RemoteEndpoint handleCancellation
WARNING: Unmatched cancel notification for request id 7152
2025.07.28 18:11:41 INFO  compiling root (1 java source)[0m
2025.07.28 18:11:42 WARN  javac exited with exit code 1[0m
2025.07.28 18:11:42 INFO  time: compiled root in 1.65s[0m
2025.07.28 18:11:46 INFO  compiling root (1 java source)[0m
2025.07.28 18:11:48 WARN  javac exited with exit code 1[0m
2025.07.28 18:11:48 INFO  time: compiled root in 1.71s[0m
2025.07.28 18:13:34 INFO  compiling root (1 java source)[0m
2025.07.28 18:13:36 WARN  javac exited with exit code 1[0m
2025.07.28 18:13:36 INFO  time: compiled root in 1.63s[0m
2025.07.28 18:14:04 INFO  compiling root (1 java source)[0m
2025.07.28 18:14:06 WARN  javac exited with exit code 1[0m
2025.07.28 18:14:06 INFO  time: compiled root in 1.72s[0m
2025.07.28 18:14:22 INFO  compiling root (1 java source)[0m
2025.07.28 18:14:24 WARN  javac exited with exit code 1[0m
2025.07.28 18:14:24 INFO  time: compiled root in 1.66s[0m
Jul 28, 2025 6:15:10 PM org.eclipse.lsp4j.jsonrpc.RemoteEndpoint handleCancellation
WARNING: Unmatched cancel notification for request id 7472
Jul 28, 2025 6:15:46 PM org.eclipse.lsp4j.jsonrpc.RemoteEndpoint handleCancellation
WARNING: Unmatched cancel notification for request id 7590
2025.07.28 18:16:13 INFO  compiling root (2 java sources)[0m
2025.07.28 18:16:14 WARN  javac exited with exit code 1[0m
2025.07.28 18:16:14 INFO  time: compiled root in 1.68s[0m
2025.07.28 18:16:19 INFO  compiling root (2 java sources)[0m
2025.07.28 18:16:21 WARN  javac exited with exit code 1[0m
2025.07.28 18:16:21 INFO  time: compiled root in 1.68s[0m
2025.07.28 18:16:27 INFO  compiling root (2 java sources)[0m
2025.07.28 18:16:28 WARN  javac exited with exit code 1[0m
2025.07.28 18:16:28 INFO  time: compiled root in 1.65s[0m
2025.07.28 18:17:08 INFO  compiling root (2 java sources)[0m
2025.07.28 18:17:09 WARN  javac exited with exit code 1[0m
2025.07.28 18:17:09 INFO  time: compiled root in 1.73s[0m
2025.07.28 18:17:22 INFO  compiling root (2 java sources)[0m
2025.07.28 18:17:24 WARN  javac exited with exit code 1[0m
2025.07.28 18:17:24 INFO  time: compiled root in 1.73s[0m
2025.07.28 18:17:41 INFO  compiling root (2 java sources)[0m
2025.07.28 18:17:42 WARN  javac exited with exit code 1[0m
2025.07.28 18:17:42 INFO  time: compiled root in 1.68s[0m
2025.07.28 18:17:49 INFO  compiling root (2 java sources)[0m
2025.07.28 18:17:50 WARN  javac exited with exit code 1[0m
2025.07.28 18:17:50 INFO  time: compiled root in 1.6s[0m
2025.07.28 18:18:06 INFO  compiling root (2 java sources)[0m
2025.07.28 18:18:07 WARN  javac exited with exit code 1[0m
2025.07.28 18:18:07 INFO  time: compiled root in 1.7s[0m
Jul 28, 2025 6:18:32 PM org.eclipse.lsp4j.jsonrpc.RemoteEndpoint handleCancellation
WARNING: Unmatched cancel notification for request id 8103
2025.07.28 18:19:32 INFO  compiling root (2 java sources)[0m
2025.07.28 18:19:34 WARN  javac exited with exit code 1[0m
2025.07.28 18:19:34 INFO  time: compiled root in 1.75s[0m
2025.07.28 18:19:36 INFO  compiling root (2 java sources)[0m
2025.07.28 18:19:37 WARN  javac exited with exit code 1[0m
2025.07.28 18:19:37 INFO  time: compiled root in 1.67s[0m
2025.07.28 18:20:14 INFO  compiling root (2 java sources)[0m
2025.07.28 18:20:16 WARN  javac exited with exit code 1[0m
2025.07.28 18:20:16 INFO  time: compiled root in 1.65s[0m
2025.07.28 18:20:16 INFO  compiling root (2 java sources)[0m
2025.07.28 18:20:19 WARN  javac exited with exit code 1[0m
2025.07.28 18:20:19 INFO  time: compiled root in 1.72s[0m
2025.07.28 18:20:30 INFO  compiling root (2 java sources)[0m
2025.07.28 18:20:32 WARN  javac exited with exit code 1[0m
2025.07.28 18:20:32 INFO  time: compiled root in 1.66s[0m
2025.07.28 18:21:34 INFO  compiling root (1 scala source and 2 java sources)[0m
2025.07.28 18:21:34 INFO  time: compiled root in 0.36s[0m
2025.07.28 18:21:53 INFO  compiling root (1 scala source and 2 java sources)[0m
2025.07.28 18:21:53 INFO  time: compiled root in 0.29s[0m
2025.07.28 18:22:11 INFO  compiling root (1 scala source and 2 java sources)[0m
2025.07.28 18:22:11 INFO  time: compiled root in 0.23s[0m
2025.07.28 18:22:25 INFO  compiling root (1 scala source and 2 java sources)[0m
2025.07.28 18:22:25 INFO  time: compiled root in 0.25s[0m
2025.07.28 18:22:35 INFO  compiling root (1 scala source and 2 java sources)[0m
2025.07.28 18:22:37 WARN  javac exited with exit code 1[0m
2025.07.28 18:22:37 INFO  time: compiled root in 2.6s[0m
2025.07.28 18:23:36 INFO  compiling root (9 java sources)[0m
2025.07.28 18:23:38 WARN  javac exited with exit code 1[0m
2025.07.28 18:23:38 INFO  time: compiled root in 1.89s[0m
2025.07.28 18:23:38 INFO  compiling root (9 java sources)[0m
2025.07.28 18:23:39 WARN  javac exited with exit code 1[0m
2025.07.28 18:23:39 INFO  time: compiled root in 1.67s[0m
2025.07.28 18:23:39 INFO  compiling root (1 scala source and 2 java sources)[0m
2025.07.28 18:23:41 WARN  javac exited with exit code 1[0m
2025.07.28 18:23:41 INFO  time: compiled root in 1.66s[0m
2025.07.28 18:25:04 INFO  compiling root (9 java sources)[0m
2025.07.28 18:25:06 WARN  javac exited with exit code 1[0m
2025.07.28 18:25:06 INFO  time: compiled root in 1.57s[0m
2025.07.28 18:25:06 INFO  compiling root (9 java sources)[0m
2025.07.28 18:25:07 WARN  javac exited with exit code 1[0m
2025.07.28 18:25:07 INFO  time: compiled root in 1.54s[0m
2025.07.28 18:25:07 INFO  compiling root (1 scala source and 2 java sources)[0m
2025.07.28 18:25:09 WARN  javac exited with exit code 1[0m
2025.07.28 18:25:09 INFO  time: compiled root in 1.71s[0m
Jul 28, 2025 6:26:07 PM org.eclipse.lsp4j.jsonrpc.RemoteEndpoint handleCancellation
WARNING: Unmatched cancel notification for request id 8621
2025.07.28 18:27:08 INFO  compiling root (3 scala sources and 2 java sources)[0m
2025.07.28 18:27:13 WARN  javac exited with exit code 1[0m
2025.07.28 18:27:13 INFO  time: compiled root in 4.68s[0m
2025.07.28 18:27:13 INFO  compiling root (3 scala sources and 2 java sources)[0m
2025.07.28 18:27:16 WARN  javac exited with exit code 1[0m
2025.07.28 18:27:16 INFO  time: compiled root in 3.6s[0m
2025.07.28 18:28:22 INFO  compiling root (3 scala sources and 2 java sources)[0m
2025.07.28 18:28:26 WARN  javac exited with exit code 1[0m
2025.07.28 18:28:26 INFO  time: compiled root in 4.19s[0m
Jul 28, 2025 6:29:02 PM org.eclipse.lsp4j.jsonrpc.RemoteEndpoint handleCancellation
WARNING: Unmatched cancel notification for request id 8804
Jul 28, 2025 6:29:02 PM org.eclipse.lsp4j.jsonrpc.RemoteEndpoint handleCancellation
WARNING: Unmatched cancel notification for request id 8807
Jul 28, 2025 6:29:03 PM org.eclipse.lsp4j.jsonrpc.RemoteEndpoint handleCancellation
WARNING: Unmatched cancel notification for request id 8810
Jul 28, 2025 6:29:03 PM org.eclipse.lsp4j.jsonrpc.RemoteEndpoint handleCancellation
WARNING: Unmatched cancel notification for request id 8813
2025.07.28 18:29:06 INFO  compiling root (3 scala sources and 2 java sources)[0m
2025.07.28 18:29:10 WARN  javac exited with exit code 1[0m
2025.07.28 18:29:10 INFO  time: compiled root in 3.77s[0m
2025.07.28 18:30:08 INFO  compiling root (3 scala sources and 2 java sources)[0m
Jul 28, 2025 6:30:09 PM scala.meta.internal.mtags.SymbolIndexBucket addMtagsSourceFile
WARNING: Error indexing /home/bs01463/Desktop/java/play-3/app/repositories/ProductyRepository.java
java.nio.file.NoSuchFileException: /home/bs01463/Desktop/java/play-3/app/repositories/ProductyRepository.java
	at java.base/sun.nio.fs.UnixException.translateToIOException(UnixException.java:92)
	at java.base/sun.nio.fs.UnixException.rethrowAsIOException(UnixException.java:106)
	at java.base/sun.nio.fs.UnixException.rethrowAsIOException(UnixException.java:111)
	at java.base/sun.nio.fs.UnixFileSystemProvider.newByteChannel(UnixFileSystemProvider.java:218)
	at java.base/java.nio.file.Files.newByteChannel(Files.java:380)
	at java.base/java.nio.file.Files.newByteChannel(Files.java:432)
	at java.base/java.nio.file.Files.readAllBytes(Files.java:3288)
	at scala.meta.internal.io.PlatformFileIO$.slurp(PlatformFileIO.scala:42)
	at scala.meta.internal.io.FileIO$.slurp(FileIO.scala:18)
	at scala.meta.internal.mtags.ScalametaCommonEnrichments$XtensionAbsolutePath.toInput(ScalametaCommonEnrichments.scala:465)
	at scala.meta.internal.mtags.Mtags.index(Mtags.scala:96)
	at scala.meta.internal.mtags.Mtags.allSymbols(Mtags.scala:21)
	at scala.meta.internal.mtags.SymbolIndexBucket.allSymbols(SymbolIndexBucket.scala:289)
	at scala.meta.internal.mtags.SymbolIndexBucket.addMtagsSourceFile(SymbolIndexBucket.scala:300)
	at scala.meta.internal.mtags.SymbolIndexBucket.$anonfun$query0$1(SymbolIndexBucket.scala:216)
	at scala.meta.internal.mtags.SymbolIndexBucket.$anonfun$query0$1$adapted(SymbolIndexBucket.scala:216)
	at scala.collection.immutable.Set$Set2.foreach(Set.scala:210)
	at scala.meta.internal.mtags.SymbolIndexBucket.query0(SymbolIndexBucket.scala:216)
	at scala.meta.internal.mtags.SymbolIndexBucket.query(SymbolIndexBucket.scala:189)
	at scala.meta.internal.mtags.OnDemandSymbolIndex.$anonfun$findSymbolDefinition$1(OnDemandSymbolIndex.scala:142)
	at scala.collection.immutable.List.flatMap(List.scala:294)
	at scala.meta.internal.mtags.OnDemandSymbolIndex.findSymbolDefinition(OnDemandSymbolIndex.scala:142)
	at scala.meta.internal.mtags.OnDemandSymbolIndex.definition(OnDemandSymbolIndex.scala:48)
	at scala.meta.internal.metals.Docstrings.indexSymbol(Docstrings.scala:138)
	at scala.meta.internal.metals.Docstrings.documentation(Docstrings.scala:49)
	at scala.meta.internal.metals.MetalsSymbolSearch.documentation(MetalsSymbolSearch.scala:51)
	at scala.meta.internal.pc.JavaHoverProvider.documentation(JavaHoverProvider.scala:205)
	at scala.meta.internal.pc.JavaHoverProvider.$anonfun$hoverOffset$1(JavaHoverProvider.scala:72)
	at scala.Option.map(Option.scala:242)
	at scala.meta.internal.pc.JavaHoverProvider.hoverOffset(JavaHoverProvider.scala:68)
	at scala.meta.internal.pc.JavaHoverProvider.hover(JavaHoverProvider.scala:44)
	at scala.meta.internal.pc.JavaPresentationCompiler.hover(JavaPresentationCompiler.scala:77)
	at scala.meta.internal.metals.Compilers.$anonfun$hover$1(Compilers.scala:1023)
	at scala.meta.internal.metals.Compilers.$anonfun$withPCAndAdjustLsp$12(Compilers.scala:1509)
	at scala.Option.map(Option.scala:242)
	at scala.meta.internal.metals.Compilers.$anonfun$withPCAndAdjustLsp$10(Compilers.scala:1509)
	at scala.Option.flatMap(Option.scala:283)
	at scala.meta.internal.metals.Compilers.withPCAndAdjustLsp(Compilers.scala:1491)
	at scala.meta.internal.metals.Compilers.hover(Compilers.scala:1018)
	at scala.meta.internal.metals.MetalsLspService.$anonfun$hover$1(MetalsLspService.scala:949)
	at scala.meta.internal.metals.CancelTokens$.future(CancelTokens.scala:38)
	at scala.meta.internal.metals.MetalsLspService.hover(MetalsLspService.scala:947)
	at scala.meta.internal.metals.WorkspaceLspService.hover(WorkspaceLspService.scala:517)
	at scala.meta.metals.lsp.DelegatingScalaService.hover(DelegatingScalaService.scala:78)
	at jdk.internal.reflect.GeneratedMethodAccessor8.invoke(Unknown Source)
	at java.base/jdk.internal.reflect.DelegatingMethodAccessorImpl.invoke(DelegatingMethodAccessorImpl.java:43)
	at java.base/java.lang.reflect.Method.invoke(Method.java:569)
	at org.eclipse.lsp4j.jsonrpc.services.GenericEndpoint.lambda$recursiveFindRpcMethods$0(GenericEndpoint.java:65)
	at org.eclipse.lsp4j.jsonrpc.services.GenericEndpoint.request(GenericEndpoint.java:128)
	at org.eclipse.lsp4j.jsonrpc.RemoteEndpoint.handleRequest(RemoteEndpoint.java:271)
	at org.eclipse.lsp4j.jsonrpc.RemoteEndpoint.consume(RemoteEndpoint.java:201)
	at org.eclipse.lsp4j.jsonrpc.json.StreamMessageProducer.handleMessage(StreamMessageProducer.java:185)
	at org.eclipse.lsp4j.jsonrpc.json.StreamMessageProducer.listen(StreamMessageProducer.java:97)
	at org.eclipse.lsp4j.jsonrpc.json.ConcurrentMessageProcessor.run(ConcurrentMessageProcessor.java:114)
	at java.base/java.util.concurrent.Executors$RunnableAdapter.call(Executors.java:539)
	at java.base/java.util.concurrent.FutureTask.run(FutureTask.java:264)
	at java.base/java.util.concurrent.ThreadPoolExecutor.runWorker(ThreadPoolExecutor.java:1136)
	at java.base/java.util.concurrent.ThreadPoolExecutor$Worker.run(ThreadPoolExecutor.java:635)
	at java.base/java.lang.Thread.run(Thread.java:840)

Jul 28, 2025 6:30:09 PM scala.meta.internal.mtags.SymbolIndexBucket addMtagsSourceFile
WARNING: Error indexing /home/bs01463/Desktop/java/play-3/app/repositories/ProductyRepository.java
java.nio.file.NoSuchFileException: /home/bs01463/Desktop/java/play-3/app/repositories/ProductyRepository.java
	at java.base/sun.nio.fs.UnixException.translateToIOException(UnixException.java:92)
	at java.base/sun.nio.fs.UnixException.rethrowAsIOException(UnixException.java:106)
	at java.base/sun.nio.fs.UnixException.rethrowAsIOException(UnixException.java:111)
	at java.base/sun.nio.fs.UnixFileSystemProvider.newByteChannel(UnixFileSystemProvider.java:218)
	at java.base/java.nio.file.Files.newByteChannel(Files.java:380)
	at java.base/java.nio.file.Files.newByteChannel(Files.java:432)
	at java.base/java.nio.file.Files.readAllBytes(Files.java:3288)
	at scala.meta.internal.io.PlatformFileIO$.slurp(PlatformFileIO.scala:42)
	at scala.meta.internal.io.FileIO$.slurp(FileIO.scala:18)
	at scala.meta.internal.mtags.ScalametaCommonEnrichments$XtensionAbsolutePath.toInput(ScalametaCommonEnrichments.scala:465)
	at scala.meta.internal.mtags.Mtags.index(Mtags.scala:96)
	at scala.meta.internal.mtags.Mtags.allSymbols(Mtags.scala:21)
	at scala.meta.internal.mtags.SymbolIndexBucket.allSymbols(SymbolIndexBucket.scala:289)
	at scala.meta.internal.mtags.SymbolIndexBucket.addMtagsSourceFile(SymbolIndexBucket.scala:300)
	at scala.meta.internal.mtags.SymbolIndexBucket.addMtagsSourceFile(SymbolIndexBucket.scala:311)
	at scala.meta.internal.mtags.SymbolIndexBucket.$anonfun$query0$1(SymbolIndexBucket.scala:216)
	at scala.meta.internal.mtags.SymbolIndexBucket.$anonfun$query0$1$adapted(SymbolIndexBucket.scala:216)
	at scala.collection.immutable.Set$Set2.foreach(Set.scala:210)
	at scala.meta.internal.mtags.SymbolIndexBucket.query0(SymbolIndexBucket.scala:216)
	at scala.meta.internal.mtags.SymbolIndexBucket.query(SymbolIndexBucket.scala:189)
	at scala.meta.internal.mtags.OnDemandSymbolIndex.$anonfun$findSymbolDefinition$1(OnDemandSymbolIndex.scala:142)
	at scala.collection.immutable.List.flatMap(List.scala:294)
	at scala.meta.internal.mtags.OnDemandSymbolIndex.findSymbolDefinition(OnDemandSymbolIndex.scala:142)
	at scala.meta.internal.mtags.OnDemandSymbolIndex.definition(OnDemandSymbolIndex.scala:48)
	at scala.meta.internal.metals.Docstrings.indexSymbol(Docstrings.scala:138)
	at scala.meta.internal.metals.Docstrings.documentation(Docstrings.scala:49)
	at scala.meta.internal.metals.MetalsSymbolSearch.documentation(MetalsSymbolSearch.scala:51)
	at scala.meta.internal.pc.JavaHoverProvider.documentation(JavaHoverProvider.scala:205)
	at scala.meta.internal.pc.JavaHoverProvider.$anonfun$hoverOffset$1(JavaHoverProvider.scala:72)
	at scala.Option.map(Option.scala:242)
	at scala.meta.internal.pc.JavaHoverProvider.hoverOffset(JavaHoverProvider.scala:68)
	at scala.meta.internal.pc.JavaHoverProvider.hover(JavaHoverProvider.scala:44)
	at scala.meta.internal.pc.JavaPresentationCompiler.hover(JavaPresentationCompiler.scala:77)
	at scala.meta.internal.metals.Compilers.$anonfun$hover$1(Compilers.scala:1023)
	at scala.meta.internal.metals.Compilers.$anonfun$withPCAndAdjustLsp$12(Compilers.scala:1509)
	at scala.Option.map(Option.scala:242)
	at scala.meta.internal.metals.Compilers.$anonfun$withPCAndAdjustLsp$10(Compilers.scala:1509)
	at scala.Option.flatMap(Option.scala:283)
	at scala.meta.internal.metals.Compilers.withPCAndAdjustLsp(Compilers.scala:1491)
	at scala.meta.internal.metals.Compilers.hover(Compilers.scala:1018)
	at scala.meta.internal.metals.MetalsLspService.$anonfun$hover$1(MetalsLspService.scala:949)
	at scala.meta.internal.metals.CancelTokens$.future(CancelTokens.scala:38)
	at scala.meta.internal.metals.MetalsLspService.hover(MetalsLspService.scala:947)
	at scala.meta.internal.metals.WorkspaceLspService.hover(WorkspaceLspService.scala:517)
	at scala.meta.metals.lsp.DelegatingScalaService.hover(DelegatingScalaService.scala:78)
	at jdk.internal.reflect.GeneratedMethodAccessor8.invoke(Unknown Source)
	at java.base/jdk.internal.reflect.DelegatingMethodAccessorImpl.invoke(DelegatingMethodAccessorImpl.java:43)
	at java.base/java.lang.reflect.Method.invoke(Method.java:569)
	at org.eclipse.lsp4j.jsonrpc.services.GenericEndpoint.lambda$recursiveFindRpcMethods$0(GenericEndpoint.java:65)
	at org.eclipse.lsp4j.jsonrpc.services.GenericEndpoint.request(GenericEndpoint.java:128)
	at org.eclipse.lsp4j.jsonrpc.RemoteEndpoint.handleRequest(RemoteEndpoint.java:271)
	at org.eclipse.lsp4j.jsonrpc.RemoteEndpoint.consume(RemoteEndpoint.java:201)
	at org.eclipse.lsp4j.jsonrpc.json.StreamMessageProducer.handleMessage(StreamMessageProducer.java:185)
	at org.eclipse.lsp4j.jsonrpc.json.StreamMessageProducer.listen(StreamMessageProducer.java:97)
	at org.eclipse.lsp4j.jsonrpc.json.ConcurrentMessageProcessor.run(ConcurrentMessageProcessor.java:114)
	at java.base/java.util.concurrent.Executors$RunnableAdapter.call(Executors.java:539)
	at java.base/java.util.concurrent.FutureTask.run(FutureTask.java:264)
	at java.base/java.util.concurrent.ThreadPoolExecutor.runWorker(ThreadPoolExecutor.java:1136)
	at java.base/java.util.concurrent.ThreadPoolExecutor$Worker.run(ThreadPoolExecutor.java:635)
	at java.base/java.lang.Thread.run(Thread.java:840)

Jul 28, 2025 6:30:09 PM scala.meta.internal.mtags.SymbolIndexBucket addMtagsSourceFile
WARNING: Error indexing /home/bs01463/Desktop/java/play-3/app/repositories/ProductyRepository.java
java.nio.file.NoSuchFileException: /home/bs01463/Desktop/java/play-3/app/repositories/ProductyRepository.java
	at java.base/sun.nio.fs.UnixException.translateToIOException(UnixException.java:92)
	at java.base/sun.nio.fs.UnixException.rethrowAsIOException(UnixException.java:106)
	at java.base/sun.nio.fs.UnixException.rethrowAsIOException(UnixException.java:111)
	at java.base/sun.nio.fs.UnixFileSystemProvider.newByteChannel(UnixFileSystemProvider.java:218)
	at java.base/java.nio.file.Files.newByteChannel(Files.java:380)
	at java.base/java.nio.file.Files.newByteChannel(Files.java:432)
	at java.base/java.nio.file.Files.readAllBytes(Files.java:3288)
	at scala.meta.internal.io.PlatformFileIO$.slurp(PlatformFileIO.scala:42)
	at scala.meta.internal.io.FileIO$.slurp(FileIO.scala:18)
	at scala.meta.internal.mtags.ScalametaCommonEnrichments$XtensionAbsolutePath.toInput(ScalametaCommonEnrichments.scala:465)
	at scala.meta.internal.mtags.Mtags.index(Mtags.scala:96)
	at scala.meta.internal.mtags.Mtags.allSymbols(Mtags.scala:21)
	at scala.meta.internal.mtags.SymbolIndexBucket.allSymbols(SymbolIndexBucket.scala:289)
	at scala.meta.internal.mtags.SymbolIndexBucket.addMtagsSourceFile(SymbolIndexBucket.scala:300)
	at scala.meta.internal.mtags.SymbolIndexBucket.$anonfun$query0$1(SymbolIndexBucket.scala:216)
	at scala.meta.internal.mtags.SymbolIndexBucket.$anonfun$query0$1$adapted(SymbolIndexBucket.scala:216)
	at scala.collection.immutable.Set$Set2.foreach(Set.scala:210)
	at scala.meta.internal.mtags.SymbolIndexBucket.query0(SymbolIndexBucket.scala:216)
	at scala.meta.internal.mtags.SymbolIndexBucket.$anonfun$query0$8(SymbolIndexBucket.scala:238)
	at scala.collection.immutable.List.flatMap(List.scala:294)
	at scala.meta.internal.mtags.SymbolIndexBucket.query0(SymbolIndexBucket.scala:238)
	at scala.meta.internal.mtags.SymbolIndexBucket.query(SymbolIndexBucket.scala:189)
	at scala.meta.internal.mtags.OnDemandSymbolIndex.$anonfun$findSymbolDefinition$1(OnDemandSymbolIndex.scala:142)
	at scala.collection.immutable.List.flatMap(List.scala:294)
	at scala.meta.internal.mtags.OnDemandSymbolIndex.findSymbolDefinition(OnDemandSymbolIndex.scala:142)
	at scala.meta.internal.mtags.OnDemandSymbolIndex.definition(OnDemandSymbolIndex.scala:48)
	at scala.meta.internal.metals.Docstrings.indexSymbol(Docstrings.scala:138)
	at scala.meta.internal.metals.Docstrings.documentation(Docstrings.scala:49)
	at scala.meta.internal.metals.MetalsSymbolSearch.documentation(MetalsSymbolSearch.scala:51)
	at scala.meta.internal.pc.JavaHoverProvider.documentation(JavaHoverProvider.scala:205)
	at scala.meta.internal.pc.JavaHoverProvider.$anonfun$hoverOffset$1(JavaHoverProvider.scala:72)
	at scala.Option.map(Option.scala:242)
	at scala.meta.internal.pc.JavaHoverProvider.hoverOffset(JavaHoverProvider.scala:68)
	at scala.meta.internal.pc.JavaHoverProvider.hover(JavaHoverProvider.scala:44)
	at scala.meta.internal.pc.JavaPresentationCompiler.hover(JavaPresentationCompiler.scala:77)
	at scala.meta.internal.metals.Compilers.$anonfun$hover$1(Compilers.scala:1023)
	at scala.meta.internal.metals.Compilers.$anonfun$withPCAndAdjustLsp$12(Compilers.scala:1509)
	at scala.Option.map(Option.scala:242)
	at scala.meta.internal.metals.Compilers.$anonfun$withPCAndAdjustLsp$10(Compilers.scala:1509)
	at scala.Option.flatMap(Option.scala:283)
	at scala.meta.internal.metals.Compilers.withPCAndAdjustLsp(Compilers.scala:1491)
	at scala.meta.internal.metals.Compilers.hover(Compilers.scala:1018)
	at scala.meta.internal.metals.MetalsLspService.$anonfun$hover$1(MetalsLspService.scala:949)
	at scala.meta.internal.metals.CancelTokens$.future(CancelTokens.scala:38)
	at scala.meta.internal.metals.MetalsLspService.hover(MetalsLspService.scala:947)
	at scala.meta.internal.metals.WorkspaceLspService.hover(WorkspaceLspService.scala:517)
	at scala.meta.metals.lsp.DelegatingScalaService.hover(DelegatingScalaService.scala:78)
	at jdk.internal.reflect.GeneratedMethodAccessor8.invoke(Unknown Source)
	at java.base/jdk.internal.reflect.DelegatingMethodAccessorImpl.invoke(DelegatingMethodAccessorImpl.java:43)
	at java.base/java.lang.reflect.Method.invoke(Method.java:569)
	at org.eclipse.lsp4j.jsonrpc.services.GenericEndpoint.lambda$recursiveFindRpcMethods$0(GenericEndpoint.java:65)
	at org.eclipse.lsp4j.jsonrpc.services.GenericEndpoint.request(GenericEndpoint.java:128)
	at org.eclipse.lsp4j.jsonrpc.RemoteEndpoint.handleRequest(RemoteEndpoint.java:271)
	at org.eclipse.lsp4j.jsonrpc.RemoteEndpoint.consume(RemoteEndpoint.java:201)
	at org.eclipse.lsp4j.jsonrpc.json.StreamMessageProducer.handleMessage(StreamMessageProducer.java:185)
	at org.eclipse.lsp4j.jsonrpc.json.StreamMessageProducer.listen(StreamMessageProducer.java:97)
	at org.eclipse.lsp4j.jsonrpc.json.ConcurrentMessageProcessor.run(ConcurrentMessageProcessor.java:114)
	at java.base/java.util.concurrent.Executors$RunnableAdapter.call(Executors.java:539)
	at java.base/java.util.concurrent.FutureTask.run(FutureTask.java:264)
	at java.base/java.util.concurrent.ThreadPoolExecutor.runWorker(ThreadPoolExecutor.java:1136)
	at java.base/java.util.concurrent.ThreadPoolExecutor$Worker.run(ThreadPoolExecutor.java:635)
	at java.base/java.lang.Thread.run(Thread.java:840)

Jul 28, 2025 6:30:09 PM scala.meta.internal.mtags.SymbolIndexBucket addMtagsSourceFile
WARNING: Error indexing /home/bs01463/Desktop/java/play-3/app/repositories/ProductyRepository.java
java.nio.file.NoSuchFileException: /home/bs01463/Desktop/java/play-3/app/repositories/ProductyRepository.java
	at java.base/sun.nio.fs.UnixException.translateToIOException(UnixException.java:92)
	at java.base/sun.nio.fs.UnixException.rethrowAsIOException(UnixException.java:106)
	at java.base/sun.nio.fs.UnixException.rethrowAsIOException(UnixException.java:111)
	at java.base/sun.nio.fs.UnixFileSystemProvider.newByteChannel(UnixFileSystemProvider.java:218)
	at java.base/java.nio.file.Files.newByteChannel(Files.java:380)
	at java.base/java.nio.file.Files.newByteChannel(Files.java:432)
	at java.base/java.nio.file.Files.readAllBytes(Files.java:3288)
	at scala.meta.internal.io.PlatformFileIO$.slurp(PlatformFileIO.scala:42)
	at scala.meta.internal.io.FileIO$.slurp(FileIO.scala:18)
	at scala.meta.internal.mtags.ScalametaCommonEnrichments$XtensionAbsolutePath.toInput(ScalametaCommonEnrichments.scala:465)
	at scala.meta.internal.mtags.Mtags.index(Mtags.scala:96)
	at scala.meta.internal.mtags.Mtags.allSymbols(Mtags.scala:21)
	at scala.meta.internal.mtags.SymbolIndexBucket.allSymbols(SymbolIndexBucket.scala:289)
	at scala.meta.internal.mtags.SymbolIndexBucket.addMtagsSourceFile(SymbolIndexBucket.scala:300)
	at scala.meta.internal.mtags.SymbolIndexBucket.addMtagsSourceFile(SymbolIndexBucket.scala:311)
	at scala.meta.internal.mtags.SymbolIndexBucket.$anonfun$query0$1(SymbolIndexBucket.scala:216)
	at scala.meta.internal.mtags.SymbolIndexBucket.$anonfun$query0$1$adapted(SymbolIndexBucket.scala:216)
	at scala.collection.immutable.Set$Set2.foreach(Set.scala:210)
	at scala.meta.internal.mtags.SymbolIndexBucket.query0(SymbolIndexBucket.scala:216)
	at scala.meta.internal.mtags.SymbolIndexBucket.$anonfun$query0$8(SymbolIndexBucket.scala:238)
	at scala.collection.immutable.List.flatMap(List.scala:294)
	at scala.meta.internal.mtags.SymbolIndexBucket.query0(SymbolIndexBucket.scala:238)
	at scala.meta.internal.mtags.SymbolIndexBucket.query(SymbolIndexBucket.scala:189)
	at scala.meta.internal.mtags.OnDemandSymbolIndex.$anonfun$findSymbolDefinition$1(OnDemandSymbolIndex.scala:142)
	at scala.collection.immutable.List.flatMap(List.scala:294)
	at scala.meta.internal.mtags.OnDemandSymbolIndex.findSymbolDefinition(OnDemandSymbolIndex.scala:142)
	at scala.meta.internal.mtags.OnDemandSymbolIndex.definition(OnDemandSymbolIndex.scala:48)
	at scala.meta.internal.metals.Docstrings.indexSymbol(Docstrings.scala:138)
	at scala.meta.internal.metals.Docstrings.documentation(Docstrings.scala:49)
	at scala.meta.internal.metals.MetalsSymbolSearch.documentation(MetalsSymbolSearch.scala:51)
	at scala.meta.internal.pc.JavaHoverProvider.documentation(JavaHoverProvider.scala:205)
	at scala.meta.internal.pc.JavaHoverProvider.$anonfun$hoverOffset$1(JavaHoverProvider.scala:72)
	at scala.Option.map(Option.scala:242)
	at scala.meta.internal.pc.JavaHoverProvider.hoverOffset(JavaHoverProvider.scala:68)
	at scala.meta.internal.pc.JavaHoverProvider.hover(JavaHoverProvider.scala:44)
	at scala.meta.internal.pc.JavaPresentationCompiler.hover(JavaPresentationCompiler.scala:77)
	at scala.meta.internal.metals.Compilers.$anonfun$hover$1(Compilers.scala:1023)
	at scala.meta.internal.metals.Compilers.$anonfun$withPCAndAdjustLsp$12(Compilers.scala:1509)
	at scala.Option.map(Option.scala:242)
	at scala.meta.internal.metals.Compilers.$anonfun$withPCAndAdjustLsp$10(Compilers.scala:1509)
	at scala.Option.flatMap(Option.scala:283)
	at scala.meta.internal.metals.Compilers.withPCAndAdjustLsp(Compilers.scala:1491)
	at scala.meta.internal.metals.Compilers.hover(Compilers.scala:1018)
	at scala.meta.internal.metals.MetalsLspService.$anonfun$hover$1(MetalsLspService.scala:949)
	at scala.meta.internal.metals.CancelTokens$.future(CancelTokens.scala:38)
	at scala.meta.internal.metals.MetalsLspService.hover(MetalsLspService.scala:947)
	at scala.meta.internal.metals.WorkspaceLspService.hover(WorkspaceLspService.scala:517)
	at scala.meta.metals.lsp.DelegatingScalaService.hover(DelegatingScalaService.scala:78)
	at jdk.internal.reflect.GeneratedMethodAccessor8.invoke(Unknown Source)
	at java.base/jdk.internal.reflect.DelegatingMethodAccessorImpl.invoke(DelegatingMethodAccessorImpl.java:43)
	at java.base/java.lang.reflect.Method.invoke(Method.java:569)
	at org.eclipse.lsp4j.jsonrpc.services.GenericEndpoint.lambda$recursiveFindRpcMethods$0(GenericEndpoint.java:65)
	at org.eclipse.lsp4j.jsonrpc.services.GenericEndpoint.request(GenericEndpoint.java:128)
	at org.eclipse.lsp4j.jsonrpc.RemoteEndpoint.handleRequest(RemoteEndpoint.java:271)
	at org.eclipse.lsp4j.jsonrpc.RemoteEndpoint.consume(RemoteEndpoint.java:201)
	at org.eclipse.lsp4j.jsonrpc.json.StreamMessageProducer.handleMessage(StreamMessageProducer.java:185)
	at org.eclipse.lsp4j.jsonrpc.json.StreamMessageProducer.listen(StreamMessageProducer.java:97)
	at org.eclipse.lsp4j.jsonrpc.json.ConcurrentMessageProcessor.run(ConcurrentMessageProcessor.java:114)
	at java.base/java.util.concurrent.Executors$RunnableAdapter.call(Executors.java:539)
	at java.base/java.util.concurrent.FutureTask.run(FutureTask.java:264)
	at java.base/java.util.concurrent.ThreadPoolExecutor.runWorker(ThreadPoolExecutor.java:1136)
	at java.base/java.util.concurrent.ThreadPoolExecutor$Worker.run(ThreadPoolExecutor.java:635)
	at java.base/java.lang.Thread.run(Thread.java:840)

2025.07.28 18:30:12 WARN  javac exited with exit code 1[0m
2025.07.28 18:30:12 INFO  time: compiled root in 3.93s[0m
2025.07.28 18:30:14 INFO  compiling root (3 scala sources and 2 java sources)[0m
2025.07.28 18:30:17 WARN  javac exited with exit code 1[0m
2025.07.28 18:30:17 INFO  time: compiled root in 3.57s[0m
2025.07.28 18:30:17 INFO  compiling root (3 scala sources and 2 java sources)[0m
2025.07.28 18:30:21 INFO  time: compiled root in 3.75s[0m
2025.07.28 18:30:21 INFO  compiling root (1 scala source and 2 java sources)[0m
2025.07.28 18:30:23 INFO  compiling root-test (2 java sources)[0m
2025.07.28 18:30:23 INFO  time: compiled root in 2.33s[0m
2025.07.28 18:30:23 WARN  javac exited with exit code 1[0m
2025.07.28 18:30:23 INFO  time: compiled root-test in 0.83s[0m
2025.07.28 18:31:06 INFO  compiling root (1 java source)[0m
2025.07.28 18:31:07 WARN  javac exited with exit code 1[0m
2025.07.28 18:31:07 INFO  time: compiled root in 1.71s[0m
2025.07.28 18:31:15 WARN  Could not load snapshot text for /home/bs01463/Desktop/java/play-3/app/controllers/ProductController.java[0m
2025.07.28 18:31:17 WARN  Could not load snapshot text for /home/bs01463/Desktop/java/play-3/app/controllers/ProductController.java[0m
2025.07.28 18:31:19 WARN  Could not load snapshot text for /home/bs01463/Desktop/java/play-3/app/controllers/ProductController.java[0m
2025.07.28 18:31:35 WARN  Could not load snapshot text for /home/bs01463/Desktop/java/play-3/app/controllers/ProductController.java[0m
2025.07.28 18:31:35 INFO  compiling root (1 java source)[0m
2025.07.28 18:31:37 INFO  compiling root-test (2 java sources)[0m
2025.07.28 18:31:37 INFO  time: compiled root in 1.88s[0m
2025.07.28 18:31:39 WARN  javac exited with exit code 1[0m
2025.07.28 18:31:39 INFO  time: compiled root-test in 1.61s[0m
2025.07.28 18:33:27 INFO  compiling root (1 java source)[0m
2025.07.28 18:33:29 WARN  javac exited with exit code 1[0m
2025.07.28 18:33:29 INFO  time: compiled root in 1.54s[0m
2025.07.28 18:34:28 INFO  compiling root (1 java source)[0m
2025.07.28 18:34:30 INFO  compiling root-test (2 java sources)[0m
2025.07.28 18:34:30 INFO  time: compiled root in 1.59s[0m
2025.07.28 18:34:32 WARN  javac exited with exit code 1[0m
2025.07.28 18:34:32 INFO  time: compiled root-test in 1.6s[0m
Jul 28, 2025 6:34:43 PM scala.meta.internal.mtags.SymbolIndexBucket addMtagsSourceFile
WARNING: Error indexing /home/bs01463/Desktop/java/play-3/app/repositories/ProductyRepository.java
java.nio.file.NoSuchFileException: /home/bs01463/Desktop/java/play-3/app/repositories/ProductyRepository.java
	at java.base/sun.nio.fs.UnixException.translateToIOException(UnixException.java:92)
	at java.base/sun.nio.fs.UnixException.rethrowAsIOException(UnixException.java:106)
	at java.base/sun.nio.fs.UnixException.rethrowAsIOException(UnixException.java:111)
	at java.base/sun.nio.fs.UnixFileSystemProvider.newByteChannel(UnixFileSystemProvider.java:218)
	at java.base/java.nio.file.Files.newByteChannel(Files.java:380)
	at java.base/java.nio.file.Files.newByteChannel(Files.java:432)
	at java.base/java.nio.file.Files.readAllBytes(Files.java:3288)
	at scala.meta.internal.io.PlatformFileIO$.slurp(PlatformFileIO.scala:42)
	at scala.meta.internal.io.FileIO$.slurp(FileIO.scala:18)
	at scala.meta.internal.mtags.ScalametaCommonEnrichments$XtensionAbsolutePath.toInput(ScalametaCommonEnrichments.scala:465)
	at scala.meta.internal.mtags.Mtags.index(Mtags.scala:96)
	at scala.meta.internal.mtags.Mtags.allSymbols(Mtags.scala:21)
	at scala.meta.internal.mtags.SymbolIndexBucket.allSymbols(SymbolIndexBucket.scala:289)
	at scala.meta.internal.mtags.SymbolIndexBucket.addMtagsSourceFile(SymbolIndexBucket.scala:300)
	at scala.meta.internal.mtags.SymbolIndexBucket.$anonfun$query0$1(SymbolIndexBucket.scala:216)
	at scala.meta.internal.mtags.SymbolIndexBucket.$anonfun$query0$1$adapted(SymbolIndexBucket.scala:216)
	at scala.collection.immutable.Set$Set2.foreach(Set.scala:210)
	at scala.meta.internal.mtags.SymbolIndexBucket.query0(SymbolIndexBucket.scala:216)
	at scala.meta.internal.mtags.SymbolIndexBucket.query(SymbolIndexBucket.scala:189)
	at scala.meta.internal.mtags.OnDemandSymbolIndex.$anonfun$findSymbolDefinition$1(OnDemandSymbolIndex.scala:142)
	at scala.collection.immutable.List.flatMap(List.scala:294)
	at scala.meta.internal.mtags.OnDemandSymbolIndex.findSymbolDefinition(OnDemandSymbolIndex.scala:142)
	at scala.meta.internal.mtags.OnDemandSymbolIndex.definition(OnDemandSymbolIndex.scala:48)
	at scala.meta.internal.metals.Docstrings.indexSymbol(Docstrings.scala:138)
	at scala.meta.internal.metals.Docstrings.documentation(Docstrings.scala:49)
	at scala.meta.internal.metals.MetalsSymbolSearch.documentation(MetalsSymbolSearch.scala:51)
	at scala.meta.internal.pc.JavaHoverProvider.documentation(JavaHoverProvider.scala:205)
	at scala.meta.internal.pc.JavaHoverProvider.$anonfun$hoverOffset$1(JavaHoverProvider.scala:72)
	at scala.Option.map(Option.scala:242)
	at scala.meta.internal.pc.JavaHoverProvider.hoverOffset(JavaHoverProvider.scala:68)
	at scala.meta.internal.pc.JavaHoverProvider.hover(JavaHoverProvider.scala:44)
	at scala.meta.internal.pc.JavaPresentationCompiler.hover(JavaPresentationCompiler.scala:77)
	at scala.meta.internal.metals.Compilers.$anonfun$hover$1(Compilers.scala:1023)
	at scala.meta.internal.metals.Compilers.$anonfun$withPCAndAdjustLsp$12(Compilers.scala:1509)
	at scala.Option.map(Option.scala:242)
	at scala.meta.internal.metals.Compilers.$anonfun$withPCAndAdjustLsp$10(Compilers.scala:1509)
	at scala.Option.flatMap(Option.scala:283)
	at scala.meta.internal.metals.Compilers.withPCAndAdjustLsp(Compilers.scala:1491)
	at scala.meta.internal.metals.Compilers.hover(Compilers.scala:1018)
	at scala.meta.internal.metals.MetalsLspService.$anonfun$hover$1(MetalsLspService.scala:949)
	at scala.meta.internal.metals.CancelTokens$.future(CancelTokens.scala:38)
	at scala.meta.internal.metals.MetalsLspService.hover(MetalsLspService.scala:947)
	at scala.meta.internal.metals.WorkspaceLspService.hover(WorkspaceLspService.scala:517)
	at scala.meta.metals.lsp.DelegatingScalaService.hover(DelegatingScalaService.scala:78)
	at jdk.internal.reflect.GeneratedMethodAccessor8.invoke(Unknown Source)
	at java.base/jdk.internal.reflect.DelegatingMethodAccessorImpl.invoke(DelegatingMethodAccessorImpl.java:43)
	at java.base/java.lang.reflect.Method.invoke(Method.java:569)
	at org.eclipse.lsp4j.jsonrpc.services.GenericEndpoint.lambda$recursiveFindRpcMethods$0(GenericEndpoint.java:65)
	at org.eclipse.lsp4j.jsonrpc.services.GenericEndpoint.request(GenericEndpoint.java:128)
	at org.eclipse.lsp4j.jsonrpc.RemoteEndpoint.handleRequest(RemoteEndpoint.java:271)
	at org.eclipse.lsp4j.jsonrpc.RemoteEndpoint.consume(RemoteEndpoint.java:201)
	at org.eclipse.lsp4j.jsonrpc.json.StreamMessageProducer.handleMessage(StreamMessageProducer.java:185)
	at org.eclipse.lsp4j.jsonrpc.json.StreamMessageProducer.listen(StreamMessageProducer.java:97)
	at org.eclipse.lsp4j.jsonrpc.json.ConcurrentMessageProcessor.run(ConcurrentMessageProcessor.java:114)
	at java.base/java.util.concurrent.Executors$RunnableAdapter.call(Executors.java:539)
	at java.base/java.util.concurrent.FutureTask.run(FutureTask.java:264)
	at java.base/java.util.concurrent.ThreadPoolExecutor.runWorker(ThreadPoolExecutor.java:1136)
	at java.base/java.util.concurrent.ThreadPoolExecutor$Worker.run(ThreadPoolExecutor.java:635)
	at java.base/java.lang.Thread.run(Thread.java:840)

Jul 28, 2025 6:34:43 PM scala.meta.internal.mtags.SymbolIndexBucket addMtagsSourceFile
WARNING: Error indexing /home/bs01463/Desktop/java/play-3/app/repositories/ProductyRepository.java
java.nio.file.NoSuchFileException: /home/bs01463/Desktop/java/play-3/app/repositories/ProductyRepository.java
	at java.base/sun.nio.fs.UnixException.translateToIOException(UnixException.java:92)
	at java.base/sun.nio.fs.UnixException.rethrowAsIOException(UnixException.java:106)
	at java.base/sun.nio.fs.UnixException.rethrowAsIOException(UnixException.java:111)
	at java.base/sun.nio.fs.UnixFileSystemProvider.newByteChannel(UnixFileSystemProvider.java:218)
	at java.base/java.nio.file.Files.newByteChannel(Files.java:380)
	at java.base/java.nio.file.Files.newByteChannel(Files.java:432)
	at java.base/java.nio.file.Files.readAllBytes(Files.java:3288)
	at scala.meta.internal.io.PlatformFileIO$.slurp(PlatformFileIO.scala:42)
	at scala.meta.internal.io.FileIO$.slurp(FileIO.scala:18)
	at scala.meta.internal.mtags.ScalametaCommonEnrichments$XtensionAbsolutePath.toInput(ScalametaCommonEnrichments.scala:465)
	at scala.meta.internal.mtags.Mtags.index(Mtags.scala:96)
	at scala.meta.internal.mtags.Mtags.allSymbols(Mtags.scala:21)
	at scala.meta.internal.mtags.SymbolIndexBucket.allSymbols(SymbolIndexBucket.scala:289)
	at scala.meta.internal.mtags.SymbolIndexBucket.addMtagsSourceFile(SymbolIndexBucket.scala:300)
	at scala.meta.internal.mtags.SymbolIndexBucket.addMtagsSourceFile(SymbolIndexBucket.scala:311)
	at scala.meta.internal.mtags.SymbolIndexBucket.$anonfun$query0$1(SymbolIndexBucket.scala:216)
	at scala.meta.internal.mtags.SymbolIndexBucket.$anonfun$query0$1$adapted(SymbolIndexBucket.scala:216)
	at scala.collection.immutable.Set$Set2.foreach(Set.scala:210)
	at scala.meta.internal.mtags.SymbolIndexBucket.query0(SymbolIndexBucket.scala:216)
	at scala.meta.internal.mtags.SymbolIndexBucket.query(SymbolIndexBucket.scala:189)
	at scala.meta.internal.mtags.OnDemandSymbolIndex.$anonfun$findSymbolDefinition$1(OnDemandSymbolIndex.scala:142)
	at scala.collection.immutable.List.flatMap(List.scala:294)
	at scala.meta.internal.mtags.OnDemandSymbolIndex.findSymbolDefinition(OnDemandSymbolIndex.scala:142)
	at scala.meta.internal.mtags.OnDemandSymbolIndex.definition(OnDemandSymbolIndex.scala:48)
	at scala.meta.internal.metals.Docstrings.indexSymbol(Docstrings.scala:138)
	at scala.meta.internal.metals.Docstrings.documentation(Docstrings.scala:49)
	at scala.meta.internal.metals.MetalsSymbolSearch.documentation(MetalsSymbolSearch.scala:51)
	at scala.meta.internal.pc.JavaHoverProvider.documentation(JavaHoverProvider.scala:205)
	at scala.meta.internal.pc.JavaHoverProvider.$anonfun$hoverOffset$1(JavaHoverProvider.scala:72)
	at scala.Option.map(Option.scala:242)
	at scala.meta.internal.pc.JavaHoverProvider.hoverOffset(JavaHoverProvider.scala:68)
	at scala.meta.internal.pc.JavaHoverProvider.hover(JavaHoverProvider.scala:44)
	at scala.meta.internal.pc.JavaPresentationCompiler.hover(JavaPresentationCompiler.scala:77)
	at scala.meta.internal.metals.Compilers.$anonfun$hover$1(Compilers.scala:1023)
	at scala.meta.internal.metals.Compilers.$anonfun$withPCAndAdjustLsp$12(Compilers.scala:1509)
	at scala.Option.map(Option.scala:242)
	at scala.meta.internal.metals.Compilers.$anonfun$withPCAndAdjustLsp$10(Compilers.scala:1509)
	at scala.Option.flatMap(Option.scala:283)
	at scala.meta.internal.metals.Compilers.withPCAndAdjustLsp(Compilers.scala:1491)
	at scala.meta.internal.metals.Compilers.hover(Compilers.scala:1018)
	at scala.meta.internal.metals.MetalsLspService.$anonfun$hover$1(MetalsLspService.scala:949)
	at scala.meta.internal.metals.CancelTokens$.future(CancelTokens.scala:38)
	at scala.meta.internal.metals.MetalsLspService.hover(MetalsLspService.scala:947)
	at scala.meta.internal.metals.WorkspaceLspService.hover(WorkspaceLspService.scala:517)
	at scala.meta.metals.lsp.DelegatingScalaService.hover(DelegatingScalaService.scala:78)
	at jdk.internal.reflect.GeneratedMethodAccessor8.invoke(Unknown Source)
	at java.base/jdk.internal.reflect.DelegatingMethodAccessorImpl.invoke(DelegatingMethodAccessorImpl.java:43)
	at java.base/java.lang.reflect.Method.invoke(Method.java:569)
	at org.eclipse.lsp4j.jsonrpc.services.GenericEndpoint.lambda$recursiveFindRpcMethods$0(GenericEndpoint.java:65)
	at org.eclipse.lsp4j.jsonrpc.services.GenericEndpoint.request(GenericEndpoint.java:128)
	at org.eclipse.lsp4j.jsonrpc.RemoteEndpoint.handleRequest(RemoteEndpoint.java:271)
	at org.eclipse.lsp4j.jsonrpc.RemoteEndpoint.consume(RemoteEndpoint.java:201)
	at org.eclipse.lsp4j.jsonrpc.json.StreamMessageProducer.handleMessage(StreamMessageProducer.java:185)
	at org.eclipse.lsp4j.jsonrpc.json.StreamMessageProducer.listen(StreamMessageProducer.java:97)
	at org.eclipse.lsp4j.jsonrpc.json.ConcurrentMessageProcessor.run(ConcurrentMessageProcessor.java:114)
	at java.base/java.util.concurrent.Executors$RunnableAdapter.call(Executors.java:539)
	at java.base/java.util.concurrent.FutureTask.run(FutureTask.java:264)
	at java.base/java.util.concurrent.ThreadPoolExecutor.runWorker(ThreadPoolExecutor.java:1136)
	at java.base/java.util.concurrent.ThreadPoolExecutor$Worker.run(ThreadPoolExecutor.java:635)
	at java.base/java.lang.Thread.run(Thread.java:840)

Jul 28, 2025 6:34:43 PM scala.meta.internal.mtags.SymbolIndexBucket addMtagsSourceFile
WARNING: Error indexing /home/bs01463/Desktop/java/play-3/app/repositories/ProductyRepository.java
java.nio.file.NoSuchFileException: /home/bs01463/Desktop/java/play-3/app/repositories/ProductyRepository.java
	at java.base/sun.nio.fs.UnixException.translateToIOException(UnixException.java:92)
	at java.base/sun.nio.fs.UnixException.rethrowAsIOException(UnixException.java:106)
	at java.base/sun.nio.fs.UnixException.rethrowAsIOException(UnixException.java:111)
	at java.base/sun.nio.fs.UnixFileSystemProvider.newByteChannel(UnixFileSystemProvider.java:218)
	at java.base/java.nio.file.Files.newByteChannel(Files.java:380)
	at java.base/java.nio.file.Files.newByteChannel(Files.java:432)
	at java.base/java.nio.file.Files.readAllBytes(Files.java:3288)
	at scala.meta.internal.io.PlatformFileIO$.slurp(PlatformFileIO.scala:42)
	at scala.meta.internal.io.FileIO$.slurp(FileIO.scala:18)
	at scala.meta.internal.mtags.ScalametaCommonEnrichments$XtensionAbsolutePath.toInput(ScalametaCommonEnrichments.scala:465)
	at scala.meta.internal.mtags.Mtags.index(Mtags.scala:96)
	at scala.meta.internal.mtags.Mtags.allSymbols(Mtags.scala:21)
	at scala.meta.internal.mtags.SymbolIndexBucket.allSymbols(SymbolIndexBucket.scala:289)
	at scala.meta.internal.mtags.SymbolIndexBucket.addMtagsSourceFile(SymbolIndexBucket.scala:300)
	at scala.meta.internal.mtags.SymbolIndexBucket.$anonfun$query0$1(SymbolIndexBucket.scala:216)
	at scala.meta.internal.mtags.SymbolIndexBucket.$anonfun$query0$1$adapted(SymbolIndexBucket.scala:216)
	at scala.collection.immutable.Set$Set2.foreach(Set.scala:210)
	at scala.meta.internal.mtags.SymbolIndexBucket.query0(SymbolIndexBucket.scala:216)
	at scala.meta.internal.mtags.SymbolIndexBucket.$anonfun$query0$8(SymbolIndexBucket.scala:238)
	at scala.collection.immutable.List.flatMap(List.scala:294)
	at scala.meta.internal.mtags.SymbolIndexBucket.query0(SymbolIndexBucket.scala:238)
	at scala.meta.internal.mtags.SymbolIndexBucket.query(SymbolIndexBucket.scala:189)
	at scala.meta.internal.mtags.OnDemandSymbolIndex.$anonfun$findSymbolDefinition$1(OnDemandSymbolIndex.scala:142)
	at scala.collection.immutable.List.flatMap(List.scala:294)
	at scala.meta.internal.mtags.OnDemandSymbolIndex.findSymbolDefinition(OnDemandSymbolIndex.scala:142)
	at scala.meta.internal.mtags.OnDemandSymbolIndex.definition(OnDemandSymbolIndex.scala:48)
	at scala.meta.internal.metals.Docstrings.indexSymbol(Docstrings.scala:138)
	at scala.meta.internal.metals.Docstrings.documentation(Docstrings.scala:49)
	at scala.meta.internal.metals.MetalsSymbolSearch.documentation(MetalsSymbolSearch.scala:51)
	at scala.meta.internal.pc.JavaHoverProvider.documentation(JavaHoverProvider.scala:205)
	at scala.meta.internal.pc.JavaHoverProvider.$anonfun$hoverOffset$1(JavaHoverProvider.scala:72)
	at scala.Option.map(Option.scala:242)
	at scala.meta.internal.pc.JavaHoverProvider.hoverOffset(JavaHoverProvider.scala:68)
	at scala.meta.internal.pc.JavaHoverProvider.hover(JavaHoverProvider.scala:44)
	at scala.meta.internal.pc.JavaPresentationCompiler.hover(JavaPresentationCompiler.scala:77)
	at scala.meta.internal.metals.Compilers.$anonfun$hover$1(Compilers.scala:1023)
	at scala.meta.internal.metals.Compilers.$anonfun$withPCAndAdjustLsp$12(Compilers.scala:1509)
	at scala.Option.map(Option.scala:242)
	at scala.meta.internal.metals.Compilers.$anonfun$withPCAndAdjustLsp$10(Compilers.scala:1509)
	at scala.Option.flatMap(Option.scala:283)
	at scala.meta.internal.metals.Compilers.withPCAndAdjustLsp(Compilers.scala:1491)
	at scala.meta.internal.metals.Compilers.hover(Compilers.scala:1018)
	at scala.meta.internal.metals.MetalsLspService.$anonfun$hover$1(MetalsLspService.scala:949)
	at scala.meta.internal.metals.CancelTokens$.future(CancelTokens.scala:38)
	at scala.meta.internal.metals.MetalsLspService.hover(MetalsLspService.scala:947)
	at scala.meta.internal.metals.WorkspaceLspService.hover(WorkspaceLspService.scala:517)
	at scala.meta.metals.lsp.DelegatingScalaService.hover(DelegatingScalaService.scala:78)
	at jdk.internal.reflect.GeneratedMethodAccessor8.invoke(Unknown Source)
	at java.base/jdk.internal.reflect.DelegatingMethodAccessorImpl.invoke(DelegatingMethodAccessorImpl.java:43)
	at java.base/java.lang.reflect.Method.invoke(Method.java:569)
	at org.eclipse.lsp4j.jsonrpc.services.GenericEndpoint.lambda$recursiveFindRpcMethods$0(GenericEndpoint.java:65)
	at org.eclipse.lsp4j.jsonrpc.services.GenericEndpoint.request(GenericEndpoint.java:128)
	at org.eclipse.lsp4j.jsonrpc.RemoteEndpoint.handleRequest(RemoteEndpoint.java:271)
	at org.eclipse.lsp4j.jsonrpc.RemoteEndpoint.consume(RemoteEndpoint.java:201)
	at org.eclipse.lsp4j.jsonrpc.json.StreamMessageProducer.handleMessage(StreamMessageProducer.java:185)
	at org.eclipse.lsp4j.jsonrpc.json.StreamMessageProducer.listen(StreamMessageProducer.java:97)
	at org.eclipse.lsp4j.jsonrpc.json.ConcurrentMessageProcessor.run(ConcurrentMessageProcessor.java:114)
	at java.base/java.util.concurrent.Executors$RunnableAdapter.call(Executors.java:539)
	at java.base/java.util.concurrent.FutureTask.run(FutureTask.java:264)
	at java.base/java.util.concurrent.ThreadPoolExecutor.runWorker(ThreadPoolExecutor.java:1136)
	at java.base/java.util.concurrent.ThreadPoolExecutor$Worker.run(ThreadPoolExecutor.java:635)
	at java.base/java.lang.Thread.run(Thread.java:840)

Jul 28, 2025 6:34:43 PM scala.meta.internal.mtags.SymbolIndexBucket addMtagsSourceFile
WARNING: Error indexing /home/bs01463/Desktop/java/play-3/app/repositories/ProductyRepository.java
java.nio.file.NoSuchFileException: /home/bs01463/Desktop/java/play-3/app/repositories/ProductyRepository.java
	at java.base/sun.nio.fs.UnixException.translateToIOException(UnixException.java:92)
	at java.base/sun.nio.fs.UnixException.rethrowAsIOException(UnixException.java:106)
	at java.base/sun.nio.fs.UnixException.rethrowAsIOException(UnixException.java:111)
	at java.base/sun.nio.fs.UnixFileSystemProvider.newByteChannel(UnixFileSystemProvider.java:218)
	at java.base/java.nio.file.Files.newByteChannel(Files.java:380)
	at java.base/java.nio.file.Files.newByteChannel(Files.java:432)
	at java.base/java.nio.file.Files.readAllBytes(Files.java:3288)
	at scala.meta.internal.io.PlatformFileIO$.slurp(PlatformFileIO.scala:42)
	at scala.meta.internal.io.FileIO$.slurp(FileIO.scala:18)
	at scala.meta.internal.mtags.ScalametaCommonEnrichments$XtensionAbsolutePath.toInput(ScalametaCommonEnrichments.scala:465)
	at scala.meta.internal.mtags.Mtags.index(Mtags.scala:96)
	at scala.meta.internal.mtags.Mtags.allSymbols(Mtags.scala:21)
	at scala.meta.internal.mtags.SymbolIndexBucket.allSymbols(SymbolIndexBucket.scala:289)
	at scala.meta.internal.mtags.SymbolIndexBucket.addMtagsSourceFile(SymbolIndexBucket.scala:300)
	at scala.meta.internal.mtags.SymbolIndexBucket.addMtagsSourceFile(SymbolIndexBucket.scala:311)
	at scala.meta.internal.mtags.SymbolIndexBucket.$anonfun$query0$1(SymbolIndexBucket.scala:216)
	at scala.meta.internal.mtags.SymbolIndexBucket.$anonfun$query0$1$adapted(SymbolIndexBucket.scala:216)
	at scala.collection.immutable.Set$Set2.foreach(Set.scala:210)
	at scala.meta.internal.mtags.SymbolIndexBucket.query0(SymbolIndexBucket.scala:216)
	at scala.meta.internal.mtags.SymbolIndexBucket.$anonfun$query0$8(SymbolIndexBucket.scala:238)
	at scala.collection.immutable.List.flatMap(List.scala:294)
	at scala.meta.internal.mtags.SymbolIndexBucket.query0(SymbolIndexBucket.scala:238)
	at scala.meta.internal.mtags.SymbolIndexBucket.query(SymbolIndexBucket.scala:189)
	at scala.meta.internal.mtags.OnDemandSymbolIndex.$anonfun$findSymbolDefinition$1(OnDemandSymbolIndex.scala:142)
	at scala.collection.immutable.List.flatMap(List.scala:294)
	at scala.meta.internal.mtags.OnDemandSymbolIndex.findSymbolDefinition(OnDemandSymbolIndex.scala:142)
	at scala.meta.internal.mtags.OnDemandSymbolIndex.definition(OnDemandSymbolIndex.scala:48)
	at scala.meta.internal.metals.Docstrings.indexSymbol(Docstrings.scala:138)
	at scala.meta.internal.metals.Docstrings.documentation(Docstrings.scala:49)
	at scala.meta.internal.metals.MetalsSymbolSearch.documentation(MetalsSymbolSearch.scala:51)
	at scala.meta.internal.pc.JavaHoverProvider.documentation(JavaHoverProvider.scala:205)
	at scala.meta.internal.pc.JavaHoverProvider.$anonfun$hoverOffset$1(JavaHoverProvider.scala:72)
	at scala.Option.map(Option.scala:242)
	at scala.meta.internal.pc.JavaHoverProvider.hoverOffset(JavaHoverProvider.scala:68)
	at scala.meta.internal.pc.JavaHoverProvider.hover(JavaHoverProvider.scala:44)
	at scala.meta.internal.pc.JavaPresentationCompiler.hover(JavaPresentationCompiler.scala:77)
	at scala.meta.internal.metals.Compilers.$anonfun$hover$1(Compilers.scala:1023)
	at scala.meta.internal.metals.Compilers.$anonfun$withPCAndAdjustLsp$12(Compilers.scala:1509)
	at scala.Option.map(Option.scala:242)
	at scala.meta.internal.metals.Compilers.$anonfun$withPCAndAdjustLsp$10(Compilers.scala:1509)
	at scala.Option.flatMap(Option.scala:283)
	at scala.meta.internal.metals.Compilers.withPCAndAdjustLsp(Compilers.scala:1491)
	at scala.meta.internal.metals.Compilers.hover(Compilers.scala:1018)
	at scala.meta.internal.metals.MetalsLspService.$anonfun$hover$1(MetalsLspService.scala:949)
	at scala.meta.internal.metals.CancelTokens$.future(CancelTokens.scala:38)
	at scala.meta.internal.metals.MetalsLspService.hover(MetalsLspService.scala:947)
	at scala.meta.internal.metals.WorkspaceLspService.hover(WorkspaceLspService.scala:517)
	at scala.meta.metals.lsp.DelegatingScalaService.hover(DelegatingScalaService.scala:78)
	at jdk.internal.reflect.GeneratedMethodAccessor8.invoke(Unknown Source)
	at java.base/jdk.internal.reflect.DelegatingMethodAccessorImpl.invoke(DelegatingMethodAccessorImpl.java:43)
	at java.base/java.lang.reflect.Method.invoke(Method.java:569)
	at org.eclipse.lsp4j.jsonrpc.services.GenericEndpoint.lambda$recursiveFindRpcMethods$0(GenericEndpoint.java:65)
	at org.eclipse.lsp4j.jsonrpc.services.GenericEndpoint.request(GenericEndpoint.java:128)
	at org.eclipse.lsp4j.jsonrpc.RemoteEndpoint.handleRequest(RemoteEndpoint.java:271)
	at org.eclipse.lsp4j.jsonrpc.RemoteEndpoint.consume(RemoteEndpoint.java:201)
	at org.eclipse.lsp4j.jsonrpc.json.StreamMessageProducer.handleMessage(StreamMessageProducer.java:185)
	at org.eclipse.lsp4j.jsonrpc.json.StreamMessageProducer.listen(StreamMessageProducer.java:97)
	at org.eclipse.lsp4j.jsonrpc.json.ConcurrentMessageProcessor.run(ConcurrentMessageProcessor.java:114)
	at java.base/java.util.concurrent.Executors$RunnableAdapter.call(Executors.java:539)
	at java.base/java.util.concurrent.FutureTask.run(FutureTask.java:264)
	at java.base/java.util.concurrent.ThreadPoolExecutor.runWorker(ThreadPoolExecutor.java:1136)
	at java.base/java.util.concurrent.ThreadPoolExecutor$Worker.run(ThreadPoolExecutor.java:635)
	at java.base/java.lang.Thread.run(Thread.java:840)

2025.07.28 18:35:00 INFO  compiling root (1 java source)[0m
2025.07.28 18:35:02 WARN  javac exited with exit code 1[0m
2025.07.28 18:35:02 INFO  time: compiled root in 1.68s[0m
2025.07.28 18:35:17 INFO  compiling root (2 java sources)[0m
2025.07.28 18:35:18 WARN  javac exited with exit code 1[0m
2025.07.28 18:35:18 INFO  time: compiled root in 1.62s[0m
2025.07.28 18:35:26 INFO  compiling root (2 java sources)[0m
2025.07.28 18:35:27 INFO  time: compiled root in 1.51s[0m
2025.07.28 18:35:27 INFO  compiling root (3 java sources)[0m
2025.07.28 18:35:29 WARN  javac exited with exit code 1[0m
2025.07.28 18:35:29 INFO  time: compiled root in 1.82s[0m
Jul 28, 2025 6:36:30 PM scala.meta.internal.mtags.SymbolIndexBucket addMtagsSourceFile
WARNING: Error indexing /home/bs01463/Desktop/java/play-3/app/repositories/ProductyRepository.java
java.nio.file.NoSuchFileException: /home/bs01463/Desktop/java/play-3/app/repositories/ProductyRepository.java
	at java.base/sun.nio.fs.UnixException.translateToIOException(UnixException.java:92)
	at java.base/sun.nio.fs.UnixException.rethrowAsIOException(UnixException.java:106)
	at java.base/sun.nio.fs.UnixException.rethrowAsIOException(UnixException.java:111)
	at java.base/sun.nio.fs.UnixFileSystemProvider.newByteChannel(UnixFileSystemProvider.java:218)
	at java.base/java.nio.file.Files.newByteChannel(Files.java:380)
	at java.base/java.nio.file.Files.newByteChannel(Files.java:432)
	at java.base/java.nio.file.Files.readAllBytes(Files.java:3288)
	at scala.meta.internal.io.PlatformFileIO$.slurp(PlatformFileIO.scala:42)
	at scala.meta.internal.io.FileIO$.slurp(FileIO.scala:18)
	at scala.meta.internal.mtags.ScalametaCommonEnrichments$XtensionAbsolutePath.toInput(ScalametaCommonEnrichments.scala:465)
	at scala.meta.internal.mtags.Mtags.index(Mtags.scala:96)
	at scala.meta.internal.mtags.Mtags.allSymbols(Mtags.scala:21)
	at scala.meta.internal.mtags.SymbolIndexBucket.allSymbols(SymbolIndexBucket.scala:289)
	at scala.meta.internal.mtags.SymbolIndexBucket.addMtagsSourceFile(SymbolIndexBucket.scala:300)
	at scala.meta.internal.mtags.SymbolIndexBucket.$anonfun$query0$1(SymbolIndexBucket.scala:216)
	at scala.meta.internal.mtags.SymbolIndexBucket.$anonfun$query0$1$adapted(SymbolIndexBucket.scala:216)
	at scala.collection.immutable.Set$Set2.foreach(Set.scala:210)
	at scala.meta.internal.mtags.SymbolIndexBucket.query0(SymbolIndexBucket.scala:216)
	at scala.meta.internal.mtags.SymbolIndexBucket.query(SymbolIndexBucket.scala:189)
	at scala.meta.internal.mtags.OnDemandSymbolIndex.$anonfun$findSymbolDefinition$1(OnDemandSymbolIndex.scala:142)
	at scala.collection.immutable.List.flatMap(List.scala:294)
	at scala.meta.internal.mtags.OnDemandSymbolIndex.findSymbolDefinition(OnDemandSymbolIndex.scala:142)
	at scala.meta.internal.mtags.OnDemandSymbolIndex.definition(OnDemandSymbolIndex.scala:48)
	at scala.meta.internal.metals.Docstrings.indexSymbol(Docstrings.scala:138)
	at scala.meta.internal.metals.Docstrings.documentation(Docstrings.scala:49)
	at scala.meta.internal.metals.MetalsSymbolSearch.documentation(MetalsSymbolSearch.scala:51)
	at scala.meta.internal.pc.JavaHoverProvider.documentation(JavaHoverProvider.scala:205)
	at scala.meta.internal.pc.JavaHoverProvider.$anonfun$hoverOffset$1(JavaHoverProvider.scala:72)
	at scala.Option.map(Option.scala:242)
	at scala.meta.internal.pc.JavaHoverProvider.hoverOffset(JavaHoverProvider.scala:68)
	at scala.meta.internal.pc.JavaHoverProvider.hover(JavaHoverProvider.scala:44)
	at scala.meta.internal.pc.JavaPresentationCompiler.hover(JavaPresentationCompiler.scala:77)
	at scala.meta.internal.metals.Compilers.$anonfun$hover$1(Compilers.scala:1023)
	at scala.meta.internal.metals.Compilers.$anonfun$withPCAndAdjustLsp$12(Compilers.scala:1509)
	at scala.Option.map(Option.scala:242)
	at scala.meta.internal.metals.Compilers.$anonfun$withPCAndAdjustLsp$10(Compilers.scala:1509)
	at scala.Option.flatMap(Option.scala:283)
	at scala.meta.internal.metals.Compilers.withPCAndAdjustLsp(Compilers.scala:1491)
	at scala.meta.internal.metals.Compilers.hover(Compilers.scala:1018)
	at scala.meta.internal.metals.MetalsLspService.$anonfun$hover$1(MetalsLspService.scala:949)
	at scala.meta.internal.metals.CancelTokens$.future(CancelTokens.scala:38)
	at scala.meta.internal.metals.MetalsLspService.hover(MetalsLspService.scala:947)
	at scala.meta.internal.metals.WorkspaceLspService.hover(WorkspaceLspService.scala:517)
	at scala.meta.metals.lsp.DelegatingScalaService.hover(DelegatingScalaService.scala:78)
	at jdk.internal.reflect.GeneratedMethodAccessor8.invoke(Unknown Source)
	at java.base/jdk.internal.reflect.DelegatingMethodAccessorImpl.invoke(DelegatingMethodAccessorImpl.java:43)
	at java.base/java.lang.reflect.Method.invoke(Method.java:569)
	at org.eclipse.lsp4j.jsonrpc.services.GenericEndpoint.lambda$recursiveFindRpcMethods$0(GenericEndpoint.java:65)
	at org.eclipse.lsp4j.jsonrpc.services.GenericEndpoint.request(GenericEndpoint.java:128)
	at org.eclipse.lsp4j.jsonrpc.RemoteEndpoint.handleRequest(RemoteEndpoint.java:271)
	at org.eclipse.lsp4j.jsonrpc.RemoteEndpoint.consume(RemoteEndpoint.java:201)
	at org.eclipse.lsp4j.jsonrpc.json.StreamMessageProducer.handleMessage(StreamMessageProducer.java:185)
	at org.eclipse.lsp4j.jsonrpc.json.StreamMessageProducer.listen(StreamMessageProducer.java:97)
	at org.eclipse.lsp4j.jsonrpc.json.ConcurrentMessageProcessor.run(ConcurrentMessageProcessor.java:114)
	at java.base/java.util.concurrent.Executors$RunnableAdapter.call(Executors.java:539)
	at java.base/java.util.concurrent.FutureTask.run(FutureTask.java:264)
	at java.base/java.util.concurrent.ThreadPoolExecutor.runWorker(ThreadPoolExecutor.java:1136)
	at java.base/java.util.concurrent.ThreadPoolExecutor$Worker.run(ThreadPoolExecutor.java:635)
	at java.base/java.lang.Thread.run(Thread.java:840)

Jul 28, 2025 6:36:30 PM scala.meta.internal.mtags.SymbolIndexBucket addMtagsSourceFile
WARNING: Error indexing /home/bs01463/Desktop/java/play-3/app/repositories/ProductyRepository.java
java.nio.file.NoSuchFileException: /home/bs01463/Desktop/java/play-3/app/repositories/ProductyRepository.java
	at java.base/sun.nio.fs.UnixException.translateToIOException(UnixException.java:92)
	at java.base/sun.nio.fs.UnixException.rethrowAsIOException(UnixException.java:106)
	at java.base/sun.nio.fs.UnixException.rethrowAsIOException(UnixException.java:111)
	at java.base/sun.nio.fs.UnixFileSystemProvider.newByteChannel(UnixFileSystemProvider.java:218)
	at java.base/java.nio.file.Files.newByteChannel(Files.java:380)
	at java.base/java.nio.file.Files.newByteChannel(Files.java:432)
	at java.base/java.nio.file.Files.readAllBytes(Files.java:3288)
	at scala.meta.internal.io.PlatformFileIO$.slurp(PlatformFileIO.scala:42)
	at scala.meta.internal.io.FileIO$.slurp(FileIO.scala:18)
	at scala.meta.internal.mtags.ScalametaCommonEnrichments$XtensionAbsolutePath.toInput(ScalametaCommonEnrichments.scala:465)
	at scala.meta.internal.mtags.Mtags.index(Mtags.scala:96)
	at scala.meta.internal.mtags.Mtags.allSymbols(Mtags.scala:21)
	at scala.meta.internal.mtags.SymbolIndexBucket.allSymbols(SymbolIndexBucket.scala:289)
	at scala.meta.internal.mtags.SymbolIndexBucket.addMtagsSourceFile(SymbolIndexBucket.scala:300)
	at scala.meta.internal.mtags.SymbolIndexBucket.addMtagsSourceFile(SymbolIndexBucket.scala:311)
	at scala.meta.internal.mtags.SymbolIndexBucket.$anonfun$query0$1(SymbolIndexBucket.scala:216)
	at scala.meta.internal.mtags.SymbolIndexBucket.$anonfun$query0$1$adapted(SymbolIndexBucket.scala:216)
	at scala.collection.immutable.Set$Set2.foreach(Set.scala:210)
	at scala.meta.internal.mtags.SymbolIndexBucket.query0(SymbolIndexBucket.scala:216)
	at scala.meta.internal.mtags.SymbolIndexBucket.query(SymbolIndexBucket.scala:189)
	at scala.meta.internal.mtags.OnDemandSymbolIndex.$anonfun$findSymbolDefinition$1(OnDemandSymbolIndex.scala:142)
	at scala.collection.immutable.List.flatMap(List.scala:294)
	at scala.meta.internal.mtags.OnDemandSymbolIndex.findSymbolDefinition(OnDemandSymbolIndex.scala:142)
	at scala.meta.internal.mtags.OnDemandSymbolIndex.definition(OnDemandSymbolIndex.scala:48)
	at scala.meta.internal.metals.Docstrings.indexSymbol(Docstrings.scala:138)
	at scala.meta.internal.metals.Docstrings.documentation(Docstrings.scala:49)
	at scala.meta.internal.metals.MetalsSymbolSearch.documentation(MetalsSymbolSearch.scala:51)
	at scala.meta.internal.pc.JavaHoverProvider.documentation(JavaHoverProvider.scala:205)
	at scala.meta.internal.pc.JavaHoverProvider.$anonfun$hoverOffset$1(JavaHoverProvider.scala:72)
	at scala.Option.map(Option.scala:242)
	at scala.meta.internal.pc.JavaHoverProvider.hoverOffset(JavaHoverProvider.scala:68)
	at scala.meta.internal.pc.JavaHoverProvider.hover(JavaHoverProvider.scala:44)
	at scala.meta.internal.pc.JavaPresentationCompiler.hover(JavaPresentationCompiler.scala:77)
	at scala.meta.internal.metals.Compilers.$anonfun$hover$1(Compilers.scala:1023)
	at scala.meta.internal.metals.Compilers.$anonfun$withPCAndAdjustLsp$12(Compilers.scala:1509)
	at scala.Option.map(Option.scala:242)
	at scala.meta.internal.metals.Compilers.$anonfun$withPCAndAdjustLsp$10(Compilers.scala:1509)
	at scala.Option.flatMap(Option.scala:283)
	at scala.meta.internal.metals.Compilers.withPCAndAdjustLsp(Compilers.scala:1491)
	at scala.meta.internal.metals.Compilers.hover(Compilers.scala:1018)
	at scala.meta.internal.metals.MetalsLspService.$anonfun$hover$1(MetalsLspService.scala:949)
	at scala.meta.internal.metals.CancelTokens$.future(CancelTokens.scala:38)
	at scala.meta.internal.metals.MetalsLspService.hover(MetalsLspService.scala:947)
	at scala.meta.internal.metals.WorkspaceLspService.hover(WorkspaceLspService.scala:517)
	at scala.meta.metals.lsp.DelegatingScalaService.hover(DelegatingScalaService.scala:78)
	at jdk.internal.reflect.GeneratedMethodAccessor8.invoke(Unknown Source)
	at java.base/jdk.internal.reflect.DelegatingMethodAccessorImpl.invoke(DelegatingMethodAccessorImpl.java:43)
	at java.base/java.lang.reflect.Method.invoke(Method.java:569)
	at org.eclipse.lsp4j.jsonrpc.services.GenericEndpoint.lambda$recursiveFindRpcMethods$0(GenericEndpoint.java:65)
	at org.eclipse.lsp4j.jsonrpc.services.GenericEndpoint.request(GenericEndpoint.java:128)
	at org.eclipse.lsp4j.jsonrpc.RemoteEndpoint.handleRequest(RemoteEndpoint.java:271)
	at org.eclipse.lsp4j.jsonrpc.RemoteEndpoint.consume(RemoteEndpoint.java:201)
	at org.eclipse.lsp4j.jsonrpc.json.StreamMessageProducer.handleMessage(StreamMessageProducer.java:185)
	at org.eclipse.lsp4j.jsonrpc.json.StreamMessageProducer.listen(StreamMessageProducer.java:97)
	at org.eclipse.lsp4j.jsonrpc.json.ConcurrentMessageProcessor.run(ConcurrentMessageProcessor.java:114)
	at java.base/java.util.concurrent.Executors$RunnableAdapter.call(Executors.java:539)
	at java.base/java.util.concurrent.FutureTask.run(FutureTask.java:264)
	at java.base/java.util.concurrent.ThreadPoolExecutor.runWorker(ThreadPoolExecutor.java:1136)
	at java.base/java.util.concurrent.ThreadPoolExecutor$Worker.run(ThreadPoolExecutor.java:635)
	at java.base/java.lang.Thread.run(Thread.java:840)

Jul 28, 2025 6:36:30 PM scala.meta.internal.mtags.SymbolIndexBucket addMtagsSourceFile
WARNING: Error indexing /home/bs01463/Desktop/java/play-3/app/repositories/ProductyRepository.java
java.nio.file.NoSuchFileException: /home/bs01463/Desktop/java/play-3/app/repositories/ProductyRepository.java
	at java.base/sun.nio.fs.UnixException.translateToIOException(UnixException.java:92)
	at java.base/sun.nio.fs.UnixException.rethrowAsIOException(UnixException.java:106)
	at java.base/sun.nio.fs.UnixException.rethrowAsIOException(UnixException.java:111)
	at java.base/sun.nio.fs.UnixFileSystemProvider.newByteChannel(UnixFileSystemProvider.java:218)
	at java.base/java.nio.file.Files.newByteChannel(Files.java:380)
	at java.base/java.nio.file.Files.newByteChannel(Files.java:432)
	at java.base/java.nio.file.Files.readAllBytes(Files.java:3288)
	at scala.meta.internal.io.PlatformFileIO$.slurp(PlatformFileIO.scala:42)
	at scala.meta.internal.io.FileIO$.slurp(FileIO.scala:18)
	at scala.meta.internal.mtags.ScalametaCommonEnrichments$XtensionAbsolutePath.toInput(ScalametaCommonEnrichments.scala:465)
	at scala.meta.internal.mtags.Mtags.index(Mtags.scala:96)
	at scala.meta.internal.mtags.Mtags.allSymbols(Mtags.scala:21)
	at scala.meta.internal.mtags.SymbolIndexBucket.allSymbols(SymbolIndexBucket.scala:289)
	at scala.meta.internal.mtags.SymbolIndexBucket.addMtagsSourceFile(SymbolIndexBucket.scala:300)
	at scala.meta.internal.mtags.SymbolIndexBucket.$anonfun$query0$1(SymbolIndexBucket.scala:216)
	at scala.meta.internal.mtags.SymbolIndexBucket.$anonfun$query0$1$adapted(SymbolIndexBucket.scala:216)
	at scala.collection.immutable.Set$Set2.foreach(Set.scala:210)
	at scala.meta.internal.mtags.SymbolIndexBucket.query0(SymbolIndexBucket.scala:216)
	at scala.meta.internal.mtags.SymbolIndexBucket.$anonfun$query0$8(SymbolIndexBucket.scala:238)
	at scala.collection.immutable.List.flatMap(List.scala:294)
	at scala.meta.internal.mtags.SymbolIndexBucket.query0(SymbolIndexBucket.scala:238)
	at scala.meta.internal.mtags.SymbolIndexBucket.query(SymbolIndexBucket.scala:189)
	at scala.meta.internal.mtags.OnDemandSymbolIndex.$anonfun$findSymbolDefinition$1(OnDemandSymbolIndex.scala:142)
	at scala.collection.immutable.List.flatMap(List.scala:294)
	at scala.meta.internal.mtags.OnDemandSymbolIndex.findSymbolDefinition(OnDemandSymbolIndex.scala:142)
	at scala.meta.internal.mtags.OnDemandSymbolIndex.definition(OnDemandSymbolIndex.scala:48)
	at scala.meta.internal.metals.Docstrings.indexSymbol(Docstrings.scala:138)
	at scala.meta.internal.metals.Docstrings.documentation(Docstrings.scala:49)
	at scala.meta.internal.metals.MetalsSymbolSearch.documentation(MetalsSymbolSearch.scala:51)
	at scala.meta.internal.pc.JavaHoverProvider.documentation(JavaHoverProvider.scala:205)
	at scala.meta.internal.pc.JavaHoverProvider.$anonfun$hoverOffset$1(JavaHoverProvider.scala:72)
	at scala.Option.map(Option.scala:242)
	at scala.meta.internal.pc.JavaHoverProvider.hoverOffset(JavaHoverProvider.scala:68)
	at scala.meta.internal.pc.JavaHoverProvider.hover(JavaHoverProvider.scala:44)
	at scala.meta.internal.pc.JavaPresentationCompiler.hover(JavaPresentationCompiler.scala:77)
	at scala.meta.internal.metals.Compilers.$anonfun$hover$1(Compilers.scala:1023)
	at scala.meta.internal.metals.Compilers.$anonfun$withPCAndAdjustLsp$12(Compilers.scala:1509)
	at scala.Option.map(Option.scala:242)
	at scala.meta.internal.metals.Compilers.$anonfun$withPCAndAdjustLsp$10(Compilers.scala:1509)
	at scala.Option.flatMap(Option.scala:283)
	at scala.meta.internal.metals.Compilers.withPCAndAdjustLsp(Compilers.scala:1491)
	at scala.meta.internal.metals.Compilers.hover(Compilers.scala:1018)
	at scala.meta.internal.metals.MetalsLspService.$anonfun$hover$1(MetalsLspService.scala:949)
	at scala.meta.internal.metals.CancelTokens$.future(CancelTokens.scala:38)
	at scala.meta.internal.metals.MetalsLspService.hover(MetalsLspService.scala:947)
	at scala.meta.internal.metals.WorkspaceLspService.hover(WorkspaceLspService.scala:517)
	at scala.meta.metals.lsp.DelegatingScalaService.hover(DelegatingScalaService.scala:78)
	at jdk.internal.reflect.GeneratedMethodAccessor8.invoke(Unknown Source)
	at java.base/jdk.internal.reflect.DelegatingMethodAccessorImpl.invoke(DelegatingMethodAccessorImpl.java:43)
	at java.base/java.lang.reflect.Method.invoke(Method.java:569)
	at org.eclipse.lsp4j.jsonrpc.services.GenericEndpoint.lambda$recursiveFindRpcMethods$0(GenericEndpoint.java:65)
	at org.eclipse.lsp4j.jsonrpc.services.GenericEndpoint.request(GenericEndpoint.java:128)
	at org.eclipse.lsp4j.jsonrpc.RemoteEndpoint.handleRequest(RemoteEndpoint.java:271)
	at org.eclipse.lsp4j.jsonrpc.RemoteEndpoint.consume(RemoteEndpoint.java:201)
	at org.eclipse.lsp4j.jsonrpc.json.StreamMessageProducer.handleMessage(StreamMessageProducer.java:185)
	at org.eclipse.lsp4j.jsonrpc.json.StreamMessageProducer.listen(StreamMessageProducer.java:97)
	at org.eclipse.lsp4j.jsonrpc.json.ConcurrentMessageProcessor.run(ConcurrentMessageProcessor.java:114)
	at java.base/java.util.concurrent.Executors$RunnableAdapter.call(Executors.java:539)
	at java.base/java.util.concurrent.FutureTask.run(FutureTask.java:264)
	at java.base/java.util.concurrent.ThreadPoolExecutor.runWorker(ThreadPoolExecutor.java:1136)
	at java.base/java.util.concurrent.ThreadPoolExecutor$Worker.run(ThreadPoolExecutor.java:635)
	at java.base/java.lang.Thread.run(Thread.java:840)

Jul 28, 2025 6:36:30 PM scala.meta.internal.mtags.SymbolIndexBucket addMtagsSourceFile
WARNING: Error indexing /home/bs01463/Desktop/java/play-3/app/repositories/ProductyRepository.java
java.nio.file.NoSuchFileException: /home/bs01463/Desktop/java/play-3/app/repositories/ProductyRepository.java
	at java.base/sun.nio.fs.UnixException.translateToIOException(UnixException.java:92)
	at java.base/sun.nio.fs.UnixException.rethrowAsIOException(UnixException.java:106)
	at java.base/sun.nio.fs.UnixException.rethrowAsIOException(UnixException.java:111)
	at java.base/sun.nio.fs.UnixFileSystemProvider.newByteChannel(UnixFileSystemProvider.java:218)
	at java.base/java.nio.file.Files.newByteChannel(Files.java:380)
	at java.base/java.nio.file.Files.newByteChannel(Files.java:432)
	at java.base/java.nio.file.Files.readAllBytes(Files.java:3288)
	at scala.meta.internal.io.PlatformFileIO$.slurp(PlatformFileIO.scala:42)
	at scala.meta.internal.io.FileIO$.slurp(FileIO.scala:18)
	at scala.meta.internal.mtags.ScalametaCommonEnrichments$XtensionAbsolutePath.toInput(ScalametaCommonEnrichments.scala:465)
	at scala.meta.internal.mtags.Mtags.index(Mtags.scala:96)
	at scala.meta.internal.mtags.Mtags.allSymbols(Mtags.scala:21)
	at scala.meta.internal.mtags.SymbolIndexBucket.allSymbols(SymbolIndexBucket.scala:289)
	at scala.meta.internal.mtags.SymbolIndexBucket.addMtagsSourceFile(SymbolIndexBucket.scala:300)
	at scala.meta.internal.mtags.SymbolIndexBucket.addMtagsSourceFile(SymbolIndexBucket.scala:311)
	at scala.meta.internal.mtags.SymbolIndexBucket.$anonfun$query0$1(SymbolIndexBucket.scala:216)
	at scala.meta.internal.mtags.SymbolIndexBucket.$anonfun$query0$1$adapted(SymbolIndexBucket.scala:216)
	at scala.collection.immutable.Set$Set2.foreach(Set.scala:210)
	at scala.meta.internal.mtags.SymbolIndexBucket.query0(SymbolIndexBucket.scala:216)
	at scala.meta.internal.mtags.SymbolIndexBucket.$anonfun$query0$8(SymbolIndexBucket.scala:238)
	at scala.collection.immutable.List.flatMap(List.scala:294)
	at scala.meta.internal.mtags.SymbolIndexBucket.query0(SymbolIndexBucket.scala:238)
	at scala.meta.internal.mtags.SymbolIndexBucket.query(SymbolIndexBucket.scala:189)
	at scala.meta.internal.mtags.OnDemandSymbolIndex.$anonfun$findSymbolDefinition$1(OnDemandSymbolIndex.scala:142)
	at scala.collection.immutable.List.flatMap(List.scala:294)
	at scala.meta.internal.mtags.OnDemandSymbolIndex.findSymbolDefinition(OnDemandSymbolIndex.scala:142)
	at scala.meta.internal.mtags.OnDemandSymbolIndex.definition(OnDemandSymbolIndex.scala:48)
	at scala.meta.internal.metals.Docstrings.indexSymbol(Docstrings.scala:138)
	at scala.meta.internal.metals.Docstrings.documentation(Docstrings.scala:49)
	at scala.meta.internal.metals.MetalsSymbolSearch.documentation(MetalsSymbolSearch.scala:51)
	at scala.meta.internal.pc.JavaHoverProvider.documentation(JavaHoverProvider.scala:205)
	at scala.meta.internal.pc.JavaHoverProvider.$anonfun$hoverOffset$1(JavaHoverProvider.scala:72)
	at scala.Option.map(Option.scala:242)
	at scala.meta.internal.pc.JavaHoverProvider.hoverOffset(JavaHoverProvider.scala:68)
	at scala.meta.internal.pc.JavaHoverProvider.hover(JavaHoverProvider.scala:44)
	at scala.meta.internal.pc.JavaPresentationCompiler.hover(JavaPresentationCompiler.scala:77)
	at scala.meta.internal.metals.Compilers.$anonfun$hover$1(Compilers.scala:1023)
	at scala.meta.internal.metals.Compilers.$anonfun$withPCAndAdjustLsp$12(Compilers.scala:1509)
	at scala.Option.map(Option.scala:242)
	at scala.meta.internal.metals.Compilers.$anonfun$withPCAndAdjustLsp$10(Compilers.scala:1509)
	at scala.Option.flatMap(Option.scala:283)
	at scala.meta.internal.metals.Compilers.withPCAndAdjustLsp(Compilers.scala:1491)
	at scala.meta.internal.metals.Compilers.hover(Compilers.scala:1018)
	at scala.meta.internal.metals.MetalsLspService.$anonfun$hover$1(MetalsLspService.scala:949)
	at scala.meta.internal.metals.CancelTokens$.future(CancelTokens.scala:38)
	at scala.meta.internal.metals.MetalsLspService.hover(MetalsLspService.scala:947)
	at scala.meta.internal.metals.WorkspaceLspService.hover(WorkspaceLspService.scala:517)
	at scala.meta.metals.lsp.DelegatingScalaService.hover(DelegatingScalaService.scala:78)
	at jdk.internal.reflect.GeneratedMethodAccessor8.invoke(Unknown Source)
	at java.base/jdk.internal.reflect.DelegatingMethodAccessorImpl.invoke(DelegatingMethodAccessorImpl.java:43)
	at java.base/java.lang.reflect.Method.invoke(Method.java:569)
	at org.eclipse.lsp4j.jsonrpc.services.GenericEndpoint.lambda$recursiveFindRpcMethods$0(GenericEndpoint.java:65)
	at org.eclipse.lsp4j.jsonrpc.services.GenericEndpoint.request(GenericEndpoint.java:128)
	at org.eclipse.lsp4j.jsonrpc.RemoteEndpoint.handleRequest(RemoteEndpoint.java:271)
	at org.eclipse.lsp4j.jsonrpc.RemoteEndpoint.consume(RemoteEndpoint.java:201)
	at org.eclipse.lsp4j.jsonrpc.json.StreamMessageProducer.handleMessage(StreamMessageProducer.java:185)
	at org.eclipse.lsp4j.jsonrpc.json.StreamMessageProducer.listen(StreamMessageProducer.java:97)
	at org.eclipse.lsp4j.jsonrpc.json.ConcurrentMessageProcessor.run(ConcurrentMessageProcessor.java:114)
	at java.base/java.util.concurrent.Executors$RunnableAdapter.call(Executors.java:539)
	at java.base/java.util.concurrent.FutureTask.run(FutureTask.java:264)
	at java.base/java.util.concurrent.ThreadPoolExecutor.runWorker(ThreadPoolExecutor.java:1136)
	at java.base/java.util.concurrent.ThreadPoolExecutor$Worker.run(ThreadPoolExecutor.java:635)
	at java.base/java.lang.Thread.run(Thread.java:840)

2025.07.28 18:36:37 INFO  compiling root (2 java sources)[0m
2025.07.28 18:36:39 WARN  javac exited with exit code 1[0m
2025.07.28 18:36:39 INFO  time: compiled root in 1.51s[0m
Jul 28, 2025 6:36:39 PM scala.meta.internal.mtags.SymbolIndexBucket addMtagsSourceFile
WARNING: Error indexing /home/bs01463/Desktop/java/play-3/app/repositories/ProductyRepository.java
java.nio.file.NoSuchFileException: /home/bs01463/Desktop/java/play-3/app/repositories/ProductyRepository.java
	at java.base/sun.nio.fs.UnixException.translateToIOException(UnixException.java:92)
	at java.base/sun.nio.fs.UnixException.rethrowAsIOException(UnixException.java:106)
	at java.base/sun.nio.fs.UnixException.rethrowAsIOException(UnixException.java:111)
	at java.base/sun.nio.fs.UnixFileSystemProvider.newByteChannel(UnixFileSystemProvider.java:218)
	at java.base/java.nio.file.Files.newByteChannel(Files.java:380)
	at java.base/java.nio.file.Files.newByteChannel(Files.java:432)
	at java.base/java.nio.file.Files.readAllBytes(Files.java:3288)
	at scala.meta.internal.io.PlatformFileIO$.slurp(PlatformFileIO.scala:42)
	at scala.meta.internal.io.FileIO$.slurp(FileIO.scala:18)
	at scala.meta.internal.mtags.ScalametaCommonEnrichments$XtensionAbsolutePath.toInput(ScalametaCommonEnrichments.scala:465)
	at scala.meta.internal.mtags.Mtags.index(Mtags.scala:96)
	at scala.meta.internal.mtags.Mtags.allSymbols(Mtags.scala:21)
	at scala.meta.internal.mtags.SymbolIndexBucket.allSymbols(SymbolIndexBucket.scala:289)
	at scala.meta.internal.mtags.SymbolIndexBucket.addMtagsSourceFile(SymbolIndexBucket.scala:300)
	at scala.meta.internal.mtags.SymbolIndexBucket.$anonfun$query0$1(SymbolIndexBucket.scala:216)
	at scala.meta.internal.mtags.SymbolIndexBucket.$anonfun$query0$1$adapted(SymbolIndexBucket.scala:216)
	at scala.collection.immutable.Set$Set2.foreach(Set.scala:210)
	at scala.meta.internal.mtags.SymbolIndexBucket.query0(SymbolIndexBucket.scala:216)
	at scala.meta.internal.mtags.SymbolIndexBucket.query(SymbolIndexBucket.scala:189)
	at scala.meta.internal.mtags.OnDemandSymbolIndex.$anonfun$findSymbolDefinition$1(OnDemandSymbolIndex.scala:142)
	at scala.collection.immutable.List.flatMap(List.scala:294)
	at scala.meta.internal.mtags.OnDemandSymbolIndex.findSymbolDefinition(OnDemandSymbolIndex.scala:142)
	at scala.meta.internal.mtags.OnDemandSymbolIndex.definition(OnDemandSymbolIndex.scala:48)
	at scala.meta.internal.metals.Docstrings.indexSymbol(Docstrings.scala:138)
	at scala.meta.internal.metals.Docstrings.documentation(Docstrings.scala:49)
	at scala.meta.internal.metals.MetalsSymbolSearch.documentation(MetalsSymbolSearch.scala:51)
	at scala.meta.internal.pc.JavaHoverProvider.documentation(JavaHoverProvider.scala:205)
	at scala.meta.internal.pc.JavaHoverProvider.$anonfun$hoverOffset$1(JavaHoverProvider.scala:72)
	at scala.Option.map(Option.scala:242)
	at scala.meta.internal.pc.JavaHoverProvider.hoverOffset(JavaHoverProvider.scala:68)
	at scala.meta.internal.pc.JavaHoverProvider.hover(JavaHoverProvider.scala:44)
	at scala.meta.internal.pc.JavaPresentationCompiler.hover(JavaPresentationCompiler.scala:77)
	at scala.meta.internal.metals.Compilers.$anonfun$hover$1(Compilers.scala:1023)
	at scala.meta.internal.metals.Compilers.$anonfun$withPCAndAdjustLsp$12(Compilers.scala:1509)
	at scala.Option.map(Option.scala:242)
	at scala.meta.internal.metals.Compilers.$anonfun$withPCAndAdjustLsp$10(Compilers.scala:1509)
	at scala.Option.flatMap(Option.scala:283)
	at scala.meta.internal.metals.Compilers.withPCAndAdjustLsp(Compilers.scala:1491)
	at scala.meta.internal.metals.Compilers.hover(Compilers.scala:1018)
	at scala.meta.internal.metals.MetalsLspService.$anonfun$hover$1(MetalsLspService.scala:949)
	at scala.meta.internal.metals.CancelTokens$.future(CancelTokens.scala:38)
	at scala.meta.internal.metals.MetalsLspService.hover(MetalsLspService.scala:947)
	at scala.meta.internal.metals.WorkspaceLspService.hover(WorkspaceLspService.scala:517)
	at scala.meta.metals.lsp.DelegatingScalaService.hover(DelegatingScalaService.scala:78)
	at jdk.internal.reflect.GeneratedMethodAccessor8.invoke(Unknown Source)
	at java.base/jdk.internal.reflect.DelegatingMethodAccessorImpl.invoke(DelegatingMethodAccessorImpl.java:43)
	at java.base/java.lang.reflect.Method.invoke(Method.java:569)
	at org.eclipse.lsp4j.jsonrpc.services.GenericEndpoint.lambda$recursiveFindRpcMethods$0(GenericEndpoint.java:65)
	at org.eclipse.lsp4j.jsonrpc.services.GenericEndpoint.request(GenericEndpoint.java:128)
	at org.eclipse.lsp4j.jsonrpc.RemoteEndpoint.handleRequest(RemoteEndpoint.java:271)
	at org.eclipse.lsp4j.jsonrpc.RemoteEndpoint.consume(RemoteEndpoint.java:201)
	at org.eclipse.lsp4j.jsonrpc.json.StreamMessageProducer.handleMessage(StreamMessageProducer.java:185)
	at org.eclipse.lsp4j.jsonrpc.json.StreamMessageProducer.listen(StreamMessageProducer.java:97)
	at org.eclipse.lsp4j.jsonrpc.json.ConcurrentMessageProcessor.run(ConcurrentMessageProcessor.java:114)
	at java.base/java.util.concurrent.Executors$RunnableAdapter.call(Executors.java:539)
	at java.base/java.util.concurrent.FutureTask.run(FutureTask.java:264)
	at java.base/java.util.concurrent.ThreadPoolExecutor.runWorker(ThreadPoolExecutor.java:1136)
	at java.base/java.util.concurrent.ThreadPoolExecutor$Worker.run(ThreadPoolExecutor.java:635)
	at java.base/java.lang.Thread.run(Thread.java:840)

Jul 28, 2025 6:36:39 PM scala.meta.internal.mtags.SymbolIndexBucket addMtagsSourceFile
WARNING: Error indexing /home/bs01463/Desktop/java/play-3/app/repositories/ProductyRepository.java
java.nio.file.NoSuchFileException: /home/bs01463/Desktop/java/play-3/app/repositories/ProductyRepository.java
	at java.base/sun.nio.fs.UnixException.translateToIOException(UnixException.java:92)
	at java.base/sun.nio.fs.UnixException.rethrowAsIOException(UnixException.java:106)
	at java.base/sun.nio.fs.UnixException.rethrowAsIOException(UnixException.java:111)
	at java.base/sun.nio.fs.UnixFileSystemProvider.newByteChannel(UnixFileSystemProvider.java:218)
	at java.base/java.nio.file.Files.newByteChannel(Files.java:380)
	at java.base/java.nio.file.Files.newByteChannel(Files.java:432)
	at java.base/java.nio.file.Files.readAllBytes(Files.java:3288)
	at scala.meta.internal.io.PlatformFileIO$.slurp(PlatformFileIO.scala:42)
	at scala.meta.internal.io.FileIO$.slurp(FileIO.scala:18)
	at scala.meta.internal.mtags.ScalametaCommonEnrichments$XtensionAbsolutePath.toInput(ScalametaCommonEnrichments.scala:465)
	at scala.meta.internal.mtags.Mtags.index(Mtags.scala:96)
	at scala.meta.internal.mtags.Mtags.allSymbols(Mtags.scala:21)
	at scala.meta.internal.mtags.SymbolIndexBucket.allSymbols(SymbolIndexBucket.scala:289)
	at scala.meta.internal.mtags.SymbolIndexBucket.addMtagsSourceFile(SymbolIndexBucket.scala:300)
	at scala.meta.internal.mtags.SymbolIndexBucket.addMtagsSourceFile(SymbolIndexBucket.scala:311)
	at scala.meta.internal.mtags.SymbolIndexBucket.$anonfun$query0$1(SymbolIndexBucket.scala:216)
	at scala.meta.internal.mtags.SymbolIndexBucket.$anonfun$query0$1$adapted(SymbolIndexBucket.scala:216)
	at scala.collection.immutable.Set$Set2.foreach(Set.scala:210)
	at scala.meta.internal.mtags.SymbolIndexBucket.query0(SymbolIndexBucket.scala:216)
	at scala.meta.internal.mtags.SymbolIndexBucket.query(SymbolIndexBucket.scala:189)
	at scala.meta.internal.mtags.OnDemandSymbolIndex.$anonfun$findSymbolDefinition$1(OnDemandSymbolIndex.scala:142)
	at scala.collection.immutable.List.flatMap(List.scala:294)
	at scala.meta.internal.mtags.OnDemandSymbolIndex.findSymbolDefinition(OnDemandSymbolIndex.scala:142)
	at scala.meta.internal.mtags.OnDemandSymbolIndex.definition(OnDemandSymbolIndex.scala:48)
	at scala.meta.internal.metals.Docstrings.indexSymbol(Docstrings.scala:138)
	at scala.meta.internal.metals.Docstrings.documentation(Docstrings.scala:49)
	at scala.meta.internal.metals.MetalsSymbolSearch.documentation(MetalsSymbolSearch.scala:51)
	at scala.meta.internal.pc.JavaHoverProvider.documentation(JavaHoverProvider.scala:205)
	at scala.meta.internal.pc.JavaHoverProvider.$anonfun$hoverOffset$1(JavaHoverProvider.scala:72)
	at scala.Option.map(Option.scala:242)
	at scala.meta.internal.pc.JavaHoverProvider.hoverOffset(JavaHoverProvider.scala:68)
	at scala.meta.internal.pc.JavaHoverProvider.hover(JavaHoverProvider.scala:44)
	at scala.meta.internal.pc.JavaPresentationCompiler.hover(JavaPresentationCompiler.scala:77)
	at scala.meta.internal.metals.Compilers.$anonfun$hover$1(Compilers.scala:1023)
	at scala.meta.internal.metals.Compilers.$anonfun$withPCAndAdjustLsp$12(Compilers.scala:1509)
	at scala.Option.map(Option.scala:242)
	at scala.meta.internal.metals.Compilers.$anonfun$withPCAndAdjustLsp$10(Compilers.scala:1509)
	at scala.Option.flatMap(Option.scala:283)
	at scala.meta.internal.metals.Compilers.withPCAndAdjustLsp(Compilers.scala:1491)
	at scala.meta.internal.metals.Compilers.hover(Compilers.scala:1018)
	at scala.meta.internal.metals.MetalsLspService.$anonfun$hover$1(MetalsLspService.scala:949)
	at scala.meta.internal.metals.CancelTokens$.future(CancelTokens.scala:38)
	at scala.meta.internal.metals.MetalsLspService.hover(MetalsLspService.scala:947)
	at scala.meta.internal.metals.WorkspaceLspService.hover(WorkspaceLspService.scala:517)
	at scala.meta.metals.lsp.DelegatingScalaService.hover(DelegatingScalaService.scala:78)
	at jdk.internal.reflect.GeneratedMethodAccessor8.invoke(Unknown Source)
	at java.base/jdk.internal.reflect.DelegatingMethodAccessorImpl.invoke(DelegatingMethodAccessorImpl.java:43)
	at java.base/java.lang.reflect.Method.invoke(Method.java:569)
	at org.eclipse.lsp4j.jsonrpc.services.GenericEndpoint.lambda$recursiveFindRpcMethods$0(GenericEndpoint.java:65)
	at org.eclipse.lsp4j.jsonrpc.services.GenericEndpoint.request(GenericEndpoint.java:128)
	at org.eclipse.lsp4j.jsonrpc.RemoteEndpoint.handleRequest(RemoteEndpoint.java:271)
	at org.eclipse.lsp4j.jsonrpc.RemoteEndpoint.consume(RemoteEndpoint.java:201)
	at org.eclipse.lsp4j.jsonrpc.json.StreamMessageProducer.handleMessage(StreamMessageProducer.java:185)
	at org.eclipse.lsp4j.jsonrpc.json.StreamMessageProducer.listen(StreamMessageProducer.java:97)
	at org.eclipse.lsp4j.jsonrpc.json.ConcurrentMessageProcessor.run(ConcurrentMessageProcessor.java:114)
	at java.base/java.util.concurrent.Executors$RunnableAdapter.call(Executors.java:539)
	at java.base/java.util.concurrent.FutureTask.run(FutureTask.java:264)
	at java.base/java.util.concurrent.ThreadPoolExecutor.runWorker(ThreadPoolExecutor.java:1136)
	at java.base/java.util.concurrent.ThreadPoolExecutor$Worker.run(ThreadPoolExecutor.java:635)
	at java.base/java.lang.Thread.run(Thread.java:840)

Jul 28, 2025 6:36:39 PM scala.meta.internal.mtags.SymbolIndexBucket addMtagsSourceFile
WARNING: Error indexing /home/bs01463/Desktop/java/play-3/app/repositories/ProductyRepository.java
java.nio.file.NoSuchFileException: /home/bs01463/Desktop/java/play-3/app/repositories/ProductyRepository.java
	at java.base/sun.nio.fs.UnixException.translateToIOException(UnixException.java:92)
	at java.base/sun.nio.fs.UnixException.rethrowAsIOException(UnixException.java:106)
	at java.base/sun.nio.fs.UnixException.rethrowAsIOException(UnixException.java:111)
	at java.base/sun.nio.fs.UnixFileSystemProvider.newByteChannel(UnixFileSystemProvider.java:218)
	at java.base/java.nio.file.Files.newByteChannel(Files.java:380)
	at java.base/java.nio.file.Files.newByteChannel(Files.java:432)
	at java.base/java.nio.file.Files.readAllBytes(Files.java:3288)
	at scala.meta.internal.io.PlatformFileIO$.slurp(PlatformFileIO.scala:42)
	at scala.meta.internal.io.FileIO$.slurp(FileIO.scala:18)
	at scala.meta.internal.mtags.ScalametaCommonEnrichments$XtensionAbsolutePath.toInput(ScalametaCommonEnrichments.scala:465)
	at scala.meta.internal.mtags.Mtags.index(Mtags.scala:96)
	at scala.meta.internal.mtags.Mtags.allSymbols(Mtags.scala:21)
	at scala.meta.internal.mtags.SymbolIndexBucket.allSymbols(SymbolIndexBucket.scala:289)
	at scala.meta.internal.mtags.SymbolIndexBucket.addMtagsSourceFile(SymbolIndexBucket.scala:300)
	at scala.meta.internal.mtags.SymbolIndexBucket.$anonfun$query0$1(SymbolIndexBucket.scala:216)
	at scala.meta.internal.mtags.SymbolIndexBucket.$anonfun$query0$1$adapted(SymbolIndexBucket.scala:216)
	at scala.collection.immutable.Set$Set2.foreach(Set.scala:210)
	at scala.meta.internal.mtags.SymbolIndexBucket.query0(SymbolIndexBucket.scala:216)
	at scala.meta.internal.mtags.SymbolIndexBucket.$anonfun$query0$8(SymbolIndexBucket.scala:238)
	at scala.collection.immutable.List.flatMap(List.scala:294)
	at scala.meta.internal.mtags.SymbolIndexBucket.query0(SymbolIndexBucket.scala:238)
	at scala.meta.internal.mtags.SymbolIndexBucket.query(SymbolIndexBucket.scala:189)
	at scala.meta.internal.mtags.OnDemandSymbolIndex.$anonfun$findSymbolDefinition$1(OnDemandSymbolIndex.scala:142)
	at scala.collection.immutable.List.flatMap(List.scala:294)
	at scala.meta.internal.mtags.OnDemandSymbolIndex.findSymbolDefinition(OnDemandSymbolIndex.scala:142)
	at scala.meta.internal.mtags.OnDemandSymbolIndex.definition(OnDemandSymbolIndex.scala:48)
	at scala.meta.internal.metals.Docstrings.indexSymbol(Docstrings.scala:138)
	at scala.meta.internal.metals.Docstrings.documentation(Docstrings.scala:49)
	at scala.meta.internal.metals.MetalsSymbolSearch.documentation(MetalsSymbolSearch.scala:51)
	at scala.meta.internal.pc.JavaHoverProvider.documentation(JavaHoverProvider.scala:205)
	at scala.meta.internal.pc.JavaHoverProvider.$anonfun$hoverOffset$1(JavaHoverProvider.scala:72)
	at scala.Option.map(Option.scala:242)
	at scala.meta.internal.pc.JavaHoverProvider.hoverOffset(JavaHoverProvider.scala:68)
	at scala.meta.internal.pc.JavaHoverProvider.hover(JavaHoverProvider.scala:44)
	at scala.meta.internal.pc.JavaPresentationCompiler.hover(JavaPresentationCompiler.scala:77)
	at scala.meta.internal.metals.Compilers.$anonfun$hover$1(Compilers.scala:1023)
	at scala.meta.internal.metals.Compilers.$anonfun$withPCAndAdjustLsp$12(Compilers.scala:1509)
	at scala.Option.map(Option.scala:242)
	at scala.meta.internal.metals.Compilers.$anonfun$withPCAndAdjustLsp$10(Compilers.scala:1509)
	at scala.Option.flatMap(Option.scala:283)
	at scala.meta.internal.metals.Compilers.withPCAndAdjustLsp(Compilers.scala:1491)
	at scala.meta.internal.metals.Compilers.hover(Compilers.scala:1018)
	at scala.meta.internal.metals.MetalsLspService.$anonfun$hover$1(MetalsLspService.scala:949)
	at scala.meta.internal.metals.CancelTokens$.future(CancelTokens.scala:38)
	at scala.meta.internal.metals.MetalsLspService.hover(MetalsLspService.scala:947)
	at scala.meta.internal.metals.WorkspaceLspService.hover(WorkspaceLspService.scala:517)
	at scala.meta.metals.lsp.DelegatingScalaService.hover(DelegatingScalaService.scala:78)
	at jdk.internal.reflect.GeneratedMethodAccessor8.invoke(Unknown Source)
	at java.base/jdk.internal.reflect.DelegatingMethodAccessorImpl.invoke(DelegatingMethodAccessorImpl.java:43)
	at java.base/java.lang.reflect.Method.invoke(Method.java:569)
	at org.eclipse.lsp4j.jsonrpc.services.GenericEndpoint.lambda$recursiveFindRpcMethods$0(GenericEndpoint.java:65)
	at org.eclipse.lsp4j.jsonrpc.services.GenericEndpoint.request(GenericEndpoint.java:128)
	at org.eclipse.lsp4j.jsonrpc.RemoteEndpoint.handleRequest(RemoteEndpoint.java:271)
	at org.eclipse.lsp4j.jsonrpc.RemoteEndpoint.consume(RemoteEndpoint.java:201)
	at org.eclipse.lsp4j.jsonrpc.json.StreamMessageProducer.handleMessage(StreamMessageProducer.java:185)
	at org.eclipse.lsp4j.jsonrpc.json.StreamMessageProducer.listen(StreamMessageProducer.java:97)
	at org.eclipse.lsp4j.jsonrpc.json.ConcurrentMessageProcessor.run(ConcurrentMessageProcessor.java:114)
	at java.base/java.util.concurrent.Executors$RunnableAdapter.call(Executors.java:539)
	at java.base/java.util.concurrent.FutureTask.run(FutureTask.java:264)
	at java.base/java.util.concurrent.ThreadPoolExecutor.runWorker(ThreadPoolExecutor.java:1136)
	at java.base/java.util.concurrent.ThreadPoolExecutor$Worker.run(ThreadPoolExecutor.java:635)
	at java.base/java.lang.Thread.run(Thread.java:840)

Jul 28, 2025 6:36:39 PM scala.meta.internal.mtags.SymbolIndexBucket addMtagsSourceFile
WARNING: Error indexing /home/bs01463/Desktop/java/play-3/app/repositories/ProductyRepository.java
java.nio.file.NoSuchFileException: /home/bs01463/Desktop/java/play-3/app/repositories/ProductyRepository.java
	at java.base/sun.nio.fs.UnixException.translateToIOException(UnixException.java:92)
	at java.base/sun.nio.fs.UnixException.rethrowAsIOException(UnixException.java:106)
	at java.base/sun.nio.fs.UnixException.rethrowAsIOException(UnixException.java:111)
	at java.base/sun.nio.fs.UnixFileSystemProvider.newByteChannel(UnixFileSystemProvider.java:218)
	at java.base/java.nio.file.Files.newByteChannel(Files.java:380)
	at java.base/java.nio.file.Files.newByteChannel(Files.java:432)
	at java.base/java.nio.file.Files.readAllBytes(Files.java:3288)
	at scala.meta.internal.io.PlatformFileIO$.slurp(PlatformFileIO.scala:42)
	at scala.meta.internal.io.FileIO$.slurp(FileIO.scala:18)
	at scala.meta.internal.mtags.ScalametaCommonEnrichments$XtensionAbsolutePath.toInput(ScalametaCommonEnrichments.scala:465)
	at scala.meta.internal.mtags.Mtags.index(Mtags.scala:96)
	at scala.meta.internal.mtags.Mtags.allSymbols(Mtags.scala:21)
	at scala.meta.internal.mtags.SymbolIndexBucket.allSymbols(SymbolIndexBucket.scala:289)
	at scala.meta.internal.mtags.SymbolIndexBucket.addMtagsSourceFile(SymbolIndexBucket.scala:300)
	at scala.meta.internal.mtags.SymbolIndexBucket.addMtagsSourceFile(SymbolIndexBucket.scala:311)
	at scala.meta.internal.mtags.SymbolIndexBucket.$anonfun$query0$1(SymbolIndexBucket.scala:216)
	at scala.meta.internal.mtags.SymbolIndexBucket.$anonfun$query0$1$adapted(SymbolIndexBucket.scala:216)
	at scala.collection.immutable.Set$Set2.foreach(Set.scala:210)
	at scala.meta.internal.mtags.SymbolIndexBucket.query0(SymbolIndexBucket.scala:216)
	at scala.meta.internal.mtags.SymbolIndexBucket.$anonfun$query0$8(SymbolIndexBucket.scala:238)
	at scala.collection.immutable.List.flatMap(List.scala:294)
	at scala.meta.internal.mtags.SymbolIndexBucket.query0(SymbolIndexBucket.scala:238)
	at scala.meta.internal.mtags.SymbolIndexBucket.query(SymbolIndexBucket.scala:189)
	at scala.meta.internal.mtags.OnDemandSymbolIndex.$anonfun$findSymbolDefinition$1(OnDemandSymbolIndex.scala:142)
	at scala.collection.immutable.List.flatMap(List.scala:294)
	at scala.meta.internal.mtags.OnDemandSymbolIndex.findSymbolDefinition(OnDemandSymbolIndex.scala:142)
	at scala.meta.internal.mtags.OnDemandSymbolIndex.definition(OnDemandSymbolIndex.scala:48)
	at scala.meta.internal.metals.Docstrings.indexSymbol(Docstrings.scala:138)
	at scala.meta.internal.metals.Docstrings.documentation(Docstrings.scala:49)
	at scala.meta.internal.metals.MetalsSymbolSearch.documentation(MetalsSymbolSearch.scala:51)
	at scala.meta.internal.pc.JavaHoverProvider.documentation(JavaHoverProvider.scala:205)
	at scala.meta.internal.pc.JavaHoverProvider.$anonfun$hoverOffset$1(JavaHoverProvider.scala:72)
	at scala.Option.map(Option.scala:242)
	at scala.meta.internal.pc.JavaHoverProvider.hoverOffset(JavaHoverProvider.scala:68)
	at scala.meta.internal.pc.JavaHoverProvider.hover(JavaHoverProvider.scala:44)
	at scala.meta.internal.pc.JavaPresentationCompiler.hover(JavaPresentationCompiler.scala:77)
	at scala.meta.internal.metals.Compilers.$anonfun$hover$1(Compilers.scala:1023)
	at scala.meta.internal.metals.Compilers.$anonfun$withPCAndAdjustLsp$12(Compilers.scala:1509)
	at scala.Option.map(Option.scala:242)
	at scala.meta.internal.metals.Compilers.$anonfun$withPCAndAdjustLsp$10(Compilers.scala:1509)
	at scala.Option.flatMap(Option.scala:283)
	at scala.meta.internal.metals.Compilers.withPCAndAdjustLsp(Compilers.scala:1491)
	at scala.meta.internal.metals.Compilers.hover(Compilers.scala:1018)
	at scala.meta.internal.metals.MetalsLspService.$anonfun$hover$1(MetalsLspService.scala:949)
	at scala.meta.internal.metals.CancelTokens$.future(CancelTokens.scala:38)
	at scala.meta.internal.metals.MetalsLspService.hover(MetalsLspService.scala:947)
	at scala.meta.internal.metals.WorkspaceLspService.hover(WorkspaceLspService.scala:517)
	at scala.meta.metals.lsp.DelegatingScalaService.hover(DelegatingScalaService.scala:78)
	at jdk.internal.reflect.GeneratedMethodAccessor8.invoke(Unknown Source)
	at java.base/jdk.internal.reflect.DelegatingMethodAccessorImpl.invoke(DelegatingMethodAccessorImpl.java:43)
	at java.base/java.lang.reflect.Method.invoke(Method.java:569)
	at org.eclipse.lsp4j.jsonrpc.services.GenericEndpoint.lambda$recursiveFindRpcMethods$0(GenericEndpoint.java:65)
	at org.eclipse.lsp4j.jsonrpc.services.GenericEndpoint.request(GenericEndpoint.java:128)
	at org.eclipse.lsp4j.jsonrpc.RemoteEndpoint.handleRequest(RemoteEndpoint.java:271)
	at org.eclipse.lsp4j.jsonrpc.RemoteEndpoint.consume(RemoteEndpoint.java:201)
	at org.eclipse.lsp4j.jsonrpc.json.StreamMessageProducer.handleMessage(StreamMessageProducer.java:185)
	at org.eclipse.lsp4j.jsonrpc.json.StreamMessageProducer.listen(StreamMessageProducer.java:97)
	at org.eclipse.lsp4j.jsonrpc.json.ConcurrentMessageProcessor.run(ConcurrentMessageProcessor.java:114)
	at java.base/java.util.concurrent.Executors$RunnableAdapter.call(Executors.java:539)
	at java.base/java.util.concurrent.FutureTask.run(FutureTask.java:264)
	at java.base/java.util.concurrent.ThreadPoolExecutor.runWorker(ThreadPoolExecutor.java:1136)
	at java.base/java.util.concurrent.ThreadPoolExecutor$Worker.run(ThreadPoolExecutor.java:635)
	at java.base/java.lang.Thread.run(Thread.java:840)

2025.07.28 18:36:48 INFO  compiling root (2 java sources)[0m
2025.07.28 18:36:50 INFO  time: compiled root in 1.57s[0m
2025.07.28 18:36:50 INFO  compiling root (3 java sources)[0m
2025.07.28 18:36:52 WARN  javac exited with exit code 1[0m
2025.07.28 18:36:52 INFO  time: compiled root in 1.77s[0m
Jul 28, 2025 6:38:09 PM org.eclipse.lsp4j.jsonrpc.RemoteEndpoint handleCancellation
WARNING: Unmatched cancel notification for request id 9912
2025.07.28 20:16:56 INFO  Created report: Optional[file:///home/bs01463/Desktop/java/play-3/app/models/Product.java][0m
2025.07.28 20:16:56 INFO  QDox parse error in file:///home/bs01463/Desktop/java/play-3/app/models/Product.java (full report at: "/home/bs01463/Desktop/java/play-3/.metals/.reports/metals-full/2025-07-28/r_qdox-error_(root)_20-16-56-182.md")[0m
2025.07.28 20:16:56 INFO  compiling root (3 java sources)[0m
2025.07.28 20:16:57 WARN  javac exited with exit code 1[0m
2025.07.28 20:16:57 INFO  time: compiled root in 1.58s[0m
Jul 28, 2025 8:16:59 PM scala.meta.internal.parsing.TokenEditDistance$Diff $anonfun$toRevised$8
WARNING: stale range: Some([1000 (
) <-> [1000 (
)) None
2025.07.28 20:16:59 INFO  file:///home/bs01463/Desktop/java/play-3/app/repositories/ProductRepository.java:12:32: stale bloop error:  error: cannot find symbol
    private final Finder<Long, Product> finder = new Finder<>(Product.class);
                               ^[0m
Jul 28, 2025 8:16:59 PM scala.meta.internal.parsing.TokenEditDistance$Diff $anonfun$toRevised$8
WARNING: stale range: Some([1000 (
) <-> [1000 (
)) None
2025.07.28 20:16:59 INFO  file:///home/bs01463/Desktop/java/play-3/app/repositories/ProductRepository.java:15:17: stale bloop error:  error: cannot find symbol
    public List<Product> findAll() {
                ^[0m
Jul 28, 2025 8:16:59 PM scala.meta.internal.parsing.TokenEditDistance$Diff $anonfun$toRevised$8
WARNING: stale range: Some([1000 (
) <-> [1000 (
)) None
2025.07.28 20:16:59 INFO  file:///home/bs01463/Desktop/java/play-3/app/repositories/ProductRepository.java:20:21: stale bloop error:  error: cannot find symbol
    public Optional<Product> findById(Long id) {
                    ^[0m
Jul 28, 2025 8:16:59 PM scala.meta.internal.parsing.TokenEditDistance$Diff $anonfun$toRevised$8
WARNING: stale range: Some([1000 (
) <-> [1000 (
)) None
2025.07.28 20:16:59 INFO  file:///home/bs01463/Desktop/java/play-3/app/repositories/ProductRepository.java:25:22: stale bloop error:  error: cannot find symbol
    public void save(Product product) {
                     ^[0m
Jul 28, 2025 8:16:59 PM scala.meta.internal.parsing.TokenEditDistance$Diff $anonfun$toRevised$8
WARNING: stale range: Some([1000 (
) <-> [1000 (
)) None
2025.07.28 20:16:59 INFO  file:///home/bs01463/Desktop/java/play-3/app/repositories/ProductRepository.java:30:24: stale bloop error:  error: cannot find symbol
    public void update(Product product) {
                       ^[0m
Jul 28, 2025 8:16:59 PM scala.meta.internal.parsing.TokenEditDistance$Diff $anonfun$toRevised$8
WARNING: stale range: Some([1000 (
) <-> [1000 (
)) None
2025.07.28 20:16:59 INFO  file:///home/bs01463/Desktop/java/play-3/app/repositories/ProductRepository.java:12:63: stale bloop error:  error: cannot find symbol
    private final Finder<Long, Product> finder = new Finder<>(Product.class);
                                                              ^[0m
2025.07.28 20:17:00 INFO  QDox parse error in file:///home/bs01463/Desktop/java/play-3/app/repositories/ProductRepository.java (full report at: "/home/bs01463/Desktop/java/play-3/.metals/.reports/metals-full/2025-07-28/r_qdox-error_(root)_18-08-05-046.md")[0m
2025.07.28 20:17:00 INFO  compiling root (3 java sources)[0m
2025.07.28 20:17:02 WARN  javac exited with exit code 1[0m
2025.07.28 20:17:02 INFO  time: compiled root in 1.38s[0m
2025.07.28 20:17:25 INFO  compiling root (4 java sources)[0m
2025.07.28 20:17:27 WARN  javac exited with exit code 1[0m
2025.07.28 20:17:27 INFO  time: compiled root in 1.53s[0m
2025.07.28 20:17:35 INFO  compiling root (4 java sources)[0m
2025.07.28 20:17:36 WARN  javac exited with exit code 1[0m
2025.07.28 20:17:36 INFO  time: compiled root in 1.6s[0m
2025.07.28 20:17:44 INFO  compiling root (4 java sources)[0m
2025.07.28 20:17:45 WARN  javac exited with exit code 1[0m
2025.07.28 20:17:45 INFO  time: compiled root in 1.53s[0m
2025.07.28 20:17:47 INFO  compiling root (4 java sources)[0m
2025.07.28 20:17:48 WARN  javac exited with exit code 1[0m
2025.07.28 20:17:48 INFO  time: compiled root in 1.44s[0m
2025.07.28 20:18:06 INFO  compiling root (4 java sources)[0m
2025.07.28 20:18:08 WARN  javac exited with exit code 1[0m
2025.07.28 20:18:08 INFO  time: compiled root in 1.63s[0m
2025.07.28 20:18:14 INFO  compiling root (4 java sources)[0m
2025.07.28 20:18:15 WARN  javac exited with exit code 1[0m
2025.07.28 20:18:15 INFO  time: compiled root in 1.57s[0m
2025.07.28 20:18:16 INFO  compiling root (4 java sources)[0m
2025.07.28 20:18:18 WARN  javac exited with exit code 1[0m
2025.07.28 20:18:18 INFO  time: compiled root in 1.47s[0m
2025.07.28 20:18:19 INFO  compiling root (4 java sources)[0m
2025.07.28 20:18:21 WARN  javac exited with exit code 1[0m
2025.07.28 20:18:21 INFO  time: compiled root in 1.45s[0m
2025.07.28 20:18:22 INFO  compiling root (4 java sources)[0m
2025.07.28 20:18:23 WARN  javac exited with exit code 1[0m
2025.07.28 20:18:23 INFO  time: compiled root in 1.5s[0m
2025.07.28 20:19:18 INFO  compiling root (3 scala sources and 4 java sources)[0m
2025.07.28 20:19:21 WARN  javac exited with exit code 1[0m
2025.07.28 20:19:21 INFO  time: compiled root in 2.55s[0m
2025.07.28 20:19:21 INFO  compiling root (3 scala sources and 4 java sources)[0m
2025.07.28 20:19:22 WARN  javac exited with exit code 1[0m
2025.07.28 20:19:22 INFO  time: compiled root in 1.6s[0m
2025.07.28 20:20:10 INFO  compiling root (9 java sources)[0m
2025.07.28 20:20:12 WARN  javac exited with exit code 1[0m
2025.07.28 20:20:12 INFO  time: compiled root in 1.77s[0m
2025.07.28 20:20:12 INFO  compiling root (9 java sources)[0m
2025.07.28 20:20:13 WARN  javac exited with exit code 1[0m
2025.07.28 20:20:13 INFO  time: compiled root in 1.39s[0m
2025.07.28 20:20:13 INFO  compiling root (4 scala sources and 4 java sources)[0m
2025.07.28 20:20:15 WARN  javac exited with exit code 1[0m
2025.07.28 20:20:15 INFO  time: compiled root in 2.12s[0m
2025.07.28 20:21:14 INFO  compiling root (9 java sources)[0m
2025.07.28 20:21:16 WARN  javac exited with exit code 1[0m
2025.07.28 20:21:16 INFO  time: compiled root in 1.65s[0m
2025.07.28 20:21:16 INFO  compiling root (9 java sources)[0m
2025.07.28 20:21:17 WARN  javac exited with exit code 1[0m
2025.07.28 20:21:17 INFO  time: compiled root in 1.41s[0m
2025.07.28 20:21:17 INFO  compiling root (5 scala sources and 4 java sources)[0m
2025.07.28 20:21:20 WARN  javac exited with exit code 1[0m
2025.07.28 20:21:20 INFO  time: compiled root in 2.33s[0m
2025.07.28 20:22:25 INFO  compiling root (9 java sources)[0m
2025.07.28 20:22:26 WARN  javac exited with exit code 1[0m
2025.07.28 20:22:26 INFO  time: compiled root in 1.67s[0m
2025.07.28 20:22:26 INFO  compiling root (9 java sources)[0m
2025.07.28 20:22:28 WARN  javac exited with exit code 1[0m
2025.07.28 20:22:28 INFO  time: compiled root in 1.39s[0m
2025.07.28 20:22:28 INFO  compiling root (5 scala sources and 4 java sources)[0m
2025.07.28 20:22:30 WARN  javac exited with exit code 1[0m
2025.07.28 20:22:30 INFO  time: compiled root in 2.37s[0m
2025.07.28 20:24:08 INFO  compiling root (5 scala sources and 4 java sources)[0m
2025.07.28 20:24:11 WARN  javac exited with exit code 1[0m
2025.07.28 20:24:11 INFO  time: compiled root in 2.71s[0m
Jul 28, 2025 8:24:27 PM org.eclipse.lsp4j.jsonrpc.RemoteEndpoint handleCancellation
WARNING: Unmatched cancel notification for request id 10450
2025.07.28 20:24:57 INFO  compiling root (5 scala sources and 4 java sources)[0m
2025.07.28 20:25:01 WARN  javac exited with exit code 1[0m
2025.07.28 20:25:01 INFO  time: compiled root in 3.74s[0m
2025.07.28 20:25:01 INFO  compiling root (5 scala sources and 4 java sources)[0m
2025.07.28 20:25:04 WARN  javac exited with exit code 1[0m
2025.07.28 20:25:04 INFO  time: compiled root in 3.51s[0m
2025.07.28 20:27:18 INFO  compiling root (9 java sources)[0m
2025.07.28 20:27:20 WARN  javac exited with exit code 1[0m
2025.07.28 20:27:20 INFO  time: compiled root in 1.78s[0m
2025.07.28 20:27:20 INFO  compiling root (9 java sources)[0m
2025.07.28 20:27:22 WARN  javac exited with exit code 1[0m
2025.07.28 20:27:22 INFO  time: compiled root in 1.69s[0m
2025.07.28 20:27:35 INFO  compiling root (4 scala sources and 10 java sources)[0m
2025.07.28 20:27:36 INFO  Created report: Optional.empty[0m
2025.07.28 20:27:36 INFO  Error while emitting Routes.scala
assertion failed: bad position: [62:54] (full report at: "/home/bs01463/Desktop/java/play-3/.metals/.reports/bloop/2025-07-28/r_Error while emitting..._20-27-36-750.md")[0m
2025.07.28 20:27:36 INFO  Created report: Optional.empty[0m
2025.07.28 20:27:36 INFO  Error while emitting Routes.scala
assertion failed: ClassBType.info not yet assigned: Lrouter/Routes... (full report at: "/home/bs01463/Desktop/java/play-3/.metals/.reports/bloop/2025-07-28/r_Error while emitting..._20-27-36-753.md")[0m
2025.07.28 20:27:36 INFO  time: compiled root in 1.53s[0m
2025.07.28 20:27:36 INFO  compiling root (5 scala sources and 4 java sources)[0m
2025.07.28 20:27:38 WARN  javac exited with exit code 1[0m
2025.07.28 20:27:38 INFO  time: compiled root in 1.78s[0m
2025.07.28 20:28:44 INFO  compiling root (5 scala sources and 4 java sources)[0m
2025.07.28 20:28:44 INFO  time: compiled root in 0.44s[0m
2025.07.28 20:28:44 INFO  compiling root (5 scala sources and 4 java sources)[0m
2025.07.28 20:28:44 INFO  time: compiled root in 0.26s[0m
Jul 28, 2025 8:29:58 PM org.eclipse.lsp4j.jsonrpc.services.GenericEndpoint notify
INFO: Unsupported notification method: $/setTrace
2025.07.28 20:33:38 INFO  compiling root (5 scala sources and 4 java sources)[0m
2025.07.28 20:33:40 WARN  javac exited with exit code 1[0m
2025.07.28 20:33:40 INFO  time: compiled root in 2.54s[0m
2025.07.28 20:33:40 INFO  compiling root (5 scala sources and 4 java sources)[0m
2025.07.28 20:33:43 WARN  javac exited with exit code 1[0m
2025.07.28 20:33:43 INFO  time: compiled root in 2.73s[0m
2025.07.28 20:37:24 INFO  compiling root (5 scala sources and 4 java sources)[0m
2025.07.28 20:37:28 WARN  javac exited with exit code 1[0m
2025.07.28 20:37:28 INFO  time: compiled root in 3.77s[0m
2025.07.28 20:37:40 INFO  compiling root (5 scala sources and 4 java sources)[0m
2025.07.28 20:37:43 WARN  javac exited with exit code 1[0m
2025.07.28 20:37:43 INFO  time: compiled root in 3.64s[0m
2025.07.28 20:37:52 INFO  compiling root (5 scala sources and 4 java sources)[0m
2025.07.28 20:37:54 WARN  javac exited with exit code 1[0m
2025.07.28 20:37:54 INFO  time: compiled root in 2.14s[0m
2025.07.28 20:37:54 INFO  compiling root (5 scala sources and 4 java sources)[0m
2025.07.28 20:37:57 WARN  javac exited with exit code 1[0m
2025.07.28 20:37:57 INFO  time: compiled root in 2.8s[0m
Jul 28, 2025 8:39:36 PM org.eclipse.lsp4j.jsonrpc.RemoteEndpoint handleNotification
WARNING: Notification threw an exception: {
  "jsonrpc": "2.0",
  "method": "metals/didFocusTextDocument",
  "params": [
    "class:/home/bs01463/Desktop/java/play-3/target/scala-2.13/classes/router/RoutesPrefix%24.class"
  ]
}
java.nio.file.FileSystemNotFoundException: Provider "class" not installed
	at java.base/java.nio.file.Path.of(Path.java:212)
	at java.base/java.nio.file.Paths.get(Paths.java:98)
	at scala.meta.internal.mtags.MtagsEnrichments$XtensionURIMtags.toAbsolutePath(MtagsEnrichments.scala:130)
	at scala.meta.internal.mtags.MtagsEnrichments$XtensionStringMtags.toAbsolutePath(MtagsEnrichments.scala:190)
	at scala.meta.internal.metals.MetalsEnrichments$XtensionString.toAbsolutePath(MetalsEnrichments.scala:787)
	at scala.meta.internal.metals.MetalsEnrichments$XtensionString.toAbsolutePath(MetalsEnrichments.scala:784)
	at scala.meta.internal.metals.WorkspaceLspService.didFocus(WorkspaceLspService.scala:786)
	at scala.meta.metals.lsp.DelegatingScalaService.didFocus(DelegatingScalaService.scala:42)
	at jdk.internal.reflect.GeneratedMethodAccessor18.invoke(Unknown Source)
	at java.base/jdk.internal.reflect.DelegatingMethodAccessorImpl.invoke(DelegatingMethodAccessorImpl.java:43)
	at java.base/java.lang.reflect.Method.invoke(Method.java:569)
	at org.eclipse.lsp4j.jsonrpc.services.GenericEndpoint.lambda$recursiveFindRpcMethods$0(GenericEndpoint.java:65)
	at org.eclipse.lsp4j.jsonrpc.services.GenericEndpoint.notify(GenericEndpoint.java:160)
	at org.eclipse.lsp4j.jsonrpc.RemoteEndpoint.handleNotification(RemoteEndpoint.java:231)
	at org.eclipse.lsp4j.jsonrpc.RemoteEndpoint.consume(RemoteEndpoint.java:198)
	at org.eclipse.lsp4j.jsonrpc.json.StreamMessageProducer.handleMessage(StreamMessageProducer.java:185)
	at org.eclipse.lsp4j.jsonrpc.json.StreamMessageProducer.listen(StreamMessageProducer.java:97)
	at org.eclipse.lsp4j.jsonrpc.json.ConcurrentMessageProcessor.run(ConcurrentMessageProcessor.java:114)
	at java.base/java.util.concurrent.Executors$RunnableAdapter.call(Executors.java:539)
	at java.base/java.util.concurrent.FutureTask.run(FutureTask.java:264)
	at java.base/java.util.concurrent.ThreadPoolExecutor.runWorker(ThreadPoolExecutor.java:1136)
	at java.base/java.util.concurrent.ThreadPoolExecutor$Worker.run(ThreadPoolExecutor.java:635)
	at java.base/java.lang.Thread.run(Thread.java:840)

2025.07.28 20:39:56 INFO  compiling root (5 scala sources and 4 java sources)[0m
2025.07.28 20:39:56 INFO  time: compiled root in 0.56s[0m
2025.07.28 20:40:37 INFO  compiling root (5 scala sources and 4 java sources)[0m
2025.07.28 20:40:39 WARN  javac exited with exit code 1[0m
2025.07.28 20:40:39 INFO  time: compiled root in 2.49s[0m
2025.07.28 20:41:56 INFO  compiling root (9 java sources)[0m
2025.07.28 20:41:58 WARN  javac exited with exit code 1[0m
2025.07.28 20:41:58 INFO  time: compiled root in 1.59s[0m
2025.07.28 20:41:58 INFO  compiling root (9 java sources)[0m
2025.07.28 20:41:58 WARN  javac exited with exit code 1[0m
2025.07.28 20:41:58 INFO  time: compiled root in 0.96s[0m
2025.07.28 20:42:12 INFO  compiling root (4 scala sources and 10 java sources)[0m
2025.07.28 20:42:13 INFO  Error while emitting Routes.scala
assertion failed: bad position: [62:54] (full report at: "/home/bs01463/Desktop/java/play-3/.metals/.reports/bloop/2025-07-28/r_Error while emitting..._20-27-36-750.md")[0m
2025.07.28 20:42:13 INFO  Error while emitting Routes.scala
assertion failed: ClassBType.info not yet assigned: Lrouter/Routes... (full report at: "/home/bs01463/Desktop/java/play-3/.metals/.reports/bloop/2025-07-28/r_Error while emitting..._20-27-36-753.md")[0m
2025.07.28 20:42:13 INFO  time: compiled root in 1.21s[0m
2025.07.28 20:42:13 INFO  compiling root (5 scala sources and 4 java sources)[0m
2025.07.28 20:42:15 WARN  javac exited with exit code 1[0m
2025.07.28 20:42:15 INFO  time: compiled root in 1.75s[0m
2025.07.28 20:43:14 INFO  compiling root (6 scala sources and 4 java sources)[0m
2025.07.28 20:43:14 INFO  time: compiled root in 0.35s[0m
2025.07.28 20:44:12 INFO  compiling root (6 scala sources and 4 java sources)[0m
2025.07.28 20:44:14 WARN  javac exited with exit code 1[0m
2025.07.28 20:44:14 INFO  time: compiled root in 2.33s[0m
2025.07.28 20:45:53 INFO  compiling root (9 java sources)[0m
2025.07.28 20:45:54 WARN  javac exited with exit code 1[0m
2025.07.28 20:45:54 INFO  time: compiled root in 1.01s[0m
2025.07.28 20:45:54 INFO  compiling root (9 java sources)[0m
2025.07.28 20:45:55 WARN  javac exited with exit code 1[0m
2025.07.28 20:45:55 INFO  time: compiled root in 1.27s[0m
2025.07.28 20:46:02 INFO  compiling root (4 scala sources and 10 java sources)[0m
2025.07.28 20:46:03 INFO  Error while emitting Routes.scala
assertion failed: bad position: [62:54] (full report at: "/home/bs01463/Desktop/java/play-3/.metals/.reports/bloop/2025-07-28/r_Error while emitting..._20-27-36-750.md")[0m
2025.07.28 20:46:03 INFO  Error while emitting Routes.scala
assertion failed: ClassBType.info not yet assigned: Lrouter/Routes... (full report at: "/home/bs01463/Desktop/java/play-3/.metals/.reports/bloop/2025-07-28/r_Error while emitting..._20-27-36-753.md")[0m
2025.07.28 20:46:03 INFO  time: compiled root in 1.3s[0m
2025.07.28 20:46:03 INFO  compiling root (6 scala sources and 4 java sources)[0m
2025.07.28 20:46:05 WARN  javac exited with exit code 1[0m
2025.07.28 20:46:05 INFO  time: compiled root in 1.79s[0m
2025.07.28 20:49:34 INFO  empty definition using pc, found symbol in pc:  (full report at: "/home/bs01463/Desktop/java/play-3/.metals/.reports/metals-full/2025-07-28/r_empty-definition_(play-3-build)_15-51-22-570.md")[0m
2025.07.28 20:49:56 INFO  compiling root (6 scala sources and 4 java sources)[0m
2025.07.28 20:50:00 WARN  javac exited with exit code 1[0m
2025.07.28 20:50:00 INFO  time: compiled root in 4.01s[0m
2025.07.28 20:50:00 INFO  compiling root (6 scala sources and 4 java sources)[0m
2025.07.28 20:50:04 WARN  javac exited with exit code 1[0m
2025.07.28 20:50:04 INFO  time: compiled root in 3.29s[0m
2025.07.28 20:50:45 INFO  compiling root (6 scala sources and 4 java sources)[0m
2025.07.28 20:50:49 WARN  javac exited with exit code 1[0m
2025.07.28 20:50:49 INFO  time: compiled root in 3.89s[0m
2025.07.28 20:50:49 INFO  compiling root (6 scala sources and 4 java sources)[0m
2025.07.28 20:50:53 WARN  javac exited with exit code 1[0m
2025.07.28 20:50:53 INFO  time: compiled root in 3.38s[0m
2025.07.28 20:51:00 INFO  Created report: Optional[file:///home/bs01463/Desktop/java/play-3/app/controllers/ProductController.java][0m
2025.07.28 20:51:00 INFO  QDox parse error in file:///home/bs01463/Desktop/java/play-3/app/controllers/ProductController.java (full report at: "/home/bs01463/Desktop/java/play-3/.metals/.reports/metals-full/2025-07-28/r_qdox-error_(root)_20-51-00-913.md")[0m
2025.07.28 20:51:00 INFO  compiling root (6 scala sources and 5 java sources)[0m
Jul 28, 2025 8:51:01 PM org.eclipse.lsp4j.jsonrpc.RemoteEndpoint handleCancellation
WARNING: Unmatched cancel notification for request id 10906
2025.07.28 20:51:04 WARN  javac exited with exit code 1[0m
2025.07.28 20:51:04 INFO  time: compiled root in 3.85s[0m
2025.07.28 20:51:56 INFO  compiling root (6 scala sources and 5 java sources)[0m
2025.07.28 20:52:00 WARN  javac exited with exit code 1[0m
2025.07.28 20:52:00 INFO  time: compiled root in 3.86s[0m
2025.07.28 20:52:00 INFO  compiling root (6 scala sources and 5 java sources)[0m
2025.07.28 20:52:00 INFO  time: compiled root in 0.22s[0m
2025.07.28 20:52:15 INFO  compiling root (6 scala sources and 5 java sources)[0m
2025.07.28 20:52:15 INFO  time: compiled root in 0.24s[0m
2025.07.28 20:52:34 INFO  QDox parse error in file:///home/bs01463/Desktop/java/play-3/app/controllers/ProductController.java (full report at: "/home/bs01463/Desktop/java/play-3/.metals/.reports/metals-full/2025-07-28/r_qdox-error_(root)_20-51-00-913.md")[0m
2025.07.28 20:52:34 INFO  QDox parse error in file:///home/bs01463/Desktop/java/play-3/app/controllers/ProductController.java (full report at: "/home/bs01463/Desktop/java/play-3/.metals/.reports/metals-full/2025-07-28/r_qdox-error_(root)_20-51-00-913.md")[0m
2025.07.28 20:52:34 INFO  QDox parse error in file:///home/bs01463/Desktop/java/play-3/app/controllers/ProductController.java (full report at: "/home/bs01463/Desktop/java/play-3/.metals/.reports/metals-full/2025-07-28/r_qdox-error_(root)_20-51-00-913.md")[0m
2025.07.28 20:52:34 INFO  compiling root (6 scala sources and 5 java sources)[0m
2025.07.28 20:52:34 INFO  time: compiled root in 0.27s[0m
Jul 28, 2025 8:52:53 PM scala.meta.internal.parsing.TokenEditDistance$Diff $anonfun$toRevised$8
WARNING: stale range: Some([95 (}) <-> [95 (})) None
2025.07.28 20:52:53 INFO  file:///home/bs01463/Desktop/java/play-3/app/controllers/ProductController.java:8:17: stale bloop error: illegal start of type declaration
} public Result index() {
                ^[0m
2025.07.28 20:52:59 INFO  compiling root (6 scala sources and 5 java sources)[0m
2025.07.28 20:52:59 INFO  time: compiled root in 0.22s[0m
Jul 28, 2025 8:53:00 PM org.eclipse.lsp4j.jsonrpc.RemoteEndpoint handleCancellation
WARNING: Unmatched cancel notification for request id 11164
2025.07.28 20:53:11 INFO  compiling root (6 scala sources and 5 java sources)[0m
2025.07.28 20:53:11 INFO  time: compiled root in 0.24s[0m
Jul 28, 2025 8:53:12 PM org.eclipse.lsp4j.jsonrpc.RemoteEndpoint handleCancellation
WARNING: Unmatched cancel notification for request id 11213
2025.07.28 20:53:50 INFO  compiling root (6 scala sources and 5 java sources)[0m
2025.07.28 20:53:50 INFO  time: compiled root in 0.26s[0m
2025.07.28 20:54:24 INFO  compiling root (6 scala sources and 5 java sources)[0m
2025.07.28 20:54:24 WARN  Invalid text document uri received from build server: file:///home/bs01463/Desktop/java/play-3/app/controllers/ProductController1.java[0m
2025.07.28 20:54:24 INFO  time: compiled root in 0.38s[0m
2025.07.28 20:54:24 INFO  compiling root (6 scala sources and 5 java sources)[0m
2025.07.28 20:54:24 INFO  time: compiled root in 0.19s[0m
2025.07.28 20:54:40 INFO  compiling root (6 scala sources and 5 java sources)[0m
2025.07.28 20:54:44 WARN  javac exited with exit code 1[0m
2025.07.28 20:54:44 INFO  time: compiled root in 3.79s[0m
2025.07.28 20:56:31 INFO  empty definition using pc, found symbol in pc:  (full report at: "/home/bs01463/Desktop/java/play-3/.metals/.reports/metals-full/2025-07-28/r_empty-definition_(play-3-build-build)_16-14-00-729.md")[0m
2025.07.28 20:56:34 INFO  empty definition using pc, found symbol in pc:  (full report at: "/home/bs01463/Desktop/java/play-3/.metals/.reports/metals-full/2025-07-28/r_empty-definition_(play-3-build-build)_16-14-00-729.md")[0m
2025.07.28 20:56:34 INFO  empty definition using pc, found symbol in pc:  (full report at: "/home/bs01463/Desktop/java/play-3/.metals/.reports/metals-full/2025-07-28/r_empty-definition_(play-3-build-build)_16-14-00-729.md")[0m
2025.07.28 20:56:34 INFO  empty definition using pc, found symbol in pc:  (full report at: "/home/bs01463/Desktop/java/play-3/.metals/.reports/metals-full/2025-07-28/r_empty-definition_(play-3-build-build)_16-14-00-729.md")[0m
2025.07.28 20:56:34 INFO  empty definition using pc, found symbol in pc:  (full report at: "/home/bs01463/Desktop/java/play-3/.metals/.reports/metals-full/2025-07-28/r_empty-definition_(play-3-build-build)_16-14-00-729.md")[0m
2025.07.28 20:59:29 INFO  compiling root (10 java sources)[0m
2025.07.28 20:59:31 WARN  javac exited with exit code 1[0m
2025.07.28 20:59:31 INFO  time: compiled root in 1.85s[0m
2025.07.28 20:59:31 INFO  compiling root (6 scala sources and 5 java sources)[0m
2025.07.28 20:59:33 WARN  javac exited with exit code 1[0m
2025.07.28 20:59:33 INFO  time: compiled root in 2.62s[0m
2025.07.28 20:59:56 INFO  compiling root (10 java sources)[0m
2025.07.28 20:59:58 WARN  javac exited with exit code 1[0m
2025.07.28 20:59:58 INFO  time: compiled root in 1.76s[0m
2025.07.28 20:59:58 INFO  compiling root (10 java sources)[0m
2025.07.28 20:59:59 WARN  javac exited with exit code 1[0m
2025.07.28 20:59:59 INFO  time: compiled root in 1.27s[0m
2025.07.28 20:59:59 INFO  compiling root (6 scala sources and 5 java sources)[0m
2025.07.28 21:00:02 WARN  javac exited with exit code 1[0m
2025.07.28 21:00:02 INFO  time: compiled root in 2.52s[0m
2025.07.28 21:43:27 INFO  compiling root (10 java sources)[0m
2025.07.28 21:43:29 WARN  javac exited with exit code 1[0m
2025.07.28 21:43:29 INFO  time: compiled root in 1.35s[0m
2025.07.28 21:43:29 INFO  compiling root (10 java sources)[0m
2025.07.28 21:43:30 WARN  javac exited with exit code 1[0m
2025.07.28 21:43:30 INFO  time: compiled root in 1.18s[0m
2025.07.28 21:43:30 INFO  compiling root (6 scala sources and 5 java sources)[0m
2025.07.28 21:43:32 WARN  javac exited with exit code 1[0m
2025.07.28 21:43:32 INFO  time: compiled root in 2.59s[0m
Jul 28, 2025 9:44:30 PM org.eclipse.lsp4j.jsonrpc.RemoteEndpoint handleCancellation
WARNING: Unmatched cancel notification for request id 11595
2025.07.28 21:44:35 INFO  compiling root (6 scala sources and 5 java sources)[0m
2025.07.28 21:44:39 WARN  javac exited with exit code 1[0m
2025.07.28 21:44:39 INFO  time: compiled root in 3.8s[0m
2025.07.28 21:44:49 INFO  compiling root (10 java sources)[0m
2025.07.28 21:44:50 WARN  javac exited with exit code 1[0m
2025.07.28 21:44:50 INFO  time: compiled root in 1.33s[0m
2025.07.28 21:44:50 INFO  compiling root (10 java sources)[0m
2025.07.28 21:44:51 WARN  javac exited with exit code 1[0m
2025.07.28 21:44:51 INFO  time: compiled root in 1.21s[0m
2025.07.28 21:44:51 INFO  compiling root (6 scala sources and 5 java sources)[0m
2025.07.28 21:44:53 WARN  javac exited with exit code 1[0m
2025.07.28 21:44:53 INFO  time: compiled root in 2.38s[0m
2025.07.28 21:49:41 INFO  compiling root (6 scala sources and 5 java sources)[0m
2025.07.28 21:49:45 WARN  javac exited with exit code 1[0m
2025.07.28 21:49:45 INFO  time: compiled root in 3.87s[0m
2025.07.28 21:49:54 INFO  compiling root (10 java sources)[0m
2025.07.28 21:49:56 WARN  javac exited with exit code 1[0m
2025.07.28 21:49:56 INFO  time: compiled root in 1.4s[0m
2025.07.28 21:49:56 INFO  compiling root (10 java sources)[0m
2025.07.28 21:49:57 WARN  javac exited with exit code 1[0m
2025.07.28 21:49:57 INFO  time: compiled root in 1.22s[0m
2025.07.28 21:49:57 INFO  compiling root (6 scala sources and 5 java sources)[0m
2025.07.28 21:49:59 WARN  javac exited with exit code 1[0m
2025.07.28 21:49:59 INFO  time: compiled root in 2.38s[0m
2025.07.28 21:51:15 INFO  compiling root (6 scala sources and 5 java sources)[0m
2025.07.28 21:51:15 INFO  time: compiled root in 0.52s[0m
2025.07.28 21:51:20 INFO  compiling root (6 scala sources and 5 java sources)[0m
2025.07.28 21:51:20 INFO  time: compiled root in 0.44s[0m
2025.07.28 21:51:22 INFO  compiling root (6 scala sources and 5 java sources)[0m
2025.07.28 21:51:22 INFO  time: compiled root in 0.39s[0m
2025.07.28 21:52:26 INFO  compiling root (6 scala sources and 5 java sources)[0m
2025.07.28 21:52:26 INFO  time: compiled root in 0.5s[0m
2025.07.28 21:52:39 INFO  compiling root (6 scala sources and 5 java sources)[0m
2025.07.28 21:52:39 INFO  time: compiled root in 0.37s[0m
2025.07.28 21:53:11 INFO  compiling root (10 java sources)[0m
2025.07.28 21:53:12 WARN  javac exited with exit code 1[0m
2025.07.28 21:53:12 WARN  Invalid text document uri received from build server: file:///home/bs01463/Desktop/java/play-3/target/scala-2.13/routes/main/router/Routes.scala[0m
2025.07.28 21:53:12 INFO  time: compiled root in 1.61s[0m
2025.07.28 21:53:12 INFO  compiling root (10 java sources)[0m
2025.07.28 21:53:14 WARN  javac exited with exit code 1[0m
2025.07.28 21:53:14 INFO  time: compiled root in 1.25s[0m
2025.07.28 21:53:14 INFO  compiling root (6 scala sources and 5 java sources)[0m
2025.07.28 21:53:14 INFO  time: compiled root in 0.2s[0m
2025.07.28 21:55:28 INFO  compiling root (6 scala sources and 5 java sources)[0m
2025.07.28 21:55:28 INFO  time: compiled root in 0.5s[0m
Jul 28, 2025 9:55:39 PM scala.meta.internal.parsing.TokenEditDistance$Diff $anonfun$toRevised$8
WARNING: stale range: Some([95 (}) <-> [95 (})) None
Jul 28, 2025 9:55:39 PM scala.meta.internal.parsing.TokenEditDistance$Diff $anonfun$toRevised$8
WARNING: stale range: Some([95 (}) <-> [95 (})) None
Jul 28, 2025 9:55:39 PM scala.meta.internal.parsing.TokenEditDistance$Diff $anonfun$toRevised$8
WARNING: stale range: Some([95 (}) <-> [95 (})) None
Jul 28, 2025 9:55:39 PM scala.meta.internal.parsing.TokenEditDistance$Diff $anonfun$toRevised$8
WARNING: stale range: Some([95 (}) <-> [95 (})) None
Jul 28, 2025 9:55:39 PM scala.meta.internal.parsing.TokenEditDistance$Diff $anonfun$toRevised$8
WARNING: stale range: Some([95 (}) <-> [95 (})) None
Jul 28, 2025 9:55:39 PM scala.meta.internal.parsing.TokenEditDistance$Diff $anonfun$toRevised$8
WARNING: stale range: Some([95 (}) <-> [95 (})) None
Jul 28, 2025 9:55:39 PM scala.meta.internal.parsing.TokenEditDistance$Diff $anonfun$toRevised$8
WARNING: stale range: Some([95 (}) <-> [95 (})) None
Jul 28, 2025 9:55:39 PM scala.meta.internal.parsing.TokenEditDistance$Diff $anonfun$toRevised$8
WARNING: stale range: Some([95 (}) <-> [95 (})) None
Jul 28, 2025 9:55:39 PM scala.meta.internal.parsing.TokenEditDistance$Diff $anonfun$toRevised$8
WARNING: stale range: Some([95 (}) <-> [95 (})) None
2025.07.28 21:55:47 INFO  compiling root (6 scala sources and 5 java sources)[0m
2025.07.28 21:55:51 WARN  javac exited with exit code 1[0m
2025.07.28 21:55:51 INFO  time: compiled root in 3.63s[0m
2025.07.28 21:56:02 INFO  compiling root (10 java sources)[0m
2025.07.28 21:56:03 WARN  javac exited with exit code 1[0m
2025.07.28 21:56:03 INFO  time: compiled root in 1.39s[0m
2025.07.28 21:56:03 INFO  compiling root (10 java sources)[0m
2025.07.28 21:56:05 WARN  javac exited with exit code 1[0m
2025.07.28 21:56:05 INFO  time: compiled root in 1.23s[0m
2025.07.28 21:56:05 INFO  compiling root (6 scala sources and 5 java sources)[0m
2025.07.28 21:56:07 WARN  javac exited with exit code 1[0m
2025.07.28 21:56:07 INFO  time: compiled root in 2.35s[0m
2025.07.28 21:56:55 INFO  QDox parse error in file:///home/bs01463/Desktop/java/play-3/app/models/Product.java (full report at: "/home/bs01463/Desktop/java/play-3/.metals/.reports/metals-full/2025-07-28/r_qdox-error_(root)_20-16-56-182.md")[0m
2025.07.28 21:56:55 INFO  compiling root (6 scala sources and 5 java sources)[0m
2025.07.28 21:56:59 WARN  javac exited with exit code 1[0m
2025.07.28 21:56:59 INFO  time: compiled root in 3.65s[0m
2025.07.28 21:57:07 INFO  compiling root (10 java sources)[0m
2025.07.28 21:57:08 WARN  javac exited with exit code 1[0m
2025.07.28 21:57:08 INFO  time: compiled root in 1.34s[0m
2025.07.28 21:57:08 INFO  compiling root (10 java sources)[0m
2025.07.28 21:57:10 WARN  javac exited with exit code 1[0m
2025.07.28 21:57:10 INFO  time: compiled root in 1.29s[0m
2025.07.28 21:57:10 INFO  compiling root (6 scala sources and 5 java sources)[0m
2025.07.28 21:57:12 WARN  javac exited with exit code 1[0m
2025.07.28 21:57:12 INFO  time: compiled root in 2.33s[0m
2025.07.28 21:59:34 INFO  QDox parse error in file:///home/bs01463/Desktop/java/play-3/app/models/Product.java (full report at: "/home/bs01463/Desktop/java/play-3/.metals/.reports/metals-full/2025-07-28/r_qdox-error_(root)_20-16-56-182.md")[0m
2025.07.28 21:59:34 INFO  compiling root (6 scala sources and 5 java sources)[0m
2025.07.28 21:59:34 INFO  QDox parse error in file:///home/bs01463/Desktop/java/play-3/app/models/Product.java (full report at: "/home/bs01463/Desktop/java/play-3/.metals/.reports/metals-full/2025-07-28/r_qdox-error_(root)_20-16-56-182.md")[0m
2025.07.28 21:59:35 INFO  QDox parse error in file:///home/bs01463/Desktop/java/play-3/app/models/Product.java (full report at: "/home/bs01463/Desktop/java/play-3/.metals/.reports/metals-full/2025-07-28/r_qdox-error_(root)_20-16-56-182.md")[0m
2025.07.28 21:59:36 INFO  QDox parse error in file:///home/bs01463/Desktop/java/play-3/app/models/Product.java (full report at: "/home/bs01463/Desktop/java/play-3/.metals/.reports/metals-full/2025-07-28/r_qdox-error_(root)_20-16-56-182.md")[0m
2025.07.28 21:59:38 WARN  javac exited with exit code 1[0m
2025.07.28 21:59:38 INFO  time: compiled root in 3.78s[0m
Jul 28, 2025 9:59:39 PM org.eclipse.lsp4j.jsonrpc.RemoteEndpoint handleCancellation
WARNING: Unmatched cancel notification for request id 12033
Jul 28, 2025 9:59:39 PM scala.meta.internal.mtags.SymbolIndexBucket addMtagsSourceFile
WARNING: Error indexing /home/bs01463/Desktop/java/play-3/app/controllers/ProductController1.java
java.nio.file.NoSuchFileException: /home/bs01463/Desktop/java/play-3/app/controllers/ProductController1.java
	at java.base/sun.nio.fs.UnixException.translateToIOException(UnixException.java:92)
	at java.base/sun.nio.fs.UnixException.rethrowAsIOException(UnixException.java:106)
	at java.base/sun.nio.fs.UnixException.rethrowAsIOException(UnixException.java:111)
	at java.base/sun.nio.fs.UnixFileSystemProvider.newByteChannel(UnixFileSystemProvider.java:218)
	at java.base/java.nio.file.Files.newByteChannel(Files.java:380)
	at java.base/java.nio.file.Files.newByteChannel(Files.java:432)
	at java.base/java.nio.file.Files.readAllBytes(Files.java:3288)
	at scala.meta.internal.io.PlatformFileIO$.slurp(PlatformFileIO.scala:42)
	at scala.meta.internal.io.FileIO$.slurp(FileIO.scala:18)
	at scala.meta.internal.mtags.ScalametaCommonEnrichments$XtensionAbsolutePath.toInput(ScalametaCommonEnrichments.scala:465)
	at scala.meta.internal.mtags.Mtags.index(Mtags.scala:96)
	at scala.meta.internal.mtags.Mtags.allSymbols(Mtags.scala:21)
	at scala.meta.internal.mtags.SymbolIndexBucket.allSymbols(SymbolIndexBucket.scala:289)
	at scala.meta.internal.mtags.SymbolIndexBucket.addMtagsSourceFile(SymbolIndexBucket.scala:300)
	at scala.meta.internal.mtags.SymbolIndexBucket.$anonfun$query0$1(SymbolIndexBucket.scala:216)
	at scala.meta.internal.mtags.SymbolIndexBucket.$anonfun$query0$1$adapted(SymbolIndexBucket.scala:216)
	at scala.collection.immutable.Set$Set3.foreach(Set.scala:261)
	at scala.meta.internal.mtags.SymbolIndexBucket.query0(SymbolIndexBucket.scala:216)
	at scala.meta.internal.mtags.SymbolIndexBucket.query(SymbolIndexBucket.scala:189)
	at scala.meta.internal.mtags.OnDemandSymbolIndex.$anonfun$findSymbolDefinition$1(OnDemandSymbolIndex.scala:142)
	at scala.collection.immutable.List.flatMap(List.scala:294)
	at scala.meta.internal.mtags.OnDemandSymbolIndex.findSymbolDefinition(OnDemandSymbolIndex.scala:142)
	at scala.meta.internal.mtags.OnDemandSymbolIndex.definition(OnDemandSymbolIndex.scala:48)
	at scala.meta.internal.metals.Docstrings.indexSymbol(Docstrings.scala:138)
	at scala.meta.internal.metals.Docstrings.documentation(Docstrings.scala:49)
	at scala.meta.internal.metals.MetalsSymbolSearch.documentation(MetalsSymbolSearch.scala:51)
	at scala.meta.internal.pc.JavaHoverProvider.documentation(JavaHoverProvider.scala:205)
	at scala.meta.internal.pc.JavaHoverProvider.$anonfun$hoverOffset$1(JavaHoverProvider.scala:72)
	at scala.Option.map(Option.scala:242)
	at scala.meta.internal.pc.JavaHoverProvider.hoverOffset(JavaHoverProvider.scala:68)
	at scala.meta.internal.pc.JavaHoverProvider.hover(JavaHoverProvider.scala:44)
	at scala.meta.internal.pc.JavaPresentationCompiler.hover(JavaPresentationCompiler.scala:77)
	at scala.meta.internal.metals.Compilers.$anonfun$hover$1(Compilers.scala:1023)
	at scala.meta.internal.metals.Compilers.$anonfun$withPCAndAdjustLsp$12(Compilers.scala:1509)
	at scala.Option.map(Option.scala:242)
	at scala.meta.internal.metals.Compilers.$anonfun$withPCAndAdjustLsp$10(Compilers.scala:1509)
	at scala.Option.flatMap(Option.scala:283)
	at scala.meta.internal.metals.Compilers.withPCAndAdjustLsp(Compilers.scala:1491)
	at scala.meta.internal.metals.Compilers.hover(Compilers.scala:1018)
	at scala.meta.internal.metals.MetalsLspService.$anonfun$hover$1(MetalsLspService.scala:949)
	at scala.meta.internal.metals.CancelTokens$.future(CancelTokens.scala:38)
	at scala.meta.internal.metals.MetalsLspService.hover(MetalsLspService.scala:947)
	at scala.meta.internal.metals.WorkspaceLspService.hover(WorkspaceLspService.scala:517)
	at scala.meta.metals.lsp.DelegatingScalaService.hover(DelegatingScalaService.scala:78)
	at jdk.internal.reflect.GeneratedMethodAccessor8.invoke(Unknown Source)
	at java.base/jdk.internal.reflect.DelegatingMethodAccessorImpl.invoke(DelegatingMethodAccessorImpl.java:43)
	at java.base/java.lang.reflect.Method.invoke(Method.java:569)
	at org.eclipse.lsp4j.jsonrpc.services.GenericEndpoint.lambda$recursiveFindRpcMethods$0(GenericEndpoint.java:65)
	at org.eclipse.lsp4j.jsonrpc.services.GenericEndpoint.request(GenericEndpoint.java:128)
	at org.eclipse.lsp4j.jsonrpc.RemoteEndpoint.handleRequest(RemoteEndpoint.java:271)
	at org.eclipse.lsp4j.jsonrpc.RemoteEndpoint.consume(RemoteEndpoint.java:201)
	at org.eclipse.lsp4j.jsonrpc.json.StreamMessageProducer.handleMessage(StreamMessageProducer.java:185)
	at org.eclipse.lsp4j.jsonrpc.json.StreamMessageProducer.listen(StreamMessageProducer.java:97)
	at org.eclipse.lsp4j.jsonrpc.json.ConcurrentMessageProcessor.run(ConcurrentMessageProcessor.java:114)
	at java.base/java.util.concurrent.Executors$RunnableAdapter.call(Executors.java:539)
	at java.base/java.util.concurrent.FutureTask.run(FutureTask.java:264)
	at java.base/java.util.concurrent.ThreadPoolExecutor.runWorker(ThreadPoolExecutor.java:1136)
	at java.base/java.util.concurrent.ThreadPoolExecutor$Worker.run(ThreadPoolExecutor.java:635)
	at java.base/java.lang.Thread.run(Thread.java:840)

Jul 28, 2025 9:59:39 PM scala.meta.internal.mtags.SymbolIndexBucket addMtagsSourceFile
WARNING: Error indexing /home/bs01463/Desktop/java/play-3/app/controllers/ProductController1.java
java.nio.file.NoSuchFileException: /home/bs01463/Desktop/java/play-3/app/controllers/ProductController1.java
	at java.base/sun.nio.fs.UnixException.translateToIOException(UnixException.java:92)
	at java.base/sun.nio.fs.UnixException.rethrowAsIOException(UnixException.java:106)
	at java.base/sun.nio.fs.UnixException.rethrowAsIOException(UnixException.java:111)
	at java.base/sun.nio.fs.UnixFileSystemProvider.newByteChannel(UnixFileSystemProvider.java:218)
	at java.base/java.nio.file.Files.newByteChannel(Files.java:380)
	at java.base/java.nio.file.Files.newByteChannel(Files.java:432)
	at java.base/java.nio.file.Files.readAllBytes(Files.java:3288)
	at scala.meta.internal.io.PlatformFileIO$.slurp(PlatformFileIO.scala:42)
	at scala.meta.internal.io.FileIO$.slurp(FileIO.scala:18)
	at scala.meta.internal.mtags.ScalametaCommonEnrichments$XtensionAbsolutePath.toInput(ScalametaCommonEnrichments.scala:465)
	at scala.meta.internal.mtags.Mtags.index(Mtags.scala:96)
	at scala.meta.internal.mtags.Mtags.allSymbols(Mtags.scala:21)
	at scala.meta.internal.mtags.SymbolIndexBucket.allSymbols(SymbolIndexBucket.scala:289)
	at scala.meta.internal.mtags.SymbolIndexBucket.addMtagsSourceFile(SymbolIndexBucket.scala:300)
	at scala.meta.internal.mtags.SymbolIndexBucket.addMtagsSourceFile(SymbolIndexBucket.scala:311)
	at scala.meta.internal.mtags.SymbolIndexBucket.$anonfun$query0$1(SymbolIndexBucket.scala:216)
	at scala.meta.internal.mtags.SymbolIndexBucket.$anonfun$query0$1$adapted(SymbolIndexBucket.scala:216)
	at scala.collection.immutable.Set$Set3.foreach(Set.scala:261)
	at scala.meta.internal.mtags.SymbolIndexBucket.query0(SymbolIndexBucket.scala:216)
	at scala.meta.internal.mtags.SymbolIndexBucket.query(SymbolIndexBucket.scala:189)
	at scala.meta.internal.mtags.OnDemandSymbolIndex.$anonfun$findSymbolDefinition$1(OnDemandSymbolIndex.scala:142)
	at scala.collection.immutable.List.flatMap(List.scala:294)
	at scala.meta.internal.mtags.OnDemandSymbolIndex.findSymbolDefinition(OnDemandSymbolIndex.scala:142)
	at scala.meta.internal.mtags.OnDemandSymbolIndex.definition(OnDemandSymbolIndex.scala:48)
	at scala.meta.internal.metals.Docstrings.indexSymbol(Docstrings.scala:138)
	at scala.meta.internal.metals.Docstrings.documentation(Docstrings.scala:49)
	at scala.meta.internal.metals.MetalsSymbolSearch.documentation(MetalsSymbolSearch.scala:51)
	at scala.meta.internal.pc.JavaHoverProvider.documentation(JavaHoverProvider.scala:205)
	at scala.meta.internal.pc.JavaHoverProvider.$anonfun$hoverOffset$1(JavaHoverProvider.scala:72)
	at scala.Option.map(Option.scala:242)
	at scala.meta.internal.pc.JavaHoverProvider.hoverOffset(JavaHoverProvider.scala:68)
	at scala.meta.internal.pc.JavaHoverProvider.hover(JavaHoverProvider.scala:44)
	at scala.meta.internal.pc.JavaPresentationCompiler.hover(JavaPresentationCompiler.scala:77)
	at scala.meta.internal.metals.Compilers.$anonfun$hover$1(Compilers.scala:1023)
	at scala.meta.internal.metals.Compilers.$anonfun$withPCAndAdjustLsp$12(Compilers.scala:1509)
	at scala.Option.map(Option.scala:242)
	at scala.meta.internal.metals.Compilers.$anonfun$withPCAndAdjustLsp$10(Compilers.scala:1509)
	at scala.Option.flatMap(Option.scala:283)
	at scala.meta.internal.metals.Compilers.withPCAndAdjustLsp(Compilers.scala:1491)
	at scala.meta.internal.metals.Compilers.hover(Compilers.scala:1018)
	at scala.meta.internal.metals.MetalsLspService.$anonfun$hover$1(MetalsLspService.scala:949)
	at scala.meta.internal.metals.CancelTokens$.future(CancelTokens.scala:38)
	at scala.meta.internal.metals.MetalsLspService.hover(MetalsLspService.scala:947)
	at scala.meta.internal.metals.WorkspaceLspService.hover(WorkspaceLspService.scala:517)
	at scala.meta.metals.lsp.DelegatingScalaService.hover(DelegatingScalaService.scala:78)
	at jdk.internal.reflect.GeneratedMethodAccessor8.invoke(Unknown Source)
	at java.base/jdk.internal.reflect.DelegatingMethodAccessorImpl.invoke(DelegatingMethodAccessorImpl.java:43)
	at java.base/java.lang.reflect.Method.invoke(Method.java:569)
	at org.eclipse.lsp4j.jsonrpc.services.GenericEndpoint.lambda$recursiveFindRpcMethods$0(GenericEndpoint.java:65)
	at org.eclipse.lsp4j.jsonrpc.services.GenericEndpoint.request(GenericEndpoint.java:128)
	at org.eclipse.lsp4j.jsonrpc.RemoteEndpoint.handleRequest(RemoteEndpoint.java:271)
	at org.eclipse.lsp4j.jsonrpc.RemoteEndpoint.consume(RemoteEndpoint.java:201)
	at org.eclipse.lsp4j.jsonrpc.json.StreamMessageProducer.handleMessage(StreamMessageProducer.java:185)
	at org.eclipse.lsp4j.jsonrpc.json.StreamMessageProducer.listen(StreamMessageProducer.java:97)
	at org.eclipse.lsp4j.jsonrpc.json.ConcurrentMessageProcessor.run(ConcurrentMessageProcessor.java:114)
	at java.base/java.util.concurrent.Executors$RunnableAdapter.call(Executors.java:539)
	at java.base/java.util.concurrent.FutureTask.run(FutureTask.java:264)
	at java.base/java.util.concurrent.ThreadPoolExecutor.runWorker(ThreadPoolExecutor.java:1136)
	at java.base/java.util.concurrent.ThreadPoolExecutor$Worker.run(ThreadPoolExecutor.java:635)
	at java.base/java.lang.Thread.run(Thread.java:840)

Jul 28, 2025 9:59:39 PM scala.meta.internal.mtags.SymbolIndexBucket addMtagsSourceFile
WARNING: Error indexing /home/bs01463/Desktop/java/play-3/app/controllers/ProductController1.java
java.nio.file.NoSuchFileException: /home/bs01463/Desktop/java/play-3/app/controllers/ProductController1.java
	at java.base/sun.nio.fs.UnixException.translateToIOException(UnixException.java:92)
	at java.base/sun.nio.fs.UnixException.rethrowAsIOException(UnixException.java:106)
	at java.base/sun.nio.fs.UnixException.rethrowAsIOException(UnixException.java:111)
	at java.base/sun.nio.fs.UnixFileSystemProvider.newByteChannel(UnixFileSystemProvider.java:218)
	at java.base/java.nio.file.Files.newByteChannel(Files.java:380)
	at java.base/java.nio.file.Files.newByteChannel(Files.java:432)
	at java.base/java.nio.file.Files.readAllBytes(Files.java:3288)
	at scala.meta.internal.io.PlatformFileIO$.slurp(PlatformFileIO.scala:42)
	at scala.meta.internal.io.FileIO$.slurp(FileIO.scala:18)
	at scala.meta.internal.mtags.ScalametaCommonEnrichments$XtensionAbsolutePath.toInput(ScalametaCommonEnrichments.scala:465)
	at scala.meta.internal.mtags.Mtags.index(Mtags.scala:96)
	at scala.meta.internal.mtags.Mtags.allSymbols(Mtags.scala:21)
	at scala.meta.internal.mtags.SymbolIndexBucket.allSymbols(SymbolIndexBucket.scala:289)
	at scala.meta.internal.mtags.SymbolIndexBucket.addMtagsSourceFile(SymbolIndexBucket.scala:300)
	at scala.meta.internal.mtags.SymbolIndexBucket.$anonfun$query0$1(SymbolIndexBucket.scala:216)
	at scala.meta.internal.mtags.SymbolIndexBucket.$anonfun$query0$1$adapted(SymbolIndexBucket.scala:216)
	at scala.collection.immutable.Set$Set3.foreach(Set.scala:261)
	at scala.meta.internal.mtags.SymbolIndexBucket.query0(SymbolIndexBucket.scala:216)
	at scala.meta.internal.mtags.SymbolIndexBucket.$anonfun$query0$8(SymbolIndexBucket.scala:238)
	at scala.collection.immutable.List.flatMap(List.scala:294)
	at scala.meta.internal.mtags.SymbolIndexBucket.query0(SymbolIndexBucket.scala:238)
	at scala.meta.internal.mtags.SymbolIndexBucket.query(SymbolIndexBucket.scala:189)
	at scala.meta.internal.mtags.OnDemandSymbolIndex.$anonfun$findSymbolDefinition$1(OnDemandSymbolIndex.scala:142)
	at scala.collection.immutable.List.flatMap(List.scala:294)
	at scala.meta.internal.mtags.OnDemandSymbolIndex.findSymbolDefinition(OnDemandSymbolIndex.scala:142)
	at scala.meta.internal.mtags.OnDemandSymbolIndex.definition(OnDemandSymbolIndex.scala:48)
	at scala.meta.internal.metals.Docstrings.indexSymbol(Docstrings.scala:138)
	at scala.meta.internal.metals.Docstrings.documentation(Docstrings.scala:49)
	at scala.meta.internal.metals.MetalsSymbolSearch.documentation(MetalsSymbolSearch.scala:51)
	at scala.meta.internal.pc.JavaHoverProvider.documentation(JavaHoverProvider.scala:205)
	at scala.meta.internal.pc.JavaHoverProvider.$anonfun$hoverOffset$1(JavaHoverProvider.scala:72)
	at scala.Option.map(Option.scala:242)
	at scala.meta.internal.pc.JavaHoverProvider.hoverOffset(JavaHoverProvider.scala:68)
	at scala.meta.internal.pc.JavaHoverProvider.hover(JavaHoverProvider.scala:44)
	at scala.meta.internal.pc.JavaPresentationCompiler.hover(JavaPresentationCompiler.scala:77)
	at scala.meta.internal.metals.Compilers.$anonfun$hover$1(Compilers.scala:1023)
	at scala.meta.internal.metals.Compilers.$anonfun$withPCAndAdjustLsp$12(Compilers.scala:1509)
	at scala.Option.map(Option.scala:242)
	at scala.meta.internal.metals.Compilers.$anonfun$withPCAndAdjustLsp$10(Compilers.scala:1509)
	at scala.Option.flatMap(Option.scala:283)
	at scala.meta.internal.metals.Compilers.withPCAndAdjustLsp(Compilers.scala:1491)
	at scala.meta.internal.metals.Compilers.hover(Compilers.scala:1018)
	at scala.meta.internal.metals.MetalsLspService.$anonfun$hover$1(MetalsLspService.scala:949)
	at scala.meta.internal.metals.CancelTokens$.future(CancelTokens.scala:38)
	at scala.meta.internal.metals.MetalsLspService.hover(MetalsLspService.scala:947)
	at scala.meta.internal.metals.WorkspaceLspService.hover(WorkspaceLspService.scala:517)
	at scala.meta.metals.lsp.DelegatingScalaService.hover(DelegatingScalaService.scala:78)
	at jdk.internal.reflect.GeneratedMethodAccessor8.invoke(Unknown Source)
	at java.base/jdk.internal.reflect.DelegatingMethodAccessorImpl.invoke(DelegatingMethodAccessorImpl.java:43)
	at java.base/java.lang.reflect.Method.invoke(Method.java:569)
	at org.eclipse.lsp4j.jsonrpc.services.GenericEndpoint.lambda$recursiveFindRpcMethods$0(GenericEndpoint.java:65)
	at org.eclipse.lsp4j.jsonrpc.services.GenericEndpoint.request(GenericEndpoint.java:128)
	at org.eclipse.lsp4j.jsonrpc.RemoteEndpoint.handleRequest(RemoteEndpoint.java:271)
	at org.eclipse.lsp4j.jsonrpc.RemoteEndpoint.consume(RemoteEndpoint.java:201)
	at org.eclipse.lsp4j.jsonrpc.json.StreamMessageProducer.handleMessage(StreamMessageProducer.java:185)
	at org.eclipse.lsp4j.jsonrpc.json.StreamMessageProducer.listen(StreamMessageProducer.java:97)
	at org.eclipse.lsp4j.jsonrpc.json.ConcurrentMessageProcessor.run(ConcurrentMessageProcessor.java:114)
	at java.base/java.util.concurrent.Executors$RunnableAdapter.call(Executors.java:539)
	at java.base/java.util.concurrent.FutureTask.run(FutureTask.java:264)
	at java.base/java.util.concurrent.ThreadPoolExecutor.runWorker(ThreadPoolExecutor.java:1136)
	at java.base/java.util.concurrent.ThreadPoolExecutor$Worker.run(ThreadPoolExecutor.java:635)
	at java.base/java.lang.Thread.run(Thread.java:840)

Jul 28, 2025 9:59:39 PM scala.meta.internal.mtags.SymbolIndexBucket addMtagsSourceFile
WARNING: Error indexing /home/bs01463/Desktop/java/play-3/app/controllers/ProductController1.java
java.nio.file.NoSuchFileException: /home/bs01463/Desktop/java/play-3/app/controllers/ProductController1.java
	at java.base/sun.nio.fs.UnixException.translateToIOException(UnixException.java:92)
	at java.base/sun.nio.fs.UnixException.rethrowAsIOException(UnixException.java:106)
	at java.base/sun.nio.fs.UnixException.rethrowAsIOException(UnixException.java:111)
	at java.base/sun.nio.fs.UnixFileSystemProvider.newByteChannel(UnixFileSystemProvider.java:218)
	at java.base/java.nio.file.Files.newByteChannel(Files.java:380)
	at java.base/java.nio.file.Files.newByteChannel(Files.java:432)
	at java.base/java.nio.file.Files.readAllBytes(Files.java:3288)
	at scala.meta.internal.io.PlatformFileIO$.slurp(PlatformFileIO.scala:42)
	at scala.meta.internal.io.FileIO$.slurp(FileIO.scala:18)
	at scala.meta.internal.mtags.ScalametaCommonEnrichments$XtensionAbsolutePath.toInput(ScalametaCommonEnrichments.scala:465)
	at scala.meta.internal.mtags.Mtags.index(Mtags.scala:96)
	at scala.meta.internal.mtags.Mtags.allSymbols(Mtags.scala:21)
	at scala.meta.internal.mtags.SymbolIndexBucket.allSymbols(SymbolIndexBucket.scala:289)
	at scala.meta.internal.mtags.SymbolIndexBucket.addMtagsSourceFile(SymbolIndexBucket.scala:300)
	at scala.meta.internal.mtags.SymbolIndexBucket.addMtagsSourceFile(SymbolIndexBucket.scala:311)
	at scala.meta.internal.mtags.SymbolIndexBucket.$anonfun$query0$1(SymbolIndexBucket.scala:216)
	at scala.meta.internal.mtags.SymbolIndexBucket.$anonfun$query0$1$adapted(SymbolIndexBucket.scala:216)
	at scala.collection.immutable.Set$Set3.foreach(Set.scala:261)
	at scala.meta.internal.mtags.SymbolIndexBucket.query0(SymbolIndexBucket.scala:216)
	at scala.meta.internal.mtags.SymbolIndexBucket.$anonfun$query0$8(SymbolIndexBucket.scala:238)
	at scala.collection.immutable.List.flatMap(List.scala:294)
	at scala.meta.internal.mtags.SymbolIndexBucket.query0(SymbolIndexBucket.scala:238)
	at scala.meta.internal.mtags.SymbolIndexBucket.query(SymbolIndexBucket.scala:189)
	at scala.meta.internal.mtags.OnDemandSymbolIndex.$anonfun$findSymbolDefinition$1(OnDemandSymbolIndex.scala:142)
	at scala.collection.immutable.List.flatMap(List.scala:294)
	at scala.meta.internal.mtags.OnDemandSymbolIndex.findSymbolDefinition(OnDemandSymbolIndex.scala:142)
	at scala.meta.internal.mtags.OnDemandSymbolIndex.definition(OnDemandSymbolIndex.scala:48)
	at scala.meta.internal.metals.Docstrings.indexSymbol(Docstrings.scala:138)
	at scala.meta.internal.metals.Docstrings.documentation(Docstrings.scala:49)
	at scala.meta.internal.metals.MetalsSymbolSearch.documentation(MetalsSymbolSearch.scala:51)
	at scala.meta.internal.pc.JavaHoverProvider.documentation(JavaHoverProvider.scala:205)
	at scala.meta.internal.pc.JavaHoverProvider.$anonfun$hoverOffset$1(JavaHoverProvider.scala:72)
	at scala.Option.map(Option.scala:242)
	at scala.meta.internal.pc.JavaHoverProvider.hoverOffset(JavaHoverProvider.scala:68)
	at scala.meta.internal.pc.JavaHoverProvider.hover(JavaHoverProvider.scala:44)
	at scala.meta.internal.pc.JavaPresentationCompiler.hover(JavaPresentationCompiler.scala:77)
	at scala.meta.internal.metals.Compilers.$anonfun$hover$1(Compilers.scala:1023)
	at scala.meta.internal.metals.Compilers.$anonfun$withPCAndAdjustLsp$12(Compilers.scala:1509)
	at scala.Option.map(Option.scala:242)
	at scala.meta.internal.metals.Compilers.$anonfun$withPCAndAdjustLsp$10(Compilers.scala:1509)
	at scala.Option.flatMap(Option.scala:283)
	at scala.meta.internal.metals.Compilers.withPCAndAdjustLsp(Compilers.scala:1491)
	at scala.meta.internal.metals.Compilers.hover(Compilers.scala:1018)
	at scala.meta.internal.metals.MetalsLspService.$anonfun$hover$1(MetalsLspService.scala:949)
	at scala.meta.internal.metals.CancelTokens$.future(CancelTokens.scala:38)
	at scala.meta.internal.metals.MetalsLspService.hover(MetalsLspService.scala:947)
	at scala.meta.internal.metals.WorkspaceLspService.hover(WorkspaceLspService.scala:517)
	at scala.meta.metals.lsp.DelegatingScalaService.hover(DelegatingScalaService.scala:78)
	at jdk.internal.reflect.GeneratedMethodAccessor8.invoke(Unknown Source)
	at java.base/jdk.internal.reflect.DelegatingMethodAccessorImpl.invoke(DelegatingMethodAccessorImpl.java:43)
	at java.base/java.lang.reflect.Method.invoke(Method.java:569)
	at org.eclipse.lsp4j.jsonrpc.services.GenericEndpoint.lambda$recursiveFindRpcMethods$0(GenericEndpoint.java:65)
	at org.eclipse.lsp4j.jsonrpc.services.GenericEndpoint.request(GenericEndpoint.java:128)
	at org.eclipse.lsp4j.jsonrpc.RemoteEndpoint.handleRequest(RemoteEndpoint.java:271)
	at org.eclipse.lsp4j.jsonrpc.RemoteEndpoint.consume(RemoteEndpoint.java:201)
	at org.eclipse.lsp4j.jsonrpc.json.StreamMessageProducer.handleMessage(StreamMessageProducer.java:185)
	at org.eclipse.lsp4j.jsonrpc.json.StreamMessageProducer.listen(StreamMessageProducer.java:97)
	at org.eclipse.lsp4j.jsonrpc.json.ConcurrentMessageProcessor.run(ConcurrentMessageProcessor.java:114)
	at java.base/java.util.concurrent.Executors$RunnableAdapter.call(Executors.java:539)
	at java.base/java.util.concurrent.FutureTask.run(FutureTask.java:264)
	at java.base/java.util.concurrent.ThreadPoolExecutor.runWorker(ThreadPoolExecutor.java:1136)
	at java.base/java.util.concurrent.ThreadPoolExecutor$Worker.run(ThreadPoolExecutor.java:635)
	at java.base/java.lang.Thread.run(Thread.java:840)

2025.07.28 21:59:54 INFO  compiling root (10 java sources)[0m
2025.07.28 21:59:56 WARN  javac exited with exit code 1[0m
2025.07.28 21:59:56 INFO  time: compiled root in 1.4s[0m
2025.07.28 21:59:56 INFO  compiling root (10 java sources)[0m
2025.07.28 21:59:57 WARN  javac exited with exit code 1[0m
2025.07.28 21:59:57 INFO  time: compiled root in 1.04s[0m
2025.07.28 22:00:42 INFO  compiling root (4 scala sources and 11 java sources)[0m
2025.07.28 22:00:43 INFO  Error while emitting Routes.scala
assertion failed: bad position: [62:54] (full report at: "/home/bs01463/Desktop/java/play-3/.metals/.reports/bloop/2025-07-28/r_Error while emitting..._20-27-36-750.md")[0m
2025.07.28 22:00:43 INFO  Error while emitting Routes.scala
assertion failed: ClassBType.info not yet assigned: Lrouter/Routes... (full report at: "/home/bs01463/Desktop/java/play-3/.metals/.reports/bloop/2025-07-28/r_Error while emitting..._20-27-36-753.md")[0m
2025.07.28 22:00:43 INFO  time: compiled root in 1.17s[0m
2025.07.28 22:00:43 INFO  compiling root (6 scala sources and 5 java sources)[0m
2025.07.28 22:00:45 WARN  javac exited with exit code 1[0m
2025.07.28 22:00:45 INFO  time: compiled root in 1.95s[0m
2025.07.28 22:01:07 INFO  compiling root (6 scala sources and 5 java sources)[0m
2025.07.28 22:01:11 WARN  javac exited with exit code 1[0m
2025.07.28 22:01:11 INFO  time: compiled root in 3.52s[0m
2025.07.28 22:01:25 INFO  compiling root (10 java sources)[0m
2025.07.28 22:01:27 WARN  javac exited with exit code 1[0m
2025.07.28 22:01:27 INFO  time: compiled root in 1.57s[0m
2025.07.28 22:01:27 INFO  compiling root (6 scala sources and 5 java sources)[0m
2025.07.28 22:01:29 WARN  javac exited with exit code 1[0m
2025.07.28 22:01:29 INFO  time: compiled root in 2.54s[0m
Jul 28, 2025 10:01:35 PM org.eclipse.lsp4j.jsonrpc.RemoteEndpoint handleCancellation
WARNING: Unmatched cancel notification for request id 12103
2025.07.28 22:01:35 INFO  compiling root (6 scala sources and 5 java sources)[0m
2025.07.28 22:01:39 WARN  javac exited with exit code 1[0m
2025.07.28 22:01:39 INFO  time: compiled root in 3.38s[0m
2025.07.28 22:01:56 INFO  compiling root (6 scala sources and 5 java sources)[0m
2025.07.28 22:02:00 WARN  javac exited with exit code 1[0m
2025.07.28 22:02:00 INFO  time: compiled root in 3.56s[0m
2025.07.28 22:02:07 INFO  compiling root (10 java sources)[0m
2025.07.28 22:02:09 WARN  javac exited with exit code 1[0m
2025.07.28 22:02:09 INFO  time: compiled root in 1.4s[0m
2025.07.28 22:02:09 INFO  compiling root (6 scala sources and 5 java sources)[0m
2025.07.28 22:02:11 WARN  javac exited with exit code 1[0m
2025.07.28 22:02:11 INFO  time: compiled root in 2.25s[0m
2025.07.28 22:02:51 INFO  compiling root (6 scala sources and 4 java sources)[0m
2025.07.28 22:02:55 WARN  javac exited with exit code 1[0m
2025.07.28 22:02:55 INFO  time: compiled root in 3.89s[0m
2025.07.28 22:03:04 INFO  compiling root (10 java sources)[0m
2025.07.28 22:03:05 WARN  javac exited with exit code 1[0m
2025.07.28 22:03:05 INFO  time: compiled root in 1.48s[0m
2025.07.28 22:03:05 INFO  compiling root (6 scala sources and 4 java sources)[0m
2025.07.28 22:03:07 WARN  javac exited with exit code 1[0m
2025.07.28 22:03:07 INFO  time: compiled root in 2.13s[0m
2025.07.29 10:44:28 INFO  Found a Bloop server running[0m
2025.07.29 10:44:28 INFO  tracing is disabled for protocol BSP, to enable tracing of incoming and outgoing JSON messages create an empty file at /home/bs01463/Desktop/java/play-3/.metals/bsp.trace.json or /home/bs01463/.cache/metals/bsp.trace.json[0m
2025.07.29 10:44:28 INFO  Connected to Build server: Bloop v2.0.10[0m
2025.07.29 10:44:28 INFO  time: Imported build in 0.16s[0m
2025.07.29 10:44:32 INFO  QDox parse error in file:///home/bs01463/Desktop/java/play-3/app/repositories/ProductRepository.java (full report at: "/home/bs01463/Desktop/java/play-3/.metals/.reports/metals-full/2025-07-28/r_qdox-error_(root)_18-08-05-046.md")[0m
2025.07.29 10:44:32 INFO  QDox parse error in file:///home/bs01463/Desktop/java/play-3/app/models/Product.java (full report at: "/home/bs01463/Desktop/java/play-3/.metals/.reports/metals-full/2025-07-28/r_qdox-error_(root)_20-16-56-182.md")[0m
2025.07.29 10:44:32 WARN  Could not find java sources in /usr/lib/jvm/src.zip, /usr/lib/jvm/lib/src.zip, /usr/lib/jvm/java-17-openjdk-amd64/src.zip, /usr/lib/jvm/java-17-openjdk-amd64/lib/src.zip. Java symbols will not be available.[0m
2025.07.29 10:44:32 INFO  time: indexed workspace in 4.26s[0m
2025.07.29 10:44:33 INFO  compiling root (6 scala sources and 4 java sources)[0m
2025.07.29 10:44:36 WARN  javac exited with exit code 1[0m
2025.07.29 10:44:36 INFO  time: compiled root in 3.36s[0m
2025.07.29 11:09:16 INFO  compiling root (6 scala sources and 4 java sources)[0m
2025.07.29 11:09:20 WARN  javac exited with exit code 1[0m
2025.07.29 11:09:20 INFO  time: compiled root in 3.71s[0m
2025.07.29 11:09:35 INFO  compiling root (6 scala sources and 4 java sources)[0m
2025.07.29 11:09:38 WARN  javac exited with exit code 1[0m
2025.07.29 11:09:38 INFO  time: compiled root in 3.58s[0m
2025.07.29 11:10:01 INFO  compiling root (6 scala sources and 4 java sources)[0m
2025.07.29 11:10:04 WARN  javac exited with exit code 1[0m
2025.07.29 11:10:04 INFO  time: compiled root in 3.45s[0m
Jul 29, 2025 11:10:12 AM org.eclipse.lsp4j.jsonrpc.RemoteEndpoint handleCancellation
WARNING: Unmatched cancel notification for request id 12457
2025.07.29 11:10:17 INFO  compiling root (6 scala sources and 4 java sources)[0m
2025.07.29 11:10:20 WARN  javac exited with exit code 1[0m
2025.07.29 11:10:20 INFO  time: compiled root in 3.51s[0m
2025.07.29 11:11:07 INFO  compiling root (6 scala sources and 3 java sources)[0m
2025.07.29 11:11:11 WARN  javac exited with exit code 1[0m
2025.07.29 11:11:11 WARN  Invalid text document uri received from build server: file:///home/bs01463/Desktop/java/play-3/app/repositories/ProductRepository.java[0m
2025.07.29 11:11:11 INFO  time: compiled root in 3.72s[0m
2025.07.29 11:11:18 INFO  compiling root (6 scala sources and 2 java sources)[0m
2025.07.29 11:11:22 WARN  javac exited with exit code 1[0m
2025.07.29 11:11:22 INFO  time: compiled root in 3.42s[0m
2025.07.29 11:11:26 INFO  compiling root (6 scala sources and 1 java source)[0m
2025.07.29 11:11:26 WARN  Invalid text document uri received from build server: file:///home/bs01463/Desktop/java/play-3/app/controllers/ProductController.java[0m
2025.07.29 11:11:26 INFO  time: compiled root in 0.51s[0m
2025.07.29 11:11:37 INFO  compiling root (6 scala sources)[0m
2025.07.29 11:11:37 INFO  time: compiled root in 0.45s[0m
2025.07.29 11:13:35 INFO  compiling root (4 scala sources and 7 java sources)[0m
2025.07.29 11:13:37 WARN  javac exited with exit code 1[0m
2025.07.29 11:13:37 INFO  time: compiled root in 2.51s[0m
2025.07.29 11:13:37 INFO  compiling root (11 scala sources and 7 java sources)[0m
2025.07.29 11:13:41 INFO  time: compiled root in 3.33s[0m
2025.07.29 11:13:41 INFO  compiling root (1 scala source and 1 java source)[0m
2025.07.29 11:13:43 INFO  compiling root-test (2 java sources)[0m
2025.07.29 11:13:43 INFO  time: compiled root in 2.12s[0m
2025.07.29 11:13:43 WARN  javac exited with exit code 1[0m
2025.07.29 11:13:43 INFO  time: compiled root-test in 0.84s[0m
2025.07.29 11:14:10 INFO  No project associated with Uri(file:<WORKSPACE>/project/?id=play-3-build) (full report at: "/home/bs01463/Desktop/java/play-3/.metals/.reports/bloop/2025-07-28/r_No project associate..._16-49-36-581.md")[0m
2025.07.29 11:14:10 INFO  Bloop should support `buildTarget/jvmRunEnvironment`, but it fails.
org.eclipse.lsp4j.jsonrpc.ResponseErrorException: No project associated with Uri(file:/home/bs01463/Desktop/java/play-3/project/?id=play-3-build)
	at org.eclipse.lsp4j.jsonrpc.RemoteEndpoint.handleResponse(RemoteEndpoint.java:220)
	at org.eclipse.lsp4j.jsonrpc.RemoteEndpoint.consume(RemoteEndpoint.java:204)
	at org.eclipse.lsp4j.jsonrpc.json.StreamMessageProducer.handleMessage(StreamMessageProducer.java:185)
	at org.eclipse.lsp4j.jsonrpc.json.StreamMessageProducer.listen(StreamMessageProducer.java:97)
	at org.eclipse.lsp4j.jsonrpc.json.ConcurrentMessageProcessor.run(ConcurrentMessageProcessor.java:114)
	at java.util.concurrent.Executors$RunnableAdapter.call(Executors.java:539)
	at java.util.concurrent.FutureTask.run(FutureTask.java:264)
	at java.util.concurrent.ThreadPoolExecutor.runWorker(ThreadPoolExecutor.java:1136)
	at java.util.concurrent.ThreadPoolExecutor$Worker.run(ThreadPoolExecutor.java:635)
	at java.lang.Thread.run(Thread.java:840)
[0m
2025.07.29 11:15:57 INFO  Created report: Optional.empty[0m
2025.07.29 11:15:57 INFO  No project associated with Uri(file:<WORKSPACE>/project/project/?id=play-3-build-build) (full report at: "/home/bs01463/Desktop/java/play-3/.metals/.reports/bloop/2025-07-29/r_No project associate..._11-15-57-820.md")[0m
2025.07.29 11:15:57 INFO  No project associated with Uri(file:<WORKSPACE>/project/project/?id=play-3-build-build) (full report at: "/home/bs01463/Desktop/java/play-3/.metals/.reports/bloop/2025-07-29/r_No project associate..._11-15-57-820.md")[0m
2025.07.29 11:15:57 INFO  No project associated with Uri(file:<WORKSPACE>/project/project/?id=play-3-build-build) (full report at: "/home/bs01463/Desktop/java/play-3/.metals/.reports/bloop/2025-07-29/r_No project associate..._11-15-57-820.md")[0m
2025.07.29 11:16:30 INFO  No project associated with Uri(file:<WORKSPACE>/project/project/?id=play-3-build-build) (full report at: "/home/bs01463/Desktop/java/play-3/.metals/.reports/bloop/2025-07-29/r_No project associate..._11-15-57-820.md")[0m
2025.07.29 11:16:30 INFO  Bloop should support `buildTarget/jvmRunEnvironment`, but it fails.
org.eclipse.lsp4j.jsonrpc.ResponseErrorException: No project associated with Uri(file:/home/bs01463/Desktop/java/play-3/project/project/?id=play-3-build-build)
	at org.eclipse.lsp4j.jsonrpc.RemoteEndpoint.handleResponse(RemoteEndpoint.java:220)
	at org.eclipse.lsp4j.jsonrpc.RemoteEndpoint.consume(RemoteEndpoint.java:204)
	at org.eclipse.lsp4j.jsonrpc.json.StreamMessageProducer.handleMessage(StreamMessageProducer.java:185)
	at org.eclipse.lsp4j.jsonrpc.json.StreamMessageProducer.listen(StreamMessageProducer.java:97)
	at org.eclipse.lsp4j.jsonrpc.json.ConcurrentMessageProcessor.run(ConcurrentMessageProcessor.java:114)
	at java.util.concurrent.Executors$RunnableAdapter.call(Executors.java:539)
	at java.util.concurrent.FutureTask.run(FutureTask.java:264)
	at java.util.concurrent.ThreadPoolExecutor.runWorker(ThreadPoolExecutor.java:1136)
	at java.util.concurrent.ThreadPoolExecutor$Worker.run(ThreadPoolExecutor.java:635)
	at java.lang.Thread.run(Thread.java:840)
[0m
2025.07.29 11:17:12 INFO  No project associated with Uri(file:<WORKSPACE>/project/project/?id=play-3-build-build) (full report at: "/home/bs01463/Desktop/java/play-3/.metals/.reports/bloop/2025-07-29/r_No project associate..._11-15-57-820.md")[0m
2025.07.29 11:17:12 INFO  Bloop should support `buildTarget/jvmRunEnvironment`, but it fails.
org.eclipse.lsp4j.jsonrpc.ResponseErrorException: No project associated with Uri(file:/home/bs01463/Desktop/java/play-3/project/project/?id=play-3-build-build)
	at org.eclipse.lsp4j.jsonrpc.RemoteEndpoint.handleResponse(RemoteEndpoint.java:220)
	at org.eclipse.lsp4j.jsonrpc.RemoteEndpoint.consume(RemoteEndpoint.java:204)
	at org.eclipse.lsp4j.jsonrpc.json.StreamMessageProducer.handleMessage(StreamMessageProducer.java:185)
	at org.eclipse.lsp4j.jsonrpc.json.StreamMessageProducer.listen(StreamMessageProducer.java:97)
	at org.eclipse.lsp4j.jsonrpc.json.ConcurrentMessageProcessor.run(ConcurrentMessageProcessor.java:114)
	at java.util.concurrent.Executors$RunnableAdapter.call(Executors.java:539)
	at java.util.concurrent.FutureTask.run(FutureTask.java:264)
	at java.util.concurrent.ThreadPoolExecutor.runWorker(ThreadPoolExecutor.java:1136)
	at java.util.concurrent.ThreadPoolExecutor$Worker.run(ThreadPoolExecutor.java:635)
	at java.lang.Thread.run(Thread.java:840)
[0m
2025.07.29 11:17:15 INFO  No project associated with Uri(file:<WORKSPACE>/project/project/?id=play-3-build-build) (full report at: "/home/bs01463/Desktop/java/play-3/.metals/.reports/bloop/2025-07-29/r_No project associate..._11-15-57-820.md")[0m
2025.07.29 11:17:15 INFO  Bloop should support `buildTarget/jvmRunEnvironment`, but it fails.
org.eclipse.lsp4j.jsonrpc.ResponseErrorException: No project associated with Uri(file:/home/bs01463/Desktop/java/play-3/project/project/?id=play-3-build-build)
	at org.eclipse.lsp4j.jsonrpc.RemoteEndpoint.handleResponse(RemoteEndpoint.java:220)
	at org.eclipse.lsp4j.jsonrpc.RemoteEndpoint.consume(RemoteEndpoint.java:204)
	at org.eclipse.lsp4j.jsonrpc.json.StreamMessageProducer.handleMessage(StreamMessageProducer.java:185)
	at org.eclipse.lsp4j.jsonrpc.json.StreamMessageProducer.listen(StreamMessageProducer.java:97)
	at org.eclipse.lsp4j.jsonrpc.json.ConcurrentMessageProcessor.run(ConcurrentMessageProcessor.java:114)
	at java.util.concurrent.Executors$RunnableAdapter.call(Executors.java:539)
	at java.util.concurrent.FutureTask.run(FutureTask.java:264)
	at java.util.concurrent.ThreadPoolExecutor.runWorker(ThreadPoolExecutor.java:1136)
	at java.util.concurrent.ThreadPoolExecutor$Worker.run(ThreadPoolExecutor.java:635)
	at java.lang.Thread.run(Thread.java:840)
[0m
2025.07.29 11:17:15 INFO  No project associated with Uri(file:<WORKSPACE>/project/project/?id=play-3-build-build) (full report at: "/home/bs01463/Desktop/java/play-3/.metals/.reports/bloop/2025-07-29/r_No project associate..._11-15-57-820.md")[0m
2025.07.29 11:17:15 INFO  Bloop should support `buildTarget/jvmRunEnvironment`, but it fails.
org.eclipse.lsp4j.jsonrpc.ResponseErrorException: No project associated with Uri(file:/home/bs01463/Desktop/java/play-3/project/project/?id=play-3-build-build)
	at org.eclipse.lsp4j.jsonrpc.RemoteEndpoint.handleResponse(RemoteEndpoint.java:220)
	at org.eclipse.lsp4j.jsonrpc.RemoteEndpoint.consume(RemoteEndpoint.java:204)
	at org.eclipse.lsp4j.jsonrpc.json.StreamMessageProducer.handleMessage(StreamMessageProducer.java:185)
	at org.eclipse.lsp4j.jsonrpc.json.StreamMessageProducer.listen(StreamMessageProducer.java:97)
	at org.eclipse.lsp4j.jsonrpc.json.ConcurrentMessageProcessor.run(ConcurrentMessageProcessor.java:114)
	at java.util.concurrent.Executors$RunnableAdapter.call(Executors.java:539)
	at java.util.concurrent.FutureTask.run(FutureTask.java:264)
	at java.util.concurrent.ThreadPoolExecutor.runWorker(ThreadPoolExecutor.java:1136)
	at java.util.concurrent.ThreadPoolExecutor$Worker.run(ThreadPoolExecutor.java:635)
	at java.lang.Thread.run(Thread.java:840)
[0m
2025.07.29 11:17:16 INFO  No project associated with Uri(file:<WORKSPACE>/project/project/?id=play-3-build-build) (full report at: "/home/bs01463/Desktop/java/play-3/.metals/.reports/bloop/2025-07-29/r_No project associate..._11-15-57-820.md")[0m
2025.07.29 11:17:16 INFO  No project associated with Uri(file:<WORKSPACE>/project/project/?id=play-3-build-build) (full report at: "/home/bs01463/Desktop/java/play-3/.metals/.reports/bloop/2025-07-29/r_No project associate..._11-15-57-820.md")[0m
2025.07.29 11:17:16 INFO  No project associated with Uri(file:<WORKSPACE>/project/project/?id=play-3-build-build) (full report at: "/home/bs01463/Desktop/java/play-3/.metals/.reports/bloop/2025-07-29/r_No project associate..._11-15-57-820.md")[0m
2025.07.29 11:17:16 INFO  No project associated with Uri(file:<WORKSPACE>/project/project/?id=play-3-build-build) (full report at: "/home/bs01463/Desktop/java/play-3/.metals/.reports/bloop/2025-07-29/r_No project associate..._11-15-57-820.md")[0m
2025.07.29 11:17:16 INFO  Bloop should support `buildTarget/jvmRunEnvironment`, but it fails.
org.eclipse.lsp4j.jsonrpc.ResponseErrorException: No project associated with Uri(file:/home/bs01463/Desktop/java/play-3/project/project/?id=play-3-build-build)
	at org.eclipse.lsp4j.jsonrpc.RemoteEndpoint.handleResponse(RemoteEndpoint.java:220)
	at org.eclipse.lsp4j.jsonrpc.RemoteEndpoint.consume(RemoteEndpoint.java:204)
	at org.eclipse.lsp4j.jsonrpc.json.StreamMessageProducer.handleMessage(StreamMessageProducer.java:185)
	at org.eclipse.lsp4j.jsonrpc.json.StreamMessageProducer.listen(StreamMessageProducer.java:97)
	at org.eclipse.lsp4j.jsonrpc.json.ConcurrentMessageProcessor.run(ConcurrentMessageProcessor.java:114)
	at java.util.concurrent.Executors$RunnableAdapter.call(Executors.java:539)
	at java.util.concurrent.FutureTask.run(FutureTask.java:264)
	at java.util.concurrent.ThreadPoolExecutor.runWorker(ThreadPoolExecutor.java:1136)
	at java.util.concurrent.ThreadPoolExecutor$Worker.run(ThreadPoolExecutor.java:635)
	at java.lang.Thread.run(Thread.java:840)
[0m
Jul 29, 2025 11:17:19 AM scala.meta.internal.pc.CompletionProvider expected$1
WARNING: offset 815, count -1, length 899
2025.07.29 11:17:19 INFO  No project associated with Uri(file:<WORKSPACE>/project/project/?id=play-3-build-build) (full report at: "/home/bs01463/Desktop/java/play-3/.metals/.reports/bloop/2025-07-29/r_No project associate..._11-15-57-820.md")[0m
2025.07.29 11:17:19 INFO  Bloop should support `buildTarget/jvmRunEnvironment`, but it fails.
org.eclipse.lsp4j.jsonrpc.ResponseErrorException: No project associated with Uri(file:/home/bs01463/Desktop/java/play-3/project/project/?id=play-3-build-build)
	at org.eclipse.lsp4j.jsonrpc.RemoteEndpoint.handleResponse(RemoteEndpoint.java:220)
	at org.eclipse.lsp4j.jsonrpc.RemoteEndpoint.consume(RemoteEndpoint.java:204)
	at org.eclipse.lsp4j.jsonrpc.json.StreamMessageProducer.handleMessage(StreamMessageProducer.java:185)
	at org.eclipse.lsp4j.jsonrpc.json.StreamMessageProducer.listen(StreamMessageProducer.java:97)
	at org.eclipse.lsp4j.jsonrpc.json.ConcurrentMessageProcessor.run(ConcurrentMessageProcessor.java:114)
	at java.util.concurrent.Executors$RunnableAdapter.call(Executors.java:539)
	at java.util.concurrent.FutureTask.run(FutureTask.java:264)
	at java.util.concurrent.ThreadPoolExecutor.runWorker(ThreadPoolExecutor.java:1136)
	at java.util.concurrent.ThreadPoolExecutor$Worker.run(ThreadPoolExecutor.java:635)
	at java.lang.Thread.run(Thread.java:840)
[0m
2025.07.29 11:17:22 INFO  No project associated with Uri(file:<WORKSPACE>/project/project/?id=play-3-build-build) (full report at: "/home/bs01463/Desktop/java/play-3/.metals/.reports/bloop/2025-07-29/r_No project associate..._11-15-57-820.md")[0m
2025.07.29 11:17:22 INFO  Bloop should support `buildTarget/jvmRunEnvironment`, but it fails.
org.eclipse.lsp4j.jsonrpc.ResponseErrorException: No project associated with Uri(file:/home/bs01463/Desktop/java/play-3/project/project/?id=play-3-build-build)
	at org.eclipse.lsp4j.jsonrpc.RemoteEndpoint.handleResponse(RemoteEndpoint.java:220)
	at org.eclipse.lsp4j.jsonrpc.RemoteEndpoint.consume(RemoteEndpoint.java:204)
	at org.eclipse.lsp4j.jsonrpc.json.StreamMessageProducer.handleMessage(StreamMessageProducer.java:185)
	at org.eclipse.lsp4j.jsonrpc.json.StreamMessageProducer.listen(StreamMessageProducer.java:97)
	at org.eclipse.lsp4j.jsonrpc.json.ConcurrentMessageProcessor.run(ConcurrentMessageProcessor.java:114)
	at java.util.concurrent.Executors$RunnableAdapter.call(Executors.java:539)
	at java.util.concurrent.FutureTask.run(FutureTask.java:264)
	at java.util.concurrent.ThreadPoolExecutor.runWorker(ThreadPoolExecutor.java:1136)
	at java.util.concurrent.ThreadPoolExecutor$Worker.run(ThreadPoolExecutor.java:635)
	at java.lang.Thread.run(Thread.java:840)
[0m
2025.07.29 11:24:49 INFO  compiling root (1 java source)[0m
2025.07.29 11:24:51 INFO  compiling root-test (2 java sources)[0m
2025.07.29 11:24:51 INFO  time: compiled root in 1.92s[0m
2025.07.29 11:24:53 WARN  javac exited with exit code 1[0m
2025.07.29 11:24:53 INFO  time: compiled root-test in 1.59s[0m
Jul 29, 2025 11:30:15 AM org.eclipse.lsp4j.jsonrpc.RemoteEndpoint handleCancellation
WARNING: Unmatched cancel notification for request id 13045
2025.07.29 11:30:47 INFO  compiling root (1 java source)[0m
2025.07.29 11:30:47 WARN  javac exited with exit code 1[0m
2025.07.29 11:30:47 INFO  time: compiled root in 0.81s[0m
2025.07.29 11:30:49 INFO  file:///home/bs01463/Desktop/java/play-3/app/controllers/CategoryController.java:71:31: stale bloop error:  error: unclosed character literal
        categoryInfo.setImage('ABC')
                              ^[0m
2025.07.29 11:30:49 INFO  file:///home/bs01463/Desktop/java/play-3/app/controllers/CategoryController.java:71:35: stale bloop error:  error: unclosed character literal
        categoryInfo.setImage('ABC')
                                  ^[0m
2025.07.29 11:30:49 INFO  file:///home/bs01463/Desktop/java/play-3/app/controllers/CategoryController.java:71:33: stale bloop error:  error: not a statement
        categoryInfo.setImage('ABC')
                                ^[0m
2025.07.29 11:30:49 INFO  compiling root (1 java source)[0m
2025.07.29 11:30:49 WARN  javac exited with exit code 1[0m
2025.07.29 11:30:49 INFO  time: compiled root in 0.8s[0m
2025.07.29 11:31:11 INFO  file:///home/bs01463/Desktop/java/play-3/app/controllers/CategoryController.java:71:31: stale bloop error:  error: unclosed character literal
        categoryInfo.setImage('ABC');
                              ^[0m
2025.07.29 11:31:11 INFO  file:///home/bs01463/Desktop/java/play-3/app/controllers/CategoryController.java:71:35: stale bloop error:  error: unclosed character literal
        categoryInfo.setImage('ABC');
                                  ^[0m
2025.07.29 11:31:11 INFO  file:///home/bs01463/Desktop/java/play-3/app/controllers/CategoryController.java:71:33: stale bloop error:  error: not a statement
        categoryInfo.setImage('ABC');
                                ^[0m
2025.07.29 11:31:13 INFO  file:///home/bs01463/Desktop/java/play-3/app/controllers/CategoryController.java:71:31: stale bloop error:  error: unclosed character literal
        categoryInfo.setImage('ABC');
                              ^[0m
2025.07.29 11:31:13 INFO  file:///home/bs01463/Desktop/java/play-3/app/controllers/CategoryController.java:71:35: stale bloop error:  error: unclosed character literal
        categoryInfo.setImage('ABC');
                                  ^[0m
2025.07.29 11:31:13 INFO  file:///home/bs01463/Desktop/java/play-3/app/controllers/CategoryController.java:71:33: stale bloop error:  error: not a statement
        categoryInfo.setImage('ABC');
                                ^[0m
2025.07.29 11:31:15 INFO  file:///home/bs01463/Desktop/java/play-3/app/controllers/CategoryController.java:71:31: stale bloop error:  error: unclosed character literal
        categoryInfo.setImage('ABC');
                              ^[0m
2025.07.29 11:31:15 INFO  file:///home/bs01463/Desktop/java/play-3/app/controllers/CategoryController.java:71:35: stale bloop error:  error: unclosed character literal
        categoryInfo.setImage('ABC');
                                  ^[0m
2025.07.29 11:31:15 INFO  file:///home/bs01463/Desktop/java/play-3/app/controllers/CategoryController.java:71:33: stale bloop error:  error: not a statement
        categoryInfo.setImage('ABC');
                                ^[0m
2025.07.29 11:31:16 INFO  compiling root (1 java source)[0m
2025.07.29 11:31:18 INFO  compiling root-test (2 java sources)[0m
2025.07.29 11:31:18 INFO  time: compiled root in 1.93s[0m
2025.07.29 11:31:20 WARN  javac exited with exit code 1[0m
2025.07.29 11:31:20 INFO  time: compiled root-test in 1.56s[0m
Jul 29, 2025 11:32:08 AM org.eclipse.lsp4j.jsonrpc.RemoteEndpoint handleCancellation
WARNING: Unmatched cancel notification for request id 13258
Jul 29, 2025 11:32:08 AM org.eclipse.lsp4j.jsonrpc.RemoteEndpoint handleCancellation
WARNING: Unmatched cancel notification for request id 13265
Jul 29, 2025 11:32:09 AM org.eclipse.lsp4j.jsonrpc.RemoteEndpoint handleCancellation
WARNING: Unmatched cancel notification for request id 13268
Jul 29, 2025 11:32:09 AM org.eclipse.lsp4j.jsonrpc.RemoteEndpoint handleCancellation
WARNING: Unmatched cancel notification for request id 13277
Jul 29, 2025 11:32:09 AM org.eclipse.lsp4j.jsonrpc.RemoteEndpoint handleCancellation
WARNING: Unmatched cancel notification for request id 13271
Jul 29, 2025 11:32:09 AM org.eclipse.lsp4j.jsonrpc.RemoteEndpoint handleCancellation
WARNING: Unmatched cancel notification for request id 13275
Jul 29, 2025 11:32:09 AM org.eclipse.lsp4j.jsonrpc.RemoteEndpoint handleCancellation
WARNING: Unmatched cancel notification for request id 13279
Jul 29, 2025 11:32:09 AM org.eclipse.lsp4j.jsonrpc.RemoteEndpoint handleCancellation
WARNING: Unmatched cancel notification for request id 13278
Jul 29, 2025 11:32:10 AM org.eclipse.lsp4j.jsonrpc.RemoteEndpoint handleCancellation
WARNING: Unmatched cancel notification for request id 13283
Jul 29, 2025 11:32:10 AM org.eclipse.lsp4j.jsonrpc.RemoteEndpoint handleCancellation
WARNING: Unmatched cancel notification for request id 13281
Jul 29, 2025 11:32:10 AM org.eclipse.lsp4j.jsonrpc.RemoteEndpoint handleCancellation
WARNING: Unmatched cancel notification for request id 13286
Jul 29, 2025 11:32:10 AM org.eclipse.lsp4j.jsonrpc.RemoteEndpoint handleCancellation
WARNING: Unmatched cancel notification for request id 13291
Jul 29, 2025 11:32:10 AM org.eclipse.lsp4j.jsonrpc.RemoteEndpoint handleCancellation
WARNING: Unmatched cancel notification for request id 13289
Jul 29, 2025 11:32:11 AM org.eclipse.lsp4j.jsonrpc.RemoteEndpoint handleCancellation
WARNING: Unmatched cancel notification for request id 13297
Jul 29, 2025 11:32:11 AM org.eclipse.lsp4j.jsonrpc.RemoteEndpoint handleCancellation
WARNING: Unmatched cancel notification for request id 13299
Jul 29, 2025 11:32:12 AM org.eclipse.lsp4j.jsonrpc.RemoteEndpoint handleCancellation
WARNING: Unmatched cancel notification for request id 13302
Jul 29, 2025 11:32:12 AM org.eclipse.lsp4j.jsonrpc.RemoteEndpoint handleCancellation
WARNING: Unmatched cancel notification for request id 13304
Jul 29, 2025 11:32:12 AM org.eclipse.lsp4j.jsonrpc.RemoteEndpoint handleCancellation
WARNING: Unmatched cancel notification for request id 13309
Jul 29, 2025 11:32:15 AM org.eclipse.lsp4j.jsonrpc.RemoteEndpoint handleCancellation
WARNING: Unmatched cancel notification for request id 13330
Jul 29, 2025 11:32:15 AM org.eclipse.lsp4j.jsonrpc.RemoteEndpoint handleCancellation
WARNING: Unmatched cancel notification for request id 13329
Jul 29, 2025 11:32:15 AM org.eclipse.lsp4j.jsonrpc.RemoteEndpoint handleCancellation
WARNING: Unmatched cancel notification for request id 13334
Jul 29, 2025 11:32:16 AM org.eclipse.lsp4j.jsonrpc.RemoteEndpoint handleCancellation
WARNING: Unmatched cancel notification for request id 13338
Jul 29, 2025 11:32:16 AM org.eclipse.lsp4j.jsonrpc.RemoteEndpoint handleCancellation
WARNING: Unmatched cancel notification for request id 13337
Jul 29, 2025 11:32:16 AM org.eclipse.lsp4j.jsonrpc.RemoteEndpoint handleCancellation
WARNING: Unmatched cancel notification for request id 13342
Jul 29, 2025 11:32:16 AM org.eclipse.lsp4j.jsonrpc.RemoteEndpoint handleCancellation
WARNING: Unmatched cancel notification for request id 13343
Jul 29, 2025 11:32:16 AM org.eclipse.lsp4j.jsonrpc.RemoteEndpoint handleCancellation
WARNING: Unmatched cancel notification for request id 13346
Jul 29, 2025 11:32:17 AM org.eclipse.lsp4j.jsonrpc.RemoteEndpoint handleCancellation
WARNING: Unmatched cancel notification for request id 13349
Jul 29, 2025 11:32:17 AM org.eclipse.lsp4j.jsonrpc.RemoteEndpoint handleCancellation
WARNING: Unmatched cancel notification for request id 13355
Jul 29, 2025 11:32:17 AM org.eclipse.lsp4j.jsonrpc.RemoteEndpoint handleCancellation
WARNING: Unmatched cancel notification for request id 13348
Jul 29, 2025 11:32:17 AM org.eclipse.lsp4j.jsonrpc.RemoteEndpoint handleCancellation
WARNING: Unmatched cancel notification for request id 13353
Jul 29, 2025 11:32:17 AM org.eclipse.lsp4j.jsonrpc.RemoteEndpoint handleCancellation
WARNING: Unmatched cancel notification for request id 13358
2025.07.29 11:32:35 INFO  compiling root (1 java source)[0m
2025.07.29 11:32:36 INFO  compiling root-test (2 java sources)[0m
2025.07.29 11:32:36 INFO  time: compiled root in 1.82s[0m
2025.07.29 11:32:38 WARN  javac exited with exit code 1[0m
2025.07.29 11:32:38 INFO  time: compiled root-test in 1.57s[0m
Jul 29, 2025 11:34:59 AM org.eclipse.lsp4j.jsonrpc.services.GenericEndpoint notify
INFO: Unsupported notification method: $/setTrace
2025.07.29 11:42:48 INFO  Shutting down server[0m
2025.07.29 11:42:48 INFO  shutting down Metals[0m
2025.07.29 11:42:48 INFO  Shut down connection with build server.[0m
2025.07.29 11:42:48 INFO  Shut down connection with build server.[0m
2025.07.29 11:42:48 INFO  Shut down connection with build server.[0m
java.util.concurrent.RejectedExecutionException: Task Future(<not completed>) rejected from java.util.concurrent.ThreadPoolExecutor@405910cc[Shutting down, pool size = 6, active threads = 1, queued tasks = 0, completed tasks = 289768]
	at java.base/java.util.concurrent.ThreadPoolExecutor$AbortPolicy.rejectedExecution(ThreadPoolExecutor.java:2065)
	at java.base/java.util.concurrent.ThreadPoolExecutor.reject(ThreadPoolExecutor.java:833)
	at java.base/java.util.concurrent.ThreadPoolExecutor.execute(ThreadPoolExecutor.java:1365)
	at scala.concurrent.impl.ExecutionContextImpl.execute(ExecutionContextImpl.scala:21)
	at scala.concurrent.impl.Promise$Transformation.submitWithValue(Promise.scala:429)
	at scala.concurrent.impl.Promise$DefaultPromise.submitWithValue(Promise.scala:335)
	at scala.concurrent.impl.Promise$DefaultPromise.tryComplete0(Promise.scala:285)
	at scala.concurrent.impl.Promise$DefaultPromise.tryComplete(Promise.scala:278)
	at scala.meta.internal.metals.BatchedFunction.$anonfun$runRelease$8(BatchedFunction.scala:149)
	at scala.meta.internal.metals.BatchedFunction.$anonfun$runRelease$8$adapted(BatchedFunction.scala:149)
	at scala.concurrent.impl.Promise$Transformation.run(Promise.scala:484)
	at java.base/java.util.concurrent.ThreadPoolExecutor.runWorker(ThreadPoolExecutor.java:1136)
	at java.base/java.util.concurrent.ThreadPoolExecutor$Worker.run(ThreadPoolExecutor.java:635)
	at java.base/java.lang.Thread.run(Thread.java:840)
java.util.concurrent.RejectedExecutionException: Task Future(<not completed>) rejected from java.util.concurrent.ThreadPoolExecutor@405910cc[Shutting down, pool size = 1, active threads = 1, queued tasks = 0, completed tasks = 289768]
	at java.base/java.util.concurrent.ThreadPoolExecutor$AbortPolicy.rejectedExecution(ThreadPoolExecutor.java:2065)
	at java.base/java.util.concurrent.ThreadPoolExecutor.reject(ThreadPoolExecutor.java:833)
	at java.base/java.util.concurrent.ThreadPoolExecutor.execute(ThreadPoolExecutor.java:1365)
	at scala.concurrent.impl.ExecutionContextImpl.execute(ExecutionContextImpl.scala:21)
	at scala.concurrent.impl.Promise$Transformation.submitWithValue(Promise.scala:429)
	at scala.concurrent.impl.Promise$DefaultPromise.submitWithValue(Promise.scala:338)
	at scala.concurrent.impl.Promise$DefaultPromise.tryComplete0(Promise.scala:285)
	at scala.concurrent.impl.Promise$DefaultPromise.tryComplete(Promise.scala:278)
	at scala.meta.internal.metals.BatchedFunction.$anonfun$runRelease$8(BatchedFunction.scala:149)
	at scala.meta.internal.metals.BatchedFunction.$anonfun$runRelease$8$adapted(BatchedFunction.scala:149)
	at scala.concurrent.impl.Promise$Transformation.run(Promise.scala:484)
	at java.base/java.util.concurrent.ThreadPoolExecutor.runWorker(ThreadPoolExecutor.java:1136)
	at java.base/java.util.concurrent.ThreadPoolExecutor$Worker.run(ThreadPoolExecutor.java:635)
	at java.base/java.lang.Thread.run(Thread.java:840)
